[2026-06-23 14:19:06] production.DEBUG: BackgroundTasks: found 4 schedule event(s)  
[2026-06-23 14:19:06] production.INFO: SchedulerManifest: event command='php' 'artisan' bingwa:heartbeat expression=*/15 * * * *  
[2026-06-23 14:19:06] production.INFO: SchedulerManifest: event command='php' 'artisan' bingwa:sync-transactions expression=*/5 * * * *  
[2026-06-23 14:19:06] production.INFO: SchedulerManifest: event command='php' 'artisan' bingwa:process-auto-renewals expression=*/5 * * * *  
[2026-06-23 14:19:06] production.INFO: SchedulerManifest: event command='php' 'artisan' bingwa:fetch-airtime-balance expression=*/15 * * * *  
[2026-06-23 14:19:07] production.DEBUG: BackgroundTasks: found 4 schedule event(s)  
[2026-06-23 14:19:07] production.INFO: SchedulerManifest: event command='php' 'artisan' bingwa:heartbeat expression=*/15 * * * *  
[2026-06-23 14:19:07] production.INFO: SchedulerManifest: event command='php' 'artisan' bingwa:sync-transactions expression=*/5 * * * *  
[2026-06-23 14:19:07] production.INFO: SchedulerManifest: event command='php' 'artisan' bingwa:process-auto-renewals expression=*/5 * * * *  
[2026-06-23 14:19:07] production.INFO: SchedulerManifest: event command='php' 'artisan' bingwa:fetch-airtime-balance expression=*/15 * * * *  
[2026-06-23 14:19:07] production.WARNING: Bingwa heartbeat command skipped because no active device registration was found.  
[2026-06-23 14:19:07] production.DEBUG: BackgroundTasks: found 4 schedule event(s)  
[2026-06-23 14:19:07] production.INFO: SchedulerManifest: event command='php' 'artisan' bingwa:heartbeat expression=*/15 * * * *  
[2026-06-23 14:19:07] production.INFO: SchedulerManifest: event command='php' 'artisan' bingwa:sync-transactions expression=*/5 * * * *  
[2026-06-23 14:19:07] production.INFO: SchedulerManifest: event command='php' 'artisan' bingwa:process-auto-renewals expression=*/5 * * * *  
[2026-06-23 14:19:07] production.INFO: SchedulerManifest: event command='php' 'artisan' bingwa:fetch-airtime-balance expression=*/15 * * * *  
[2026-06-23 14:19:07] production.DEBUG: Auto-renewal processing command started. {"component":"auto_renewal"} 
[2026-06-23 14:19:07] production.WARNING: Auto-renewal processing command skipped because no active device registration was found.  
[2026-06-23 14:19:08] production.DEBUG: BackgroundTasks: found 4 schedule event(s)  
[2026-06-23 14:19:08] production.INFO: SchedulerManifest: event command='php' 'artisan' bingwa:heartbeat expression=*/15 * * * *  
[2026-06-23 14:19:08] production.INFO: SchedulerManifest: event command='php' 'artisan' bingwa:sync-transactions expression=*/5 * * * *  
[2026-06-23 14:19:08] production.INFO: SchedulerManifest: event command='php' 'artisan' bingwa:process-auto-renewals expression=*/5 * * * *  
[2026-06-23 14:19:08] production.INFO: SchedulerManifest: event command='php' 'artisan' bingwa:fetch-airtime-balance expression=*/15 * * * *  
[2026-06-23 14:19:08] production.INFO: 🔄 Starting Bingwa transactions sync... {"command":"bingwa:sync-transactions"} 
[2026-06-23 14:19:08] production.DEBUG: Bingwa transactions sync skipped because no registration was found.  
[2026-06-23 14:19:08] production.DEBUG: BackgroundTasks: found 4 schedule event(s)  
[2026-06-23 14:19:08] production.INFO: SchedulerManifest: event command='php' 'artisan' bingwa:heartbeat expression=*/15 * * * *  
[2026-06-23 14:19:08] production.INFO: SchedulerManifest: event command='php' 'artisan' bingwa:sync-transactions expression=*/5 * * * *  
[2026-06-23 14:19:08] production.INFO: SchedulerManifest: event command='php' 'artisan' bingwa:process-auto-renewals expression=*/5 * * * *  
[2026-06-23 14:19:08] production.INFO: SchedulerManifest: event command='php' 'artisan' bingwa:fetch-airtime-balance expression=*/15 * * * *  
[2026-06-23 14:19:08] production.INFO: Starting automated airtime balance refresh command... {"component":"airtime_balance","command":"bingwa:fetch-airtime-balance"} 
[2026-06-23 14:19:08] production.WARNING: Fetch airtime balance command skipped because no active device registration was found.  
[2026-06-23 14:19:09] production.DEBUG: BackgroundTasks: found 4 schedule event(s)  
[2026-06-23 14:19:09] production.INFO: SchedulerManifest: event command='php' 'artisan' bingwa:heartbeat expression=*/15 * * * *  
[2026-06-23 14:19:09] production.INFO: SchedulerManifest: event command='php' 'artisan' bingwa:sync-transactions expression=*/5 * * * *  
[2026-06-23 14:19:09] production.INFO: SchedulerManifest: event command='php' 'artisan' bingwa:process-auto-renewals expression=*/5 * * * *  
[2026-06-23 14:19:09] production.INFO: SchedulerManifest: event command='php' 'artisan' bingwa:fetch-airtime-balance expression=*/15 * * * *  
[2026-06-23 14:19:39] production.DEBUG: CreateNewUser: Starting registration process. {"input":{"_token":"wnn4LbVo8pnuh3znrWcAy9n67Ot2eQutyqeyqf2F","name":"Bob","email":"driver@gmail.com","autoreach_connect_id":"SINHS","password":"REDACTED","password_confirmation":"REDACTED","remember":true}} 
[2026-06-23 14:19:39] production.DEBUG: CreateNewUser: Input validation passed.  
[2026-06-23 14:19:39] production.DEBUG: CreateNewUser: Creating user record.  
[2026-06-23 14:19:39] production.INFO: CreateNewUser: User created successfully. {"user_id":1} 
[2026-06-23 14:19:39] production.DEBUG: Bingwa FCM enrollment job queued after registration. {"user_id":1,"flow_id":"d666eaaa-873c-4042-a4a6-2b09f82ca940"} 
[2026-06-23 14:19:39] production.DEBUG: Bingwa FCM enrollment job dispatched to the queue. {"user_id":1,"flow_id":"d666eaaa-873c-4042-a4a6-2b09f82ca940"} 
[2026-06-23 14:19:42] production.DEBUG: BackgroundTasks: found 4 schedule event(s)  
[2026-06-23 14:19:42] production.INFO: SchedulerManifest: event command='php' 'artisan' bingwa:heartbeat expression=*/15 * * * *  
[2026-06-23 14:19:42] production.INFO: SchedulerManifest: event command='php' 'artisan' bingwa:sync-transactions expression=*/5 * * * *  
[2026-06-23 14:19:42] production.INFO: SchedulerManifest: event command='php' 'artisan' bingwa:process-auto-renewals expression=*/5 * * * *  
[2026-06-23 14:19:42] production.INFO: SchedulerManifest: event command='php' 'artisan' bingwa:fetch-airtime-balance expression=*/15 * * * *  
[2026-06-23 14:19:43] production.DEBUG: Bingwa FCM sync job started. {"component":"fcm_sync","user_id":1,"flow_id":"d666eaaa-873c-4042-a4a6-2b09f82ca940","attempt":1,"tries":0} 
[2026-06-23 14:19:43] production.DEBUG: Bingwa native device info bridge probe. {"component":"device_registration","hardware_id":"270e92497086e654","nativephp_call_available":true} 
[2026-06-23 14:19:43] production.DEBUG: Bingwa native device info raw response. {"component":"device_registration","hardware_id":"270e92497086e654","response":"{\"info\":\"{\\\"name\\\":\\\"Bob's S24+\\\",\\\"model\\\":\\\"SM-S926B\\\",\\\"platform\\\":\\\"android\\\",\\\"operatingSystem\\\":\\\"Android\\\",\\\"osVersion\\\":\\\"16\\\",\\\"androidSDKVersion\\\":36,\\\"manufacturer\\\":\\\"samsung\\\",\\\"language\\\":\\\"en-US\\\",\\\"isVirtual\\\":false,\\\"memUsed\\\":66486272,\\\"webViewVersion\\\":\\\"149.0.7827.91\\\"}\"}"} 
[2026-06-23 14:19:43] production.DEBUG: Bingwa native device info response did not contain info data. {"component":"device_registration","hardware_id":"270e92497086e654"} 
[2026-06-23 14:19:43] production.DEBUG: Submitting Bingwa device registration request. {"component":"device_registration","url":"https://backend.statum.co.ke/api/v1/auth/device/register/hybrid","payload":{"hardware_id":"270e92497086e654","device_type":"hybridApp","email":"driver@gmail.com","connect_device_id":"SINHS","app_version":"1.1.8","device_info":{"model":"SM-S926B","manufacturer":"samsung","os_name":"Android","os_version":"16","platform":"android","is_virtual":false,"uuid":"270e92497086e654","name":"Bob's S24+"}}} 
[2026-06-23 14:19:44] production.DEBUG: Bingwa device registration response received. {"component":"device_registration","status":201} 
[2026-06-23 14:19:44] production.DEBUG: Bingwa native device info bridge probe. {"component":"device_registration","hardware_id":"270e92497086e654","nativephp_call_available":true} 
[2026-06-23 14:19:44] production.DEBUG: Bingwa native device info raw response. {"component":"device_registration","hardware_id":"270e92497086e654","response":"{\"info\":\"{\\\"name\\\":\\\"Bob's S24+\\\",\\\"model\\\":\\\"SM-S926B\\\",\\\"platform\\\":\\\"android\\\",\\\"operatingSystem\\\":\\\"Android\\\",\\\"osVersion\\\":\\\"16\\\",\\\"androidSDKVersion\\\":36,\\\"manufacturer\\\":\\\"samsung\\\",\\\"language\\\":\\\"en-US\\\",\\\"isVirtual\\\":false,\\\"memUsed\\\":69480448,\\\"webViewVersion\\\":\\\"149.0.7827.91\\\"}\"}"} 
[2026-06-23 14:19:44] production.DEBUG: Bingwa native device info response did not contain info data. {"component":"device_registration","hardware_id":"270e92497086e654"} 
[2026-06-23 14:19:44] production.DEBUG: Bingwa device registration completed in backend job. {"component":"fcm_sync","user_id":1,"flow_id":"d666eaaa-873c-4042-a4a6-2b09f82ca940","backend_device_id":31} 
[2026-06-23 14:19:44] production.DEBUG: Bingwa FCM permission status checked in backend job. {"component":"fcm_sync","user_id":1,"flow_id":"d666eaaa-873c-4042-a4a6-2b09f82ca940","permission_status":"not_determined"} 
[2026-06-23 14:19:44] production.DEBUG: Skipped PushNotifications::enroll() as RequestPermission is not available in this context (e.g. queue worker). {"component":"fcm_sync","user_id":1,"flow_id":"d666eaaa-873c-4042-a4a6-2b09f82ca940"} 
[2026-06-23 14:19:44] production.DEBUG: Bingwa FCM token not yet available in backend job; requeueing. {"component":"fcm_sync","user_id":1,"flow_id":"d666eaaa-873c-4042-a4a6-2b09f82ca940","attempt":1,"tries":0,"delay_seconds":5} 
[2026-06-23 14:19:44] production.DEBUG: BackgroundTasks: found 4 schedule event(s)  
[2026-06-23 14:19:44] production.INFO: SchedulerManifest: event command='php' 'artisan' bingwa:heartbeat expression=*/15 * * * *  
[2026-06-23 14:19:44] production.INFO: SchedulerManifest: event command='php' 'artisan' bingwa:sync-transactions expression=*/5 * * * *  
[2026-06-23 14:19:44] production.INFO: SchedulerManifest: event command='php' 'artisan' bingwa:process-auto-renewals expression=*/5 * * * *  
[2026-06-23 14:19:44] production.INFO: SchedulerManifest: event command='php' 'artisan' bingwa:fetch-airtime-balance expression=*/15 * * * *  
[2026-06-23 14:20:04] production.DEBUG: Bingwa dashboard mount started. {"user_id":1} 
[2026-06-23 14:20:04] production.DEBUG: Bingwa dashboard airtime cache hydrated. {"user_id":1,"has_balance":false,"checked_at":null} 
[2026-06-23 14:20:04] production.DEBUG: Bingwa dashboard airtime response ready. {"user_id":1,"balance":null,"checked_at":"—"} 
[2026-06-23 14:20:18] production.DEBUG: BackgroundTasks: found 4 schedule event(s)  
[2026-06-23 14:20:18] production.INFO: SchedulerManifest: event command='php' 'artisan' bingwa:heartbeat expression=*/15 * * * *  
[2026-06-23 14:20:18] production.INFO: SchedulerManifest: event command='php' 'artisan' bingwa:sync-transactions expression=*/5 * * * *  
[2026-06-23 14:20:18] production.INFO: SchedulerManifest: event command='php' 'artisan' bingwa:process-auto-renewals expression=*/5 * * * *  
[2026-06-23 14:20:18] production.INFO: SchedulerManifest: event command='php' 'artisan' bingwa:fetch-airtime-balance expression=*/15 * * * *  
[2026-06-23 14:20:18] production.DEBUG: Bingwa FCM sync job started. {"component":"fcm_sync","user_id":1,"flow_id":"d666eaaa-873c-4042-a4a6-2b09f82ca940","attempt":2,"tries":0} 
[2026-06-23 14:20:18] production.DEBUG: Bingwa FCM permission status checked in backend job. {"component":"fcm_sync","user_id":1,"flow_id":"d666eaaa-873c-4042-a4a6-2b09f82ca940","permission_status":"granted"} 
[2026-06-23 14:20:18] production.DEBUG: Skipped PushNotifications::enroll() as RequestPermission is not available in this context (e.g. queue worker). {"component":"fcm_sync","user_id":1,"flow_id":"d666eaaa-873c-4042-a4a6-2b09f82ca940"} 
[2026-06-23 14:20:18] production.DEBUG: Bingwa FCM token resolved in backend job. {"component":"fcm_sync","user_id":1,"flow_id":"d666eaaa-873c-4042-a4a6-2b09f82ca940","token_hash":"4c79b2aace04d2145956a8fe45cb5229480abe9b30c1e09b3821ea760f674e99"} 
[2026-06-23 14:20:18] production.DEBUG: Bingwa FCM sync request started. {"user_id":1,"flow_id":"d666eaaa-873c-4042-a4a6-2b09f82ca940","device_token_hash":"464ec13405960eb0","fcm_token_hash":"4c79b2aace04d214","url":"https://backend.statum.co.ke/api/v1/auth/device/fcm-token"} 
[2026-06-23 14:20:19] production.DEBUG: Bingwa FCM sync attempt completed. {"user_id":1,"flow_id":"d666eaaa-873c-4042-a4a6-2b09f82ca940","attempt":1,"status":200} 
[2026-06-23 14:20:19] production.DEBUG: Bingwa FCM backend response received. {"user_id":1,"flow_id":"d666eaaa-873c-4042-a4a6-2b09f82ca940","status":200,"body":{"status":"ok","message":"FCM token updated.","device_id":31}} 
[2026-06-23 14:20:19] production.DEBUG: Bingwa FCM token sync completed successfully. {"user_id":1,"flow_id":"d666eaaa-873c-4042-a4a6-2b09f82ca940","device_id":31} 
[2026-06-23 14:20:19] production.DEBUG: Bingwa FCM backend POST confirmed. {"user_id":1,"flow_id":"d666eaaa-873c-4042-a4a6-2b09f82ca940","device_id":31} 
[2026-06-23 14:20:19] production.DEBUG: Bingwa FCM sync job completed successfully. {"component":"fcm_sync","user_id":1,"flow_id":"d666eaaa-873c-4042-a4a6-2b09f82ca940"} 
[2026-06-23 14:20:19] production.DEBUG: BackgroundTasks: found 4 schedule event(s)  
[2026-06-23 14:20:19] production.INFO: SchedulerManifest: event command='php' 'artisan' bingwa:heartbeat expression=*/15 * * * *  
[2026-06-23 14:20:19] production.INFO: SchedulerManifest: event command='php' 'artisan' bingwa:sync-transactions expression=*/5 * * * *  
[2026-06-23 14:20:19] production.INFO: SchedulerManifest: event command='php' 'artisan' bingwa:process-auto-renewals expression=*/5 * * * *  
[2026-06-23 14:20:19] production.INFO: SchedulerManifest: event command='php' 'artisan' bingwa:fetch-airtime-balance expression=*/15 * * * *  
[2026-06-23 14:20:20] production.DEBUG: Subscription plans prefetch job started. {"component":"plans_prefetch","user_id":1} 
[2026-06-23 14:20:20] production.DEBUG: 🌐 Fetching plans from: https://backend.statum.co.ke/api/v1/subscription/plans/hybrid  
[2026-06-23 14:20:20] production.DEBUG: 📦 Plans response received {"plans_count":5} 
[2026-06-23 14:20:20] production.DEBUG: Subscription plans prefetch job completed successfully. {"component":"plans_prefetch","user_id":1} 
[2026-06-23 14:20:21] production.DEBUG: BackgroundTasks: found 4 schedule event(s)  
[2026-06-23 14:20:21] production.INFO: SchedulerManifest: event command='php' 'artisan' bingwa:heartbeat expression=*/15 * * * *  
[2026-06-23 14:20:21] production.INFO: SchedulerManifest: event command='php' 'artisan' bingwa:sync-transactions expression=*/5 * * * *  
[2026-06-23 14:20:21] production.INFO: SchedulerManifest: event command='php' 'artisan' bingwa:process-auto-renewals expression=*/5 * * * *  
[2026-06-23 14:20:21] production.INFO: SchedulerManifest: event command='php' 'artisan' bingwa:fetch-airtime-balance expression=*/15 * * * *  
[2026-06-23 14:20:54] production.DEBUG: BackgroundTasks: found 4 schedule event(s)  
[2026-06-23 14:20:54] production.INFO: SchedulerManifest: event command='php' 'artisan' bingwa:heartbeat expression=*/15 * * * *  
[2026-06-23 14:20:54] production.INFO: SchedulerManifest: event command='php' 'artisan' bingwa:sync-transactions expression=*/5 * * * *  
[2026-06-23 14:20:54] production.INFO: SchedulerManifest: event command='php' 'artisan' bingwa:process-auto-renewals expression=*/5 * * * *  
[2026-06-23 14:20:54] production.INFO: SchedulerManifest: event command='php' 'artisan' bingwa:fetch-airtime-balance expression=*/15 * * * *  
[2026-06-23 14:21:28] production.DEBUG: BackgroundTasks: found 4 schedule event(s)  
[2026-06-23 14:21:28] production.INFO: SchedulerManifest: event command='php' 'artisan' bingwa:heartbeat expression=*/15 * * * *  
[2026-06-23 14:21:28] production.INFO: SchedulerManifest: event command='php' 'artisan' bingwa:sync-transactions expression=*/5 * * * *  
[2026-06-23 14:21:28] production.INFO: SchedulerManifest: event command='php' 'artisan' bingwa:process-auto-renewals expression=*/5 * * * *  
[2026-06-23 14:21:28] production.INFO: SchedulerManifest: event command='php' 'artisan' bingwa:fetch-airtime-balance expression=*/15 * * * *  
[2026-06-23 14:21:32] production.DEBUG: Bingwa dashboard mount started. {"user_id":1} 
[2026-06-23 14:21:32] production.DEBUG: Bingwa dashboard airtime cache hydrated. {"user_id":1,"has_balance":false,"checked_at":null} 
[2026-06-23 14:21:32] production.DEBUG: Bingwa dashboard airtime response ready. {"user_id":1,"balance":null,"checked_at":"—"} 
[2026-06-23 14:21:33] production.DEBUG: Bingwa dashboard airtime cache hydrated. {"user_id":1,"has_balance":false,"checked_at":null} 
[2026-06-23 14:21:33] production.DEBUG: Bingwa dashboard airtime refresh requested synchronously. {"user_id":1} 
[2026-06-23 14:21:33] production.INFO: Bingwa airtime balance refresh started. {"component":"airtime_balance","user_id":1} 
[2026-06-23 14:21:33] production.DEBUG: Bingwa airtime USSD probe. {"component":"airtime_balance","sim_slot":1,"mode":"express","nativephp_call_available":true} 
[2026-06-23 14:21:33] production.DEBUG: USSD modem lock acquired. {"component":"ussd_modem","sim_slot":1,"operation":"airtime-refresh","wait_seconds":2,"lease_seconds":105} 
[2026-06-23 14:21:36] production.DEBUG: USSD modem lock released. {"component":"ussd_modem","sim_slot":1,"operation":"airtime-refresh"} 
[2026-06-23 14:21:36] production.DEBUG: Bingwa airtime USSD raw response. {"component":"airtime_balance","sim_slot":1,"response":"{\"success\":false,\"message\":\"Airtime Bal: 493.52KSH.Expire date:21-09-2026. Tariff:Uwezo . A SPECIAL NEW offer Awaits you! Dial *131# today and stay connected.\"}"} 
[2026-06-23 14:21:36] production.DEBUG: Bingwa airtime USSD message extracted. {"component":"airtime_balance","sim_slot":1,"message":"Airtime Bal: 493.52KSH.Expire date:21-09-2026. Tariff:Uwezo . A SPECIAL NEW offer Awaits you! Dial *131# today and stay connected."} 
[2026-06-23 14:21:36] production.DEBUG: Bingwa airtime balance parsed via Airtime Bal pattern. {"component":"airtime_balance","raw":"Airtime Bal: 493.52KSH.Expire date:21-09-2026. Tariff:Uwezo . A SPECIAL NEW offer Awaits you! Dial *131# today and stay connected.","parsed":"493.52"} 
[2026-06-23 14:21:36] production.DEBUG: Bingwa airtime balance refreshed. {"component":"airtime_balance","user_id":1,"sim_slot":1,"balance":493.52} 
[2026-06-23 14:21:36] production.DEBUG: Bingwa dashboard airtime cache hydrated. {"user_id":1,"has_balance":true,"checked_at":"2026-06-23T14:21:36+03:00"} 
[2026-06-23 14:21:39] production.DEBUG: Bingwa dashboard mount started. {"user_id":1} 
[2026-06-23 14:21:39] production.DEBUG: Bingwa dashboard airtime cache hydrated. {"user_id":1,"has_balance":true,"checked_at":"2026-06-23T14:21:36+03:00"} 
[2026-06-23 14:21:39] production.DEBUG: Bingwa dashboard airtime response ready. {"user_id":1,"balance":493.52,"checked_at":"23 Jun, 14:21"} 
[2026-06-23 14:22:01] production.DEBUG: BackgroundTasks: found 4 schedule event(s)  
[2026-06-23 14:22:01] production.INFO: SchedulerManifest: event command='php' 'artisan' bingwa:heartbeat expression=*/15 * * * *  
[2026-06-23 14:22:01] production.INFO: SchedulerManifest: event command='php' 'artisan' bingwa:sync-transactions expression=*/5 * * * *  
[2026-06-23 14:22:01] production.INFO: SchedulerManifest: event command='php' 'artisan' bingwa:process-auto-renewals expression=*/5 * * * *  
[2026-06-23 14:22:01] production.INFO: SchedulerManifest: event command='php' 'artisan' bingwa:fetch-airtime-balance expression=*/15 * * * *  
[2026-06-23 14:22:02] production.DEBUG: Subscription plans prefetch job started. {"component":"plans_prefetch","user_id":1} 
[2026-06-23 14:22:02] production.DEBUG: Subscription plans prefetch job completed successfully. {"component":"plans_prefetch","user_id":1} 
[2026-06-23 14:22:02] production.DEBUG: BackgroundTasks: found 4 schedule event(s)  
[2026-06-23 14:22:02] production.INFO: SchedulerManifest: event command='php' 'artisan' bingwa:heartbeat expression=*/15 * * * *  
[2026-06-23 14:22:02] production.INFO: SchedulerManifest: event command='php' 'artisan' bingwa:sync-transactions expression=*/5 * * * *  
[2026-06-23 14:22:02] production.INFO: SchedulerManifest: event command='php' 'artisan' bingwa:process-auto-renewals expression=*/5 * * * *  
[2026-06-23 14:22:02] production.INFO: SchedulerManifest: event command='php' 'artisan' bingwa:fetch-airtime-balance expression=*/15 * * * *  
[2026-06-23 14:22:06] production.DEBUG: Bingwa dashboard airtime cache hydrated. {"user_id":1,"has_balance":true,"checked_at":"2026-06-23T14:21:36+03:00"} 
[2026-06-23 14:22:14] production.DEBUG: Bingwa dashboard airtime cache hydrated. {"user_id":1,"has_balance":true,"checked_at":"2026-06-23T14:21:36+03:00"} 
[2026-06-23 14:22:14] production.DEBUG: Bingwa dashboard airtime cache hydrated. {"user_id":1,"has_balance":true,"checked_at":"2026-06-23T14:21:36+03:00"} 
[2026-06-23 14:22:36] production.DEBUG: BackgroundTasks: found 4 schedule event(s)  
[2026-06-23 14:22:36] production.INFO: SchedulerManifest: event command='php' 'artisan' bingwa:heartbeat expression=*/15 * * * *  
[2026-06-23 14:22:36] production.INFO: SchedulerManifest: event command='php' 'artisan' bingwa:sync-transactions expression=*/5 * * * *  
[2026-06-23 14:22:36] production.INFO: SchedulerManifest: event command='php' 'artisan' bingwa:process-auto-renewals expression=*/5 * * * *  
[2026-06-23 14:22:36] production.INFO: SchedulerManifest: event command='php' 'artisan' bingwa:fetch-airtime-balance expression=*/15 * * * *  
[2026-06-23 14:23:06] production.DEBUG: Bingwa dashboard airtime cache hydrated. {"user_id":1,"has_balance":true,"checked_at":"2026-06-23T14:21:36+03:00"} 
[2026-06-23 14:23:09] production.DEBUG: BackgroundTasks: found 4 schedule event(s)  
[2026-06-23 14:23:09] production.INFO: SchedulerManifest: event command='php' 'artisan' bingwa:heartbeat expression=*/15 * * * *  
[2026-06-23 14:23:09] production.INFO: SchedulerManifest: event command='php' 'artisan' bingwa:sync-transactions expression=*/5 * * * *  
[2026-06-23 14:23:09] production.INFO: SchedulerManifest: event command='php' 'artisan' bingwa:process-auto-renewals expression=*/5 * * * *  
[2026-06-23 14:23:09] production.INFO: SchedulerManifest: event command='php' 'artisan' bingwa:fetch-airtime-balance expression=*/15 * * * *  
[2026-06-23 14:23:43] production.DEBUG: BackgroundTasks: found 4 schedule event(s)  
[2026-06-23 14:23:43] production.INFO: SchedulerManifest: event command='php' 'artisan' bingwa:heartbeat expression=*/15 * * * *  
[2026-06-23 14:23:43] production.INFO: SchedulerManifest: event command='php' 'artisan' bingwa:sync-transactions expression=*/5 * * * *  
[2026-06-23 14:23:43] production.INFO: SchedulerManifest: event command='php' 'artisan' bingwa:process-auto-renewals expression=*/5 * * * *  
[2026-06-23 14:23:43] production.INFO: SchedulerManifest: event command='php' 'artisan' bingwa:fetch-airtime-balance expression=*/15 * * * *  
[2026-06-23 14:24:17] production.DEBUG: BackgroundTasks: found 4 schedule event(s)  
[2026-06-23 14:24:17] production.INFO: SchedulerManifest: event command='php' 'artisan' bingwa:heartbeat expression=*/15 * * * *  
[2026-06-23 14:24:17] production.INFO: SchedulerManifest: event command='php' 'artisan' bingwa:sync-transactions expression=*/5 * * * *  
[2026-06-23 14:24:17] production.INFO: SchedulerManifest: event command='php' 'artisan' bingwa:process-auto-renewals expression=*/5 * * * *  
[2026-06-23 14:24:17] production.INFO: SchedulerManifest: event command='php' 'artisan' bingwa:fetch-airtime-balance expression=*/15 * * * *  
[2026-06-23 14:24:50] production.DEBUG: BackgroundTasks: found 4 schedule event(s)  
[2026-06-23 14:24:50] production.INFO: SchedulerManifest: event command='php' 'artisan' bingwa:heartbeat expression=*/15 * * * *  
[2026-06-23 14:24:50] production.INFO: SchedulerManifest: event command='php' 'artisan' bingwa:sync-transactions expression=*/5 * * * *  
[2026-06-23 14:24:50] production.INFO: SchedulerManifest: event command='php' 'artisan' bingwa:process-auto-renewals expression=*/5 * * * *  
[2026-06-23 14:24:50] production.INFO: SchedulerManifest: event command='php' 'artisan' bingwa:fetch-airtime-balance expression=*/15 * * * *  
[2026-06-23 14:25:24] production.DEBUG: BackgroundTasks: found 4 schedule event(s)  
[2026-06-23 14:25:24] production.INFO: SchedulerManifest: event command='php' 'artisan' bingwa:heartbeat expression=*/15 * * * *  
[2026-06-23 14:25:24] production.INFO: SchedulerManifest: event command='php' 'artisan' bingwa:sync-transactions expression=*/5 * * * *  
[2026-06-23 14:25:24] production.INFO: SchedulerManifest: event command='php' 'artisan' bingwa:process-auto-renewals expression=*/5 * * * *  
[2026-06-23 14:25:24] production.INFO: SchedulerManifest: event command='php' 'artisan' bingwa:fetch-airtime-balance expression=*/15 * * * *  
[2026-06-23 14:25:57] production.DEBUG: BackgroundTasks: found 4 schedule event(s)  
[2026-06-23 14:25:57] production.INFO: SchedulerManifest: event command='php' 'artisan' bingwa:heartbeat expression=*/15 * * * *  
[2026-06-23 14:25:57] production.INFO: SchedulerManifest: event command='php' 'artisan' bingwa:sync-transactions expression=*/5 * * * *  
[2026-06-23 14:25:57] production.INFO: SchedulerManifest: event command='php' 'artisan' bingwa:process-auto-renewals expression=*/5 * * * *  
[2026-06-23 14:25:57] production.INFO: SchedulerManifest: event command='php' 'artisan' bingwa:fetch-airtime-balance expression=*/15 * * * *  
[2026-06-23 14:26:31] production.DEBUG: BackgroundTasks: found 4 schedule event(s)  
[2026-06-23 14:26:31] production.INFO: SchedulerManifest: event command='php' 'artisan' bingwa:heartbeat expression=*/15 * * * *  
[2026-06-23 14:26:31] production.INFO: SchedulerManifest: event command='php' 'artisan' bingwa:sync-transactions expression=*/5 * * * *  
[2026-06-23 14:26:31] production.INFO: SchedulerManifest: event command='php' 'artisan' bingwa:process-auto-renewals expression=*/5 * * * *  
[2026-06-23 14:26:31] production.INFO: SchedulerManifest: event command='php' 'artisan' bingwa:fetch-airtime-balance expression=*/15 * * * *  
[2026-06-23 14:27:04] production.DEBUG: BackgroundTasks: found 4 schedule event(s)  
[2026-06-23 14:27:04] production.INFO: SchedulerManifest: event command='php' 'artisan' bingwa:heartbeat expression=*/15 * * * *  
[2026-06-23 14:27:04] production.INFO: SchedulerManifest: event command='php' 'artisan' bingwa:sync-transactions expression=*/5 * * * *  
[2026-06-23 14:27:04] production.INFO: SchedulerManifest: event command='php' 'artisan' bingwa:process-auto-renewals expression=*/5 * * * *  
[2026-06-23 14:27:04] production.INFO: SchedulerManifest: event command='php' 'artisan' bingwa:fetch-airtime-balance expression=*/15 * * * *  
[2026-06-23 14:27:38] production.DEBUG: BackgroundTasks: found 4 schedule event(s)  
[2026-06-23 14:27:38] production.INFO: SchedulerManifest: event command='php' 'artisan' bingwa:heartbeat expression=*/15 * * * *  
[2026-06-23 14:27:38] production.INFO: SchedulerManifest: event command='php' 'artisan' bingwa:sync-transactions expression=*/5 * * * *  
[2026-06-23 14:27:38] production.INFO: SchedulerManifest: event command='php' 'artisan' bingwa:process-auto-renewals expression=*/5 * * * *  
[2026-06-23 14:27:38] production.INFO: SchedulerManifest: event command='php' 'artisan' bingwa:fetch-airtime-balance expression=*/15 * * * *  
[2026-06-23 14:28:12] production.DEBUG: BackgroundTasks: found 4 schedule event(s)  
[2026-06-23 14:28:12] production.INFO: SchedulerManifest: event command='php' 'artisan' bingwa:heartbeat expression=*/15 * * * *  
[2026-06-23 14:28:12] production.INFO: SchedulerManifest: event command='php' 'artisan' bingwa:sync-transactions expression=*/5 * * * *  
[2026-06-23 14:28:12] production.INFO: SchedulerManifest: event command='php' 'artisan' bingwa:process-auto-renewals expression=*/5 * * * *  
[2026-06-23 14:28:12] production.INFO: SchedulerManifest: event command='php' 'artisan' bingwa:fetch-airtime-balance expression=*/15 * * * *  
[2026-06-23 14:28:45] production.DEBUG: BackgroundTasks: found 4 schedule event(s)  
[2026-06-23 14:28:45] production.INFO: SchedulerManifest: event command='php' 'artisan' bingwa:heartbeat expression=*/15 * * * *  
[2026-06-23 14:28:45] production.INFO: SchedulerManifest: event command='php' 'artisan' bingwa:sync-transactions expression=*/5 * * * *  
[2026-06-23 14:28:45] production.INFO: SchedulerManifest: event command='php' 'artisan' bingwa:process-auto-renewals expression=*/5 * * * *  
[2026-06-23 14:28:45] production.INFO: SchedulerManifest: event command='php' 'artisan' bingwa:fetch-airtime-balance expression=*/15 * * * *  
[2026-06-23 14:29:19] production.DEBUG: BackgroundTasks: found 4 schedule event(s)  
[2026-06-23 14:29:19] production.INFO: SchedulerManifest: event command='php' 'artisan' bingwa:heartbeat expression=*/15 * * * *  
[2026-06-23 14:29:19] production.INFO: SchedulerManifest: event command='php' 'artisan' bingwa:sync-transactions expression=*/5 * * * *  
[2026-06-23 14:29:19] production.INFO: SchedulerManifest: event command='php' 'artisan' bingwa:process-auto-renewals expression=*/5 * * * *  
[2026-06-23 14:29:19] production.INFO: SchedulerManifest: event command='php' 'artisan' bingwa:fetch-airtime-balance expression=*/15 * * * *  
[2026-06-23 14:29:53] production.DEBUG: BackgroundTasks: found 4 schedule event(s)  
[2026-06-23 14:29:53] production.INFO: SchedulerManifest: event command='php' 'artisan' bingwa:heartbeat expression=*/15 * * * *  
[2026-06-23 14:29:53] production.INFO: SchedulerManifest: event command='php' 'artisan' bingwa:sync-transactions expression=*/5 * * * *  
[2026-06-23 14:29:53] production.INFO: SchedulerManifest: event command='php' 'artisan' bingwa:process-auto-renewals expression=*/5 * * * *  
[2026-06-23 14:29:53] production.INFO: SchedulerManifest: event command='php' 'artisan' bingwa:fetch-airtime-balance expression=*/15 * * * *  
[2026-06-23 14:30:26] production.DEBUG: BackgroundTasks: found 4 schedule event(s)  
[2026-06-23 14:30:26] production.INFO: SchedulerManifest: event command='php' 'artisan' bingwa:heartbeat expression=*/15 * * * *  
[2026-06-23 14:30:26] production.INFO: SchedulerManifest: event command='php' 'artisan' bingwa:sync-transactions expression=*/5 * * * *  
[2026-06-23 14:30:26] production.INFO: SchedulerManifest: event command='php' 'artisan' bingwa:process-auto-renewals expression=*/5 * * * *  
[2026-06-23 14:30:26] production.INFO: SchedulerManifest: event command='php' 'artisan' bingwa:fetch-airtime-balance expression=*/15 * * * *  
[2026-06-23 14:31:00] production.DEBUG: BackgroundTasks: found 4 schedule event(s)  
[2026-06-23 14:31:00] production.INFO: SchedulerManifest: event command='php' 'artisan' bingwa:heartbeat expression=*/15 * * * *  
[2026-06-23 14:31:00] production.INFO: SchedulerManifest: event command='php' 'artisan' bingwa:sync-transactions expression=*/5 * * * *  
[2026-06-23 14:31:00] production.INFO: SchedulerManifest: event command='php' 'artisan' bingwa:process-auto-renewals expression=*/5 * * * *  
[2026-06-23 14:31:00] production.INFO: SchedulerManifest: event command='php' 'artisan' bingwa:fetch-airtime-balance expression=*/15 * * * *  
[2026-06-23 14:31:33] production.DEBUG: BackgroundTasks: found 4 schedule event(s)  
[2026-06-23 14:31:33] production.INFO: SchedulerManifest: event command='php' 'artisan' bingwa:heartbeat expression=*/15 * * * *  
[2026-06-23 14:31:33] production.INFO: SchedulerManifest: event command='php' 'artisan' bingwa:sync-transactions expression=*/5 * * * *  
[2026-06-23 14:31:33] production.INFO: SchedulerManifest: event command='php' 'artisan' bingwa:process-auto-renewals expression=*/5 * * * *  
[2026-06-23 14:31:33] production.INFO: SchedulerManifest: event command='php' 'artisan' bingwa:fetch-airtime-balance expression=*/15 * * * *  
[2026-06-23 14:31:52] production.DEBUG: BackgroundTasks: found 4 schedule event(s)  
[2026-06-23 14:31:52] production.INFO: SchedulerManifest: event command='php' 'artisan' bingwa:heartbeat expression=*/15 * * * *  
[2026-06-23 14:31:52] production.INFO: SchedulerManifest: event command='php' 'artisan' bingwa:sync-transactions expression=*/5 * * * *  
[2026-06-23 14:31:52] production.INFO: SchedulerManifest: event command='php' 'artisan' bingwa:process-auto-renewals expression=*/5 * * * *  
[2026-06-23 14:31:52] production.INFO: SchedulerManifest: event command='php' 'artisan' bingwa:fetch-airtime-balance expression=*/15 * * * *  
[2026-06-23 14:31:52] production.DEBUG: Bingwa push notification payload received. {"data":{"transaction_id":175,"service":"data_bundles","device_id":31},"transaction_id":175,"service":"data_bundles","device_id":31} 
[2026-06-23 14:31:52] production.DEBUG: Bingwa push notification dispatched the transaction sync job. {"user_id":1,"backend_device_id":31,"transaction_id":175,"service":"data_bundles"} 
[2026-06-23 14:31:52] production.DEBUG: BackgroundTasks: found 4 schedule event(s)  
[2026-06-23 14:31:52] production.INFO: SchedulerManifest: event command='php' 'artisan' bingwa:heartbeat expression=*/15 * * * *  
[2026-06-23 14:31:52] production.INFO: SchedulerManifest: event command='php' 'artisan' bingwa:sync-transactions expression=*/5 * * * *  
[2026-06-23 14:31:52] production.INFO: SchedulerManifest: event command='php' 'artisan' bingwa:process-auto-renewals expression=*/5 * * * *  
[2026-06-23 14:31:52] production.INFO: SchedulerManifest: event command='php' 'artisan' bingwa:fetch-airtime-balance expression=*/15 * * * *  
[2026-06-23 14:31:52] production.DEBUG: BackgroundTasks: found 4 schedule event(s)  
[2026-06-23 14:31:52] production.INFO: SchedulerManifest: event command='php' 'artisan' bingwa:heartbeat expression=*/15 * * * *  
[2026-06-23 14:31:52] production.INFO: SchedulerManifest: event command='php' 'artisan' bingwa:sync-transactions expression=*/5 * * * *  
[2026-06-23 14:31:52] production.INFO: SchedulerManifest: event command='php' 'artisan' bingwa:process-auto-renewals expression=*/5 * * * *  
[2026-06-23 14:31:52] production.INFO: SchedulerManifest: event command='php' 'artisan' bingwa:fetch-airtime-balance expression=*/15 * * * *  
[2026-06-23 14:31:53] production.DEBUG: Bingwa transaction sync job started. {"component":"transaction_sync","user_id":1,"push_data":{"transaction_id":175,"service":"data_bundles","device_id":31},"unique_id":"bingwa-sync-transactions:1"} 
[2026-06-23 14:31:53] production.DEBUG: Bingwa transaction sync started. {"component":"transaction_sync","user_id":1,"limit":10,"only_service":"data_bundles","registration_id":1,"backend_device_id":31} 
[2026-06-23 14:31:53] production.DEBUG: Bingwa push notification payload received. {"data":{"transaction_id":176,"service":"data_bundles","device_id":31},"transaction_id":176,"service":"data_bundles","device_id":31} 
[2026-06-23 14:31:53] production.DEBUG: Bingwa push notification dispatched the transaction sync job. {"user_id":1,"backend_device_id":31,"transaction_id":176,"service":"data_bundles"} 
[2026-06-23 14:31:54] production.INFO: Bingwa transaction sync endpoint response received. {"component":"transaction_sync","user_id":1,"endpoint":"data_bundles","url":"https://backend.statum.co.ke/api/v1/jobs/next/data_bundles","status":200,"response_body":"{\"count\":2,\"jobs\":[{\"transaction_id\":175,\"mpesa_code\":\"29TRES23AC1WA\",\"sender_phone\":\"0721553678\",\"sender_name\":\"Bob Mwenda\",\"amount\":19,\"offer_name\":\"1 gb 1 hour\",\"offer_type\":\"data_bundles\",\"matched_offer\":{\"offer_key\":null,\"offer_name\":\"1 gb 1 hour\",\"offer_type\":\"data_bundles\",\"offer_amount\":19,\"offer_local_id\":null,\"amount_mismatch\":false,\"source_bhc_code\":\"SINHS\",\"source_device_id\":30,\"executor_bhc_code\":\"AXGM7\",\"offer_key_matched\":false,\"canonical_offer_id\":null,\"fulfillment_bhc_code\":\"AXGM7\",\"fulfillment_device_id\":31},\"occurred_at\":\"2026-06-23T14:31:42+03:00\",\"raw_sms\":\"29TRES23AC1WA Confirmed.You have received Ksh19.00 from Bob Mwenda 0721553678 on 16\\/5\\/26 at 9:40 PM.New M-PESA balance is Ksh5,000.00.\"},{\"transaction_id\":176,\"mpesa_code\":\"19TRES23AC1WA\",\"sender_phone\":\"0721553678\",\"sender_name\":\"Bob Mwenda\",\"amount\":19,\"offer_name\":\"1 gb 1 hour\",\"offer_type\":\"data_bundles\",\"matched_offer\":{\"offer_key\":null,\"offer_name\":\"1 gb 1 hour\",\"offer_type\":\"data_bundles\",\"offer_amount\""} 
[2026-06-23 14:31:54] production.DEBUG: Bingwa transaction sync finished fetching jobs. {"component":"transaction_sync","user_id":1,"synced_so_far":0,"skipped_so_far":0,"failed_so_far":0,"push_data":[{"type":"data_bundles","count":2}]} 
[2026-06-23 14:31:54] production.INFO: Bingwa transaction sync persisting backend job. {"component":"transaction_sync","user_id":1,"endpoint":"data_bundles","transaction_id":175,"offer_type":"data_bundles","service":null} 
[2026-06-23 14:31:54] production.WARNING: Bingwa transaction persisted locally with no active plan. {"user_id":1,"transaction_id":"175","offer_type":"data_bundles","amount":19.0,"status":"failed","status_desc":"No active subscription plan found."} 
[2026-06-23 14:31:54] production.DEBUG: Queueing remote transaction status update. {"transaction_id":1,"remote_transaction_id":"175","status":"failed","user_id":1} 
[2026-06-23 14:31:54] production.DEBUG: Remote transaction status update job started. {"remote_transaction_id":"175","status":"failed","user_id":1,"executed_at":"2026-06-23T14:31:54+03:00"} 
[2026-06-23 14:31:54] production.DEBUG: Remote transaction status update response received. {"remote_transaction_id":"175","status":200,"body":"{\"status\":\"ok\",\"transaction_id\":175,\"data\":{\"id\":175,\"user_id\":null,\"device_account_id\":19,\"device_id\":31,\"offer_id\":null,\"mpesa_code\":\"29TRES23AC1WA\",\"sender_name\":\"Bob Mwenda\",\"sender_phone\":\"0721553678\",\"amount\":19,\"formatted_amount\":\"KES 19.00\",\"status\":\"failed\",\"ussd_response\":\"No active subscription plan found.\",\"airtime_cost\":null,\"sim_slot\":0,\"event_version\":\"1.0\",\"event_id\":\"143d52ed-832c-4ead-ae09-dd7e1f48c2af\",\"occurred_at\":\"2026-06-23T14:31:42+03:00\",\"idempotency_key\":\"143d52ed-832c-4ead-ae09-dd7e1f48c2af\",\"matched_offer_snapshot\":{\"offer_key\":null,\"offer_name\":\"1 gb 1 hour\",\"offer_type\":\"data_bundles\",\"offer_amount\":19,\"offer_local_id\":null,\"amount_mismatch\":false,\"source_bhc_code\":\"SINHS\",\"source_device_id\":30,\"executor_bhc_code\":\"AXGM7\",\"offer_key_matched\":false,\"canonical_offer_id\":null,\"fulfillment_bhc_code\":\"AXGM7\",\"fulfillment_device_id\":31},\"received_at\":\"2026-06-23T14:31:42+03:00\",\"queued_at\":\"2026-06-23T14:31:48+03:00\",\"dispatched_at\":\"2026-06-23T14:31:53+03:00\",\"executed_at\":\"2026-06-23T14:31:54+03:00\",\"completed_at\":\"2026-06-23T14:31:54+03:00\",\"created_at\":\"2026-06-23T14:31:45+03:00\",\"updated_at\":\"2026-06-23T14:31:54+03:00\"}}","payload":{"status":"failed","executed_at":"2026-06-23T14:31:54+03:00","ussd_response":"No active subscription plan found.","failure_code":"SYSTEM_ERROR"}} 
[2026-06-23 14:31:54] production.INFO: Successfully updated remote status for transaction 175 to failed  
[2026-06-23 14:31:54] production.DEBUG: Remote transaction status update dispatched synchronously. {"transaction_id":1,"remote_transaction_id":"175","status":"failed"} 
[2026-06-23 14:31:54] production.INFO: Bingwa transaction persisted locally. {"user_id":1,"transaction_id":"175","status":"failed","offer_type":"data_bundles","mpesa_code":"29TRES23AC1WA","offer_id":5} 
[2026-06-23 14:31:54] production.INFO: Bingwa transaction sync persisting backend job. {"component":"transaction_sync","user_id":1,"endpoint":"data_bundles","transaction_id":176,"offer_type":"data_bundles","service":null} 
[2026-06-23 14:31:54] production.WARNING: Bingwa transaction persisted locally with no active plan. {"user_id":1,"transaction_id":"176","offer_type":"data_bundles","amount":19.0,"status":"failed","status_desc":"No active subscription plan found."} 
[2026-06-23 14:31:54] production.DEBUG: Queueing remote transaction status update. {"transaction_id":2,"remote_transaction_id":"176","status":"failed","user_id":1} 
[2026-06-23 14:31:54] production.DEBUG: Remote transaction status update job started. {"remote_transaction_id":"176","status":"failed","user_id":1,"executed_at":"2026-06-23T14:31:54+03:00"} 
[2026-06-23 14:31:55] production.DEBUG: Remote transaction status update response received. {"remote_transaction_id":"176","status":200,"body":"{\"status\":\"ok\",\"transaction_id\":176,\"data\":{\"id\":176,\"user_id\":null,\"device_account_id\":19,\"device_id\":31,\"offer_id\":null,\"mpesa_code\":\"19TRES23AC1WA\",\"sender_name\":\"Bob Mwenda\",\"sender_phone\":\"0721553678\",\"amount\":19,\"formatted_amount\":\"KES 19.00\",\"status\":\"failed\",\"ussd_response\":\"No active subscription plan found.\",\"airtime_cost\":null,\"sim_slot\":0,\"event_version\":\"1.0\",\"event_id\":\"6e0a5c90-a5f9-4a1d-8161-facddf6356b7\",\"occurred_at\":\"2026-06-23T14:31:49+03:00\",\"idempotency_key\":\"6e0a5c90-a5f9-4a1d-8161-facddf6356b7\",\"matched_offer_snapshot\":{\"offer_key\":null,\"offer_name\":\"1 gb 1 hour\",\"offer_type\":\"data_bundles\",\"offer_amount\":19,\"offer_local_id\":null,\"amount_mismatch\":false,\"source_bhc_code\":\"SINHS\",\"source_device_id\":30,\"executor_bhc_code\":\"AXGM7\",\"offer_key_matched\":false,\"canonical_offer_id\":null,\"fulfillment_bhc_code\":\"AXGM7\",\"fulfillment_device_id\":31},\"received_at\":\"2026-06-23T14:31:49+03:00\",\"queued_at\":\"2026-06-23T14:31:51+03:00\",\"dispatched_at\":\"2026-06-23T14:31:53+03:00\",\"executed_at\":\"2026-06-23T14:31:54+03:00\",\"completed_at\":\"2026-06-23T14:31:55+03:00\",\"created_at\":\"2026-06-23T14:31:51+03:00\",\"updated_at\":\"2026-06-23T14:31:55+03:00\"}}","payload":{"status":"failed","executed_at":"2026-06-23T14:31:54+03:00","ussd_response":"No active subscription plan found.","failure_code":"SYSTEM_ERROR"}} 
[2026-06-23 14:31:55] production.INFO: Successfully updated remote status for transaction 176 to failed  
[2026-06-23 14:31:55] production.DEBUG: Remote transaction status update dispatched synchronously. {"transaction_id":2,"remote_transaction_id":"176","status":"failed"} 
[2026-06-23 14:31:55] production.INFO: Bingwa transaction persisted locally. {"user_id":1,"transaction_id":"176","status":"failed","offer_type":"data_bundles","mpesa_code":"19TRES23AC1WA","offer_id":5} 
[2026-06-23 14:31:55] production.INFO: Bingwa transaction sync completed. {"component":"transaction_sync","user_id":1,"synced":0,"skipped":0,"failed":2} 
[2026-06-23 14:31:55] production.DEBUG: Bingwa transaction sync job finished fetching. {"component":"transaction_sync","user_id":1,"synced":0,"skipped":0,"failed":2,"push_data":{"transaction_id":175,"service":"data_bundles","device_id":31}} 
[2026-06-23 14:31:56] production.DEBUG: BackgroundTasks: found 4 schedule event(s)  
[2026-06-23 14:31:56] production.INFO: SchedulerManifest: event command='php' 'artisan' bingwa:heartbeat expression=*/15 * * * *  
[2026-06-23 14:31:56] production.INFO: SchedulerManifest: event command='php' 'artisan' bingwa:sync-transactions expression=*/5 * * * *  
[2026-06-23 14:31:56] production.INFO: SchedulerManifest: event command='php' 'artisan' bingwa:process-auto-renewals expression=*/5 * * * *  
[2026-06-23 14:31:56] production.INFO: SchedulerManifest: event command='php' 'artisan' bingwa:fetch-airtime-balance expression=*/15 * * * *  
[2026-06-23 14:31:56] production.DEBUG: Bingwa transaction sync job started. {"component":"transaction_sync","user_id":1,"push_data":{"transaction_id":176,"service":"data_bundles","device_id":31},"unique_id":"bingwa-sync-transactions:1"} 
[2026-06-23 14:31:56] production.DEBUG: Bingwa transaction sync started. {"component":"transaction_sync","user_id":1,"limit":10,"only_service":"data_bundles","registration_id":1,"backend_device_id":31} 
[2026-06-23 14:31:57] production.INFO: Bingwa transaction sync endpoint response received. {"component":"transaction_sync","user_id":1,"endpoint":"data_bundles","url":"https://backend.statum.co.ke/api/v1/jobs/next/data_bundles","status":204,"response_body":""} 
[2026-06-23 14:31:57] production.DEBUG: Bingwa transaction sync finished fetching jobs. {"component":"transaction_sync","user_id":1,"synced_so_far":0,"skipped_so_far":0,"failed_so_far":0,"push_data":[]} 
[2026-06-23 14:31:57] production.INFO: Bingwa transaction sync completed. {"component":"transaction_sync","user_id":1,"synced":0,"skipped":0,"failed":0} 
[2026-06-23 14:31:57] production.DEBUG: Bingwa transaction sync job finished fetching. {"component":"transaction_sync","user_id":1,"synced":0,"skipped":0,"failed":0,"push_data":{"transaction_id":176,"service":"data_bundles","device_id":31}} 
[2026-06-23 14:31:57] production.DEBUG: BackgroundTasks: found 4 schedule event(s)  
[2026-06-23 14:31:57] production.INFO: SchedulerManifest: event command='php' 'artisan' bingwa:heartbeat expression=*/15 * * * *  
[2026-06-23 14:31:57] production.INFO: SchedulerManifest: event command='php' 'artisan' bingwa:sync-transactions expression=*/5 * * * *  
[2026-06-23 14:31:57] production.INFO: SchedulerManifest: event command='php' 'artisan' bingwa:process-auto-renewals expression=*/5 * * * *  
[2026-06-23 14:31:57] production.INFO: SchedulerManifest: event command='php' 'artisan' bingwa:fetch-airtime-balance expression=*/15 * * * *  
[2026-06-23 14:32:14] production.DEBUG: BackgroundTasks: found 4 schedule event(s)  
[2026-06-23 14:32:14] production.INFO: SchedulerManifest: event command='php' 'artisan' bingwa:heartbeat expression=*/15 * * * *  
[2026-06-23 14:32:14] production.INFO: SchedulerManifest: event command='php' 'artisan' bingwa:sync-transactions expression=*/5 * * * *  
[2026-06-23 14:32:14] production.INFO: SchedulerManifest: event command='php' 'artisan' bingwa:process-auto-renewals expression=*/5 * * * *  
[2026-06-23 14:32:14] production.INFO: SchedulerManifest: event command='php' 'artisan' bingwa:fetch-airtime-balance expression=*/15 * * * *  
[2026-06-23 14:32:15] production.DEBUG: Bingwa push notification payload received. {"data":{"transaction_id":177,"service":"data_bundles","device_id":31},"transaction_id":177,"service":"data_bundles","device_id":31} 
[2026-06-23 14:32:15] production.DEBUG: Bingwa push notification dispatched the transaction sync job. {"user_id":1,"backend_device_id":31,"transaction_id":177,"service":"data_bundles"} 
[2026-06-23 14:32:15] production.DEBUG: BackgroundTasks: found 4 schedule event(s)  
[2026-06-23 14:32:15] production.INFO: SchedulerManifest: event command='php' 'artisan' bingwa:heartbeat expression=*/15 * * * *  
[2026-06-23 14:32:15] production.INFO: SchedulerManifest: event command='php' 'artisan' bingwa:sync-transactions expression=*/5 * * * *  
[2026-06-23 14:32:15] production.INFO: SchedulerManifest: event command='php' 'artisan' bingwa:process-auto-renewals expression=*/5 * * * *  
[2026-06-23 14:32:15] production.INFO: SchedulerManifest: event command='php' 'artisan' bingwa:fetch-airtime-balance expression=*/15 * * * *  
[2026-06-23 14:32:15] production.DEBUG: Bingwa transaction sync job started. {"component":"transaction_sync","user_id":1,"push_data":{"transaction_id":177,"service":"data_bundles","device_id":31},"unique_id":"bingwa-sync-transactions:1"} 
[2026-06-23 14:32:15] production.DEBUG: Bingwa transaction sync started. {"component":"transaction_sync","user_id":1,"limit":10,"only_service":"data_bundles","registration_id":1,"backend_device_id":31} 
[2026-06-23 14:32:17] production.INFO: Bingwa transaction sync endpoint response received. {"component":"transaction_sync","user_id":1,"endpoint":"data_bundles","url":"https://backend.statum.co.ke/api/v1/jobs/next/data_bundles","status":200,"response_body":"{\"count\":1,\"jobs\":[{\"transaction_id\":177,\"mpesa_code\":\"30TRES23AC1WA\",\"sender_phone\":\"0721553678\",\"sender_name\":\"Bob Mwenda\",\"amount\":19,\"offer_name\":\"1 gb 1 hour\",\"offer_type\":\"data_bundles\",\"matched_offer\":{\"offer_key\":null,\"offer_name\":\"1 gb 1 hour\",\"offer_type\":\"data_bundles\",\"offer_amount\":19,\"offer_local_id\":null,\"amount_mismatch\":false,\"source_bhc_code\":\"SINHS\",\"source_device_id\":30,\"executor_bhc_code\":\"AXGM7\",\"offer_key_matched\":false,\"canonical_offer_id\":null,\"fulfillment_bhc_code\":\"AXGM7\",\"fulfillment_device_id\":31},\"occurred_at\":\"2026-06-23T14:32:11+03:00\",\"raw_sms\":\"30TRES23AC1WA Confirmed.You have received Ksh19.00 from Bob Mwenda 0721553678 on 16\\/5\\/26 at 9:40 PM.New M-PESA balance is Ksh5,000.00.\"}]}"} 
[2026-06-23 14:32:17] production.DEBUG: Bingwa transaction sync finished fetching jobs. {"component":"transaction_sync","user_id":1,"synced_so_far":0,"skipped_so_far":0,"failed_so_far":0,"push_data":[{"type":"data_bundles","count":1}]} 
[2026-06-23 14:32:17] production.INFO: Bingwa transaction sync persisting backend job. {"component":"transaction_sync","user_id":1,"endpoint":"data_bundles","transaction_id":177,"offer_type":"data_bundles","service":null} 
[2026-06-23 14:32:17] production.WARNING: Bingwa transaction persisted locally with no active plan. {"user_id":1,"transaction_id":"177","offer_type":"data_bundles","amount":19.0,"status":"failed","status_desc":"No active subscription plan found."} 
[2026-06-23 14:32:17] production.DEBUG: Queueing remote transaction status update. {"transaction_id":3,"remote_transaction_id":"177","status":"failed","user_id":1} 
[2026-06-23 14:32:17] production.DEBUG: Remote transaction status update job started. {"remote_transaction_id":"177","status":"failed","user_id":1,"executed_at":"2026-06-23T14:32:17+03:00"} 
[2026-06-23 14:32:18] production.DEBUG: Remote transaction status update response received. {"remote_transaction_id":"177","status":200,"body":"{\"status\":\"ok\",\"transaction_id\":177,\"data\":{\"id\":177,\"user_id\":null,\"device_account_id\":19,\"device_id\":31,\"offer_id\":null,\"mpesa_code\":\"30TRES23AC1WA\",\"sender_name\":\"Bob Mwenda\",\"sender_phone\":\"0721553678\",\"amount\":19,\"formatted_amount\":\"KES 19.00\",\"status\":\"failed\",\"ussd_response\":\"No active subscription plan found.\",\"airtime_cost\":null,\"sim_slot\":0,\"event_version\":\"1.0\",\"event_id\":\"cb1dab50-dee0-4231-8565-707f1701d6fa\",\"occurred_at\":\"2026-06-23T14:32:11+03:00\",\"idempotency_key\":\"cb1dab50-dee0-4231-8565-707f1701d6fa\",\"matched_offer_snapshot\":{\"offer_key\":null,\"offer_name\":\"1 gb 1 hour\",\"offer_type\":\"data_bundles\",\"offer_amount\":19,\"offer_local_id\":null,\"amount_mismatch\":false,\"source_bhc_code\":\"SINHS\",\"source_device_id\":30,\"executor_bhc_code\":\"AXGM7\",\"offer_key_matched\":false,\"canonical_offer_id\":null,\"fulfillment_bhc_code\":\"AXGM7\",\"fulfillment_device_id\":31},\"received_at\":\"2026-06-23T14:32:11+03:00\",\"queued_at\":\"2026-06-23T14:32:13+03:00\",\"dispatched_at\":\"2026-06-23T14:32:16+03:00\",\"executed_at\":\"2026-06-23T14:32:17+03:00\",\"completed_at\":\"2026-06-23T14:32:17+03:00\",\"created_at\":\"2026-06-23T14:32:13+03:00\",\"updated_at\":\"2026-06-23T14:32:17+03:00\"}}","payload":{"status":"failed","executed_at":"2026-06-23T14:32:17+03:00","ussd_response":"No active subscription plan found.","failure_code":"SYSTEM_ERROR"}} 
[2026-06-23 14:32:18] production.INFO: Successfully updated remote status for transaction 177 to failed  
[2026-06-23 14:32:18] production.DEBUG: Remote transaction status update dispatched synchronously. {"transaction_id":3,"remote_transaction_id":"177","status":"failed"} 
[2026-06-23 14:32:18] production.INFO: Bingwa transaction persisted locally. {"user_id":1,"transaction_id":"177","status":"failed","offer_type":"data_bundles","mpesa_code":"30TRES23AC1WA","offer_id":5} 
[2026-06-23 14:32:18] production.INFO: Bingwa transaction sync completed. {"component":"transaction_sync","user_id":1,"synced":0,"skipped":0,"failed":1} 
[2026-06-23 14:32:18] production.DEBUG: Bingwa transaction sync job finished fetching. {"component":"transaction_sync","user_id":1,"synced":0,"skipped":0,"failed":1,"push_data":{"transaction_id":177,"service":"data_bundles","device_id":31}} 
[2026-06-23 14:32:18] production.DEBUG: BackgroundTasks: found 4 schedule event(s)  
[2026-06-23 14:32:18] production.INFO: SchedulerManifest: event command='php' 'artisan' bingwa:heartbeat expression=*/15 * * * *  
[2026-06-23 14:32:18] production.INFO: SchedulerManifest: event command='php' 'artisan' bingwa:sync-transactions expression=*/5 * * * *  
[2026-06-23 14:32:18] production.INFO: SchedulerManifest: event command='php' 'artisan' bingwa:process-auto-renewals expression=*/5 * * * *  
[2026-06-23 14:32:18] production.INFO: SchedulerManifest: event command='php' 'artisan' bingwa:fetch-airtime-balance expression=*/15 * * * *  
[2026-06-23 14:32:22] production.DEBUG: BackgroundTasks: found 4 schedule event(s)  
[2026-06-23 14:32:22] production.INFO: SchedulerManifest: event command='php' 'artisan' bingwa:heartbeat expression=*/15 * * * *  
[2026-06-23 14:32:22] production.INFO: SchedulerManifest: event command='php' 'artisan' bingwa:sync-transactions expression=*/5 * * * *  
[2026-06-23 14:32:22] production.INFO: SchedulerManifest: event command='php' 'artisan' bingwa:process-auto-renewals expression=*/5 * * * *  
[2026-06-23 14:32:22] production.INFO: SchedulerManifest: event command='php' 'artisan' bingwa:fetch-airtime-balance expression=*/15 * * * *  
[2026-06-23 14:32:55] production.DEBUG: BackgroundTasks: found 4 schedule event(s)  
[2026-06-23 14:32:55] production.INFO: SchedulerManifest: event command='php' 'artisan' bingwa:heartbeat expression=*/15 * * * *  
[2026-06-23 14:32:55] production.INFO: SchedulerManifest: event command='php' 'artisan' bingwa:sync-transactions expression=*/5 * * * *  
[2026-06-23 14:32:55] production.INFO: SchedulerManifest: event command='php' 'artisan' bingwa:process-auto-renewals expression=*/5 * * * *  
[2026-06-23 14:32:55] production.INFO: SchedulerManifest: event command='php' 'artisan' bingwa:fetch-airtime-balance expression=*/15 * * * *  
[2026-06-23 14:33:24] production.DEBUG: Bingwa dashboard airtime cache hydrated. {"user_id":1,"has_balance":true,"checked_at":"2026-06-23T14:21:36+03:00"} 
[2026-06-23 14:33:24] production.DEBUG: Bingwa dashboard airtime cache hydrated. {"user_id":1,"has_balance":true,"checked_at":"2026-06-23T14:21:36+03:00"} 
[2026-06-23 14:33:24] production.DEBUG: Bingwa dashboard airtime cache hydrated. {"user_id":1,"has_balance":true,"checked_at":"2026-06-23T14:21:36+03:00"} 
[2026-06-23 14:33:24] production.DEBUG: Bingwa dashboard airtime refresh requested synchronously. {"user_id":1} 
[2026-06-23 14:33:24] production.INFO: Bingwa airtime balance refresh started. {"component":"airtime_balance","user_id":1} 
[2026-06-23 14:33:24] production.DEBUG: Bingwa airtime USSD probe. {"component":"airtime_balance","sim_slot":1,"mode":"express","nativephp_call_available":true} 
[2026-06-23 14:33:24] production.DEBUG: USSD modem lock acquired. {"component":"ussd_modem","sim_slot":1,"operation":"airtime-refresh","wait_seconds":2,"lease_seconds":105} 
[2026-06-23 14:33:26] production.DEBUG: USSD modem lock released. {"component":"ussd_modem","sim_slot":1,"operation":"airtime-refresh"} 
[2026-06-23 14:33:26] production.DEBUG: Bingwa airtime USSD raw response. {"component":"airtime_balance","sim_slot":1,"response":"{\"success\":false,\"message\":\"Airtime Bal: 493.52KSH.Expire date:21-09-2026. Tariff:Uwezo . A SPECIAL NEW offer Awaits you! Dial *131# today and stay connected.\"}"} 
[2026-06-23 14:33:26] production.DEBUG: Bingwa airtime USSD message extracted. {"component":"airtime_balance","sim_slot":1,"message":"Airtime Bal: 493.52KSH.Expire date:21-09-2026. Tariff:Uwezo . A SPECIAL NEW offer Awaits you! Dial *131# today and stay connected."} 
[2026-06-23 14:33:26] production.DEBUG: Bingwa airtime balance parsed via Airtime Bal pattern. {"component":"airtime_balance","raw":"Airtime Bal: 493.52KSH.Expire date:21-09-2026. Tariff:Uwezo . A SPECIAL NEW offer Awaits you! Dial *131# today and stay connected.","parsed":"493.52"} 
[2026-06-23 14:33:26] production.DEBUG: Bingwa airtime balance refreshed. {"component":"airtime_balance","user_id":1,"sim_slot":1,"balance":493.52} 
[2026-06-23 14:33:26] production.DEBUG: Bingwa dashboard airtime cache hydrated. {"user_id":1,"has_balance":true,"checked_at":"2026-06-23T14:33:26+03:00"} 
[2026-06-23 14:33:26] production.DEBUG: Bingwa dashboard airtime cache hydrated. {"user_id":1,"has_balance":true,"checked_at":"2026-06-23T14:33:26+03:00"} 
[2026-06-23 14:33:26] production.DEBUG: Bingwa dashboard airtime cache hydrated. {"user_id":1,"has_balance":true,"checked_at":"2026-06-23T14:33:26+03:00"} 
[2026-06-23 14:33:29] production.DEBUG: BackgroundTasks: found 4 schedule event(s)  
[2026-06-23 14:33:29] production.INFO: SchedulerManifest: event command='php' 'artisan' bingwa:heartbeat expression=*/15 * * * *  
[2026-06-23 14:33:29] production.INFO: SchedulerManifest: event command='php' 'artisan' bingwa:sync-transactions expression=*/5 * * * *  
[2026-06-23 14:33:29] production.INFO: SchedulerManifest: event command='php' 'artisan' bingwa:process-auto-renewals expression=*/5 * * * *  
[2026-06-23 14:33:29] production.INFO: SchedulerManifest: event command='php' 'artisan' bingwa:fetch-airtime-balance expression=*/15 * * * *  
[2026-06-23 14:33:33] production.DEBUG: ⚡ Livewire: loadPlans triggered  
[2026-06-23 14:33:39] production.INFO: ⚡ Livewire: initiateSambaza triggered {"selectedPlanId":7,"activePlanId":null,"sambazaLine":"0115237373"} 
[2026-06-23 14:33:44] production.DEBUG: Bingwa dashboard mount started. {"user_id":1} 
[2026-06-23 14:33:44] production.DEBUG: Bingwa dashboard airtime cache hydrated. {"user_id":1,"has_balance":true,"checked_at":"2026-06-23T14:33:26+03:00"} 
[2026-06-23 14:33:44] production.DEBUG: Bingwa dashboard airtime response ready. {"user_id":1,"balance":493.52,"checked_at":"23 Jun, 14:33"} 
[2026-06-23 14:33:49] production.DEBUG: Bingwa dashboard airtime cache hydrated. {"user_id":1,"has_balance":true,"checked_at":"2026-06-23T14:33:26+03:00"} 
[2026-06-23 14:33:49] production.DEBUG: Bingwa dashboard airtime cache hydrated. {"user_id":1,"has_balance":true,"checked_at":"2026-06-23T14:33:26+03:00"} 
[2026-06-23 14:33:54] production.DEBUG: Bingwa dashboard airtime cache hydrated. {"user_id":1,"has_balance":true,"checked_at":"2026-06-23T14:33:26+03:00"} 
[2026-06-23 14:33:54] production.DEBUG: Bingwa dashboard airtime cache hydrated. {"user_id":1,"has_balance":true,"checked_at":"2026-06-23T14:33:26+03:00"} 
[2026-06-23 14:33:59] production.DEBUG: Bingwa dashboard airtime cache hydrated. {"user_id":1,"has_balance":true,"checked_at":"2026-06-23T14:33:26+03:00"} 
[2026-06-23 14:33:59] production.DEBUG: Bingwa dashboard airtime cache hydrated. {"user_id":1,"has_balance":true,"checked_at":"2026-06-23T14:33:26+03:00"} 
[2026-06-23 14:34:02] production.DEBUG: BackgroundTasks: found 4 schedule event(s)  
[2026-06-23 14:34:02] production.INFO: SchedulerManifest: event command='php' 'artisan' bingwa:heartbeat expression=*/15 * * * *  
[2026-06-23 14:34:03] production.INFO: SchedulerManifest: event command='php' 'artisan' bingwa:sync-transactions expression=*/5 * * * *  
[2026-06-23 14:34:03] production.INFO: SchedulerManifest: event command='php' 'artisan' bingwa:process-auto-renewals expression=*/5 * * * *  
[2026-06-23 14:34:03] production.INFO: SchedulerManifest: event command='php' 'artisan' bingwa:fetch-airtime-balance expression=*/15 * * * *  
[2026-06-23 14:34:03] production.DEBUG: Remote subscription purchase sync job started. {"component":"subscription_sync","plan_id":1,"payment_reference":null} 
[2026-06-23 14:34:03] production.INFO: Syncing successful subscription purchase to backend. {"component":"subscription_sync","plan_id":1,"plan_code":"test_1","payment_reference":null} 
[2026-06-23 14:34:04] production.INFO: Successful subscription purchase synced to backend. {"component":"subscription_sync","plan_id":1,"plan_code":"test_1","remote_subscription_id":22} 
[2026-06-23 14:34:04] production.DEBUG: Remote subscription purchase sync job finished. {"component":"subscription_sync","plan_id":1,"payment_reference":null} 
[2026-06-23 14:34:04] production.DEBUG: BackgroundTasks: found 4 schedule event(s)  
[2026-06-23 14:34:04] production.INFO: SchedulerManifest: event command='php' 'artisan' bingwa:heartbeat expression=*/15 * * * *  
[2026-06-23 14:34:04] production.INFO: SchedulerManifest: event command='php' 'artisan' bingwa:sync-transactions expression=*/5 * * * *  
[2026-06-23 14:34:04] production.INFO: SchedulerManifest: event command='php' 'artisan' bingwa:process-auto-renewals expression=*/5 * * * *  
[2026-06-23 14:34:04] production.INFO: SchedulerManifest: event command='php' 'artisan' bingwa:fetch-airtime-balance expression=*/15 * * * *  
[2026-06-23 14:34:04] production.DEBUG: Bingwa dashboard airtime cache hydrated. {"user_id":1,"has_balance":true,"checked_at":"2026-06-23T14:33:26+03:00"} 
[2026-06-23 14:34:04] production.DEBUG: Bingwa dashboard airtime cache hydrated. {"user_id":1,"has_balance":true,"checked_at":"2026-06-23T14:33:26+03:00"} 
[2026-06-23 14:34:04] production.DEBUG: Subscription plans prefetch job started. {"component":"plans_prefetch","user_id":1} 
[2026-06-23 14:34:04] production.DEBUG: 🌐 Fetching plans from: https://backend.statum.co.ke/api/v1/subscription/plans/hybrid  
[2026-06-23 14:34:05] production.DEBUG: 📦 Plans response received {"plans_count":5} 
[2026-06-23 14:34:05] production.DEBUG: Subscription plans prefetch job completed successfully. {"component":"plans_prefetch","user_id":1} 
[2026-06-23 14:34:06] production.DEBUG: BackgroundTasks: found 4 schedule event(s)  
[2026-06-23 14:34:06] production.INFO: SchedulerManifest: event command='php' 'artisan' bingwa:heartbeat expression=*/15 * * * *  
[2026-06-23 14:34:06] production.INFO: SchedulerManifest: event command='php' 'artisan' bingwa:sync-transactions expression=*/5 * * * *  
[2026-06-23 14:34:06] production.INFO: SchedulerManifest: event command='php' 'artisan' bingwa:process-auto-renewals expression=*/5 * * * *  
[2026-06-23 14:34:06] production.INFO: SchedulerManifest: event command='php' 'artisan' bingwa:fetch-airtime-balance expression=*/15 * * * *  
[2026-06-23 14:34:09] production.DEBUG: BackgroundTasks: found 4 schedule event(s)  
[2026-06-23 14:34:09] production.INFO: SchedulerManifest: event command='php' 'artisan' bingwa:heartbeat expression=*/15 * * * *  
[2026-06-23 14:34:09] production.INFO: SchedulerManifest: event command='php' 'artisan' bingwa:sync-transactions expression=*/5 * * * *  
[2026-06-23 14:34:09] production.INFO: SchedulerManifest: event command='php' 'artisan' bingwa:process-auto-renewals expression=*/5 * * * *  
[2026-06-23 14:34:09] production.INFO: SchedulerManifest: event command='php' 'artisan' bingwa:fetch-airtime-balance expression=*/15 * * * *  
[2026-06-23 14:34:09] production.DEBUG: Bingwa dashboard airtime cache hydrated. {"user_id":1,"has_balance":true,"checked_at":"2026-06-23T14:33:26+03:00"} 
[2026-06-23 14:34:09] production.DEBUG: Bingwa dashboard airtime cache hydrated. {"user_id":1,"has_balance":true,"checked_at":"2026-06-23T14:33:26+03:00"} 
[2026-06-23 14:34:10] production.DEBUG: Bingwa heartbeat command dispatching job. {"user_id":1,"registration_id":1} 
[2026-06-23 14:34:10] production.INFO: Bingwa heartbeat job queued. {"user_id":1,"registration_id":1} 
[2026-06-23 14:34:10] production.DEBUG: BackgroundTasks: found 4 schedule event(s)  
[2026-06-23 14:34:10] production.INFO: SchedulerManifest: event command='php' 'artisan' bingwa:heartbeat expression=*/15 * * * *  
[2026-06-23 14:34:10] production.INFO: SchedulerManifest: event command='php' 'artisan' bingwa:sync-transactions expression=*/5 * * * *  
[2026-06-23 14:34:10] production.INFO: SchedulerManifest: event command='php' 'artisan' bingwa:process-auto-renewals expression=*/5 * * * *  
[2026-06-23 14:34:10] production.INFO: SchedulerManifest: event command='php' 'artisan' bingwa:fetch-airtime-balance expression=*/15 * * * *  
[2026-06-23 14:34:10] production.DEBUG: Auto-renewal processing command started. {"component":"auto_renewal"} 
[2026-06-23 14:34:10] production.DEBUG: Auto-renewal processing command dispatching jobs. {"component":"auto_renewal","user_id":1} 
[2026-06-23 14:34:10] production.DEBUG: Auto-renewal processing started. {"component":"auto_renewal","user_id":1} 
[2026-06-23 14:34:10] production.DEBUG: Bingwa transaction processing job dispatched. {"user_id":1} 
[2026-06-23 14:34:10] production.INFO: Auto-renewal processing command finished. {"queued":0,"rescheduled":0,"failed":0,"users":[],"component":"auto_renewal","user_id":1} 
[2026-06-23 14:34:10] production.DEBUG: BackgroundTasks: found 4 schedule event(s)  
[2026-06-23 14:34:10] production.INFO: SchedulerManifest: event command='php' 'artisan' bingwa:heartbeat expression=*/15 * * * *  
[2026-06-23 14:34:10] production.INFO: SchedulerManifest: event command='php' 'artisan' bingwa:sync-transactions expression=*/5 * * * *  
[2026-06-23 14:34:10] production.INFO: SchedulerManifest: event command='php' 'artisan' bingwa:process-auto-renewals expression=*/5 * * * *  
[2026-06-23 14:34:10] production.INFO: SchedulerManifest: event command='php' 'artisan' bingwa:fetch-airtime-balance expression=*/15 * * * *  
[2026-06-23 14:34:11] production.INFO: 🔄 Starting Bingwa transactions sync... {"command":"bingwa:sync-transactions"} 
[2026-06-23 14:34:11] production.DEBUG: Bingwa transactions sync dispatching background job.  
[2026-06-23 14:34:11] production.INFO: ✅ Sync job queued successfully. {"queued":true,"user_id":1} 
[2026-06-23 14:34:11] production.DEBUG: BackgroundTasks: found 4 schedule event(s)  
[2026-06-23 14:34:11] production.INFO: SchedulerManifest: event command='php' 'artisan' bingwa:heartbeat expression=*/15 * * * *  
[2026-06-23 14:34:11] production.INFO: SchedulerManifest: event command='php' 'artisan' bingwa:sync-transactions expression=*/5 * * * *  
[2026-06-23 14:34:11] production.INFO: SchedulerManifest: event command='php' 'artisan' bingwa:process-auto-renewals expression=*/5 * * * *  
[2026-06-23 14:34:11] production.INFO: SchedulerManifest: event command='php' 'artisan' bingwa:fetch-airtime-balance expression=*/15 * * * *  
[2026-06-23 14:34:11] production.INFO: Starting automated airtime balance refresh command... {"component":"airtime_balance","command":"bingwa:fetch-airtime-balance"} 
[2026-06-23 14:34:11] production.INFO: Dispatching RefreshAirtimeBalanceJob. {"component":"airtime_balance","user_id":1} 
[2026-06-23 14:34:12] production.DEBUG: BackgroundTasks: found 4 schedule event(s)  
[2026-06-23 14:34:12] production.INFO: SchedulerManifest: event command='php' 'artisan' bingwa:heartbeat expression=*/15 * * * *  
[2026-06-23 14:34:12] production.INFO: SchedulerManifest: event command='php' 'artisan' bingwa:sync-transactions expression=*/5 * * * *  
[2026-06-23 14:34:12] production.INFO: SchedulerManifest: event command='php' 'artisan' bingwa:process-auto-renewals expression=*/5 * * * *  
[2026-06-23 14:34:12] production.INFO: SchedulerManifest: event command='php' 'artisan' bingwa:fetch-airtime-balance expression=*/15 * * * *  
[2026-06-23 14:34:12] production.DEBUG: Bingwa FCM sync job started. {"component":"fcm_sync","user_id":1,"flow_id":"f2ad4d53-7f2b-4af4-a8d1-8d29a5722f9c","attempt":1,"tries":0} 
[2026-06-23 14:34:12] production.DEBUG: Bingwa FCM permission status checked in backend job. {"component":"fcm_sync","user_id":1,"flow_id":"f2ad4d53-7f2b-4af4-a8d1-8d29a5722f9c","permission_status":"granted"} 
[2026-06-23 14:34:12] production.DEBUG: Skipped PushNotifications::enroll() as RequestPermission is not available in this context (e.g. queue worker). {"component":"fcm_sync","user_id":1,"flow_id":"f2ad4d53-7f2b-4af4-a8d1-8d29a5722f9c"} 
[2026-06-23 14:34:12] production.DEBUG: Bingwa FCM token resolved in backend job. {"component":"fcm_sync","user_id":1,"flow_id":"f2ad4d53-7f2b-4af4-a8d1-8d29a5722f9c","token_hash":"4c79b2aace04d2145956a8fe45cb5229480abe9b30c1e09b3821ea760f674e99"} 
[2026-06-23 14:34:12] production.DEBUG: Bingwa FCM token sync skipped because this token pair was already processed. {"user_id":1,"flow_id":"f2ad4d53-7f2b-4af4-a8d1-8d29a5722f9c","device_token_hash":"464ec13405960eb0","fcm_token_hash":"4c79b2aace04d214"} 
[2026-06-23 14:34:12] production.DEBUG: Bingwa FCM sync job completed successfully. {"component":"fcm_sync","user_id":1,"flow_id":"f2ad4d53-7f2b-4af4-a8d1-8d29a5722f9c"} 
[2026-06-23 14:34:12] production.DEBUG: BackgroundTasks: found 4 schedule event(s)  
[2026-06-23 14:34:12] production.INFO: SchedulerManifest: event command='php' 'artisan' bingwa:heartbeat expression=*/15 * * * *  
[2026-06-23 14:34:12] production.INFO: SchedulerManifest: event command='php' 'artisan' bingwa:sync-transactions expression=*/5 * * * *  
[2026-06-23 14:34:12] production.INFO: SchedulerManifest: event command='php' 'artisan' bingwa:process-auto-renewals expression=*/5 * * * *  
[2026-06-23 14:34:12] production.INFO: SchedulerManifest: event command='php' 'artisan' bingwa:fetch-airtime-balance expression=*/15 * * * *  
[2026-06-23 14:34:13] production.DEBUG: Bingwa heartbeat job started. {"component":"heartbeat","user_id":1} 
[2026-06-23 14:34:13] production.INFO: Bingwa heartbeat request starting. {"component":"heartbeat","user_id":1,"registration_id":1,"backend_device_id":31,"base_url":"https://backend.statum.co.ke"} 
[2026-06-23 14:34:13] production.INFO: Bingwa heartbeat accepted by backend. {"component":"heartbeat","user_id":1,"registration_id":1,"backend_device_id":31,"status":200,"response_body":"{\"status\":\"ok\",\"heartbeat_interval_seconds\":300,\"server_time\":\"2026-06-23T14:34:13+03:00\"}","recorded_at":"2026-06-23T11:34:13.797047Z"} 
[2026-06-23 14:34:13] production.DEBUG: Bingwa heartbeat job finished. {"component":"heartbeat","user_id":1,"sent":true} 
[2026-06-23 14:34:14] production.DEBUG: BackgroundTasks: found 4 schedule event(s)  
[2026-06-23 14:34:14] production.INFO: SchedulerManifest: event command='php' 'artisan' bingwa:heartbeat expression=*/15 * * * *  
[2026-06-23 14:34:14] production.INFO: SchedulerManifest: event command='php' 'artisan' bingwa:sync-transactions expression=*/5 * * * *  
[2026-06-23 14:34:14] production.INFO: SchedulerManifest: event command='php' 'artisan' bingwa:process-auto-renewals expression=*/5 * * * *  
[2026-06-23 14:34:14] production.INFO: SchedulerManifest: event command='php' 'artisan' bingwa:fetch-airtime-balance expression=*/15 * * * *  
[2026-06-23 14:34:14] production.DEBUG: Bingwa USSD processor job started. {"user_id":1,"flow_id":"f4074fc3-c93c-44f3-998d-04c45e2568c8","attempt":1,"tries":3} 
[2026-06-23 14:34:14] production.INFO: 📤 USSD payload ready for job #1 {"code":"*180*5*2*0721553678*5*1#","mode":"express","sim_slot":1} 
[2026-06-23 14:34:14] production.DEBUG: Bingwa USSD processor claim result. {"user_id":1,"flow_id":"f4074fc3-c93c-44f3-998d-04c45e2568c8","transaction_id":1,"claimed":true} 
[2026-06-23 14:34:14] production.INFO: 📡 [BRIDGE DISPATCH] Sending USSD to Android Hardware (Async) {"transaction_id":1,"code":"*180*5*2*0721553678*5*1#","sim_slot":1,"mode":"express","timeout_seconds":90} 
[2026-06-23 14:34:14] production.DEBUG: Bingwa USSD dispatch response received. {"flow_id":"f4074fc3-c93c-44f3-998d-04c45e2568c8","transaction_id":"175","id":1,"response":"{\"success\":true,\"message\":\"Dispatched to hardware\"}"} 
[2026-06-23 14:34:14] production.DEBUG: Bingwa USSD bridge response decoded. {"flow_id":"f4074fc3-c93c-44f3-998d-04c45e2568c8","transaction_id":"175","id":1,"success":true,"message":"Dispatched to hardware"} 
[2026-06-23 14:34:14] production.INFO: Bingwa USSD bridge accepted the dispatch. {"flow_id":"f4074fc3-c93c-44f3-998d-04c45e2568c8","transaction_id":"175","id":1} 
[2026-06-23 14:34:14] production.DEBUG: Bingwa USSD processor dispatched transaction asynchronously. {"user_id":1,"flow_id":"f4074fc3-c93c-44f3-998d-04c45e2568c8","transaction_id":1} 
[2026-06-23 14:34:14] production.DEBUG: Bingwa USSD processor job finished. {"user_id":1,"flow_id":"f4074fc3-c93c-44f3-998d-04c45e2568c8","processed":1} 
[2026-06-23 14:34:14] production.DEBUG: BackgroundTasks: found 4 schedule event(s)  
[2026-06-23 14:34:14] production.INFO: SchedulerManifest: event command='php' 'artisan' bingwa:heartbeat expression=*/15 * * * *  
[2026-06-23 14:34:14] production.INFO: SchedulerManifest: event command='php' 'artisan' bingwa:sync-transactions expression=*/5 * * * *  
[2026-06-23 14:34:14] production.INFO: SchedulerManifest: event command='php' 'artisan' bingwa:process-auto-renewals expression=*/5 * * * *  
[2026-06-23 14:34:14] production.INFO: SchedulerManifest: event command='php' 'artisan' bingwa:fetch-airtime-balance expression=*/15 * * * *  
[2026-06-23 14:34:14] production.DEBUG: Bingwa dashboard airtime cache hydrated. {"user_id":1,"has_balance":true,"checked_at":"2026-06-23T14:33:26+03:00"} 
[2026-06-23 14:34:14] production.DEBUG: Bingwa dashboard airtime cache hydrated. {"user_id":1,"has_balance":true,"checked_at":"2026-06-23T14:33:26+03:00"} 
[2026-06-23 14:34:15] production.DEBUG: Bingwa transaction sync job started. {"component":"transaction_sync","user_id":1,"push_data":[],"unique_id":"bingwa-sync-transactions:1"} 
[2026-06-23 14:34:15] production.DEBUG: Bingwa transaction sync started. {"component":"transaction_sync","user_id":1,"limit":10,"only_service":null,"registration_id":1,"backend_device_id":31} 
[2026-06-23 14:34:15] production.INFO: Bingwa transaction sync endpoint response received. {"component":"transaction_sync","user_id":1,"endpoint":"data_bundles","url":"https://backend.statum.co.ke/api/v1/jobs/next/data_bundles","status":204,"response_body":""} 
[2026-06-23 14:34:15] production.INFO: Bingwa transaction sync endpoint response received. {"component":"transaction_sync","user_id":1,"endpoint":"sms","url":"https://backend.statum.co.ke/api/v1/jobs/next/sms","status":204,"response_body":""} 
[2026-06-23 14:34:15] production.INFO: Bingwa transaction sync endpoint response received. {"component":"transaction_sync","user_id":1,"endpoint":"airtime","url":"https://backend.statum.co.ke/api/v1/jobs/next/airtime","status":204,"response_body":""} 
[2026-06-23 14:34:15] production.DEBUG: Bingwa transaction sync finished fetching jobs. {"component":"transaction_sync","user_id":1,"synced_so_far":0,"skipped_so_far":0,"failed_so_far":0,"push_data":[]} 
[2026-06-23 14:34:15] production.INFO: Bingwa transaction sync completed. {"component":"transaction_sync","user_id":1,"synced":0,"skipped":0,"failed":0} 
[2026-06-23 14:34:15] production.DEBUG: Bingwa transaction sync job finished fetching. {"component":"transaction_sync","user_id":1,"synced":0,"skipped":0,"failed":0,"push_data":[]} 
[2026-06-23 14:34:16] production.DEBUG: BackgroundTasks: found 4 schedule event(s)  
[2026-06-23 14:34:16] production.INFO: SchedulerManifest: event command='php' 'artisan' bingwa:heartbeat expression=*/15 * * * *  
[2026-06-23 14:34:16] production.INFO: SchedulerManifest: event command='php' 'artisan' bingwa:sync-transactions expression=*/5 * * * *  
[2026-06-23 14:34:16] production.INFO: SchedulerManifest: event command='php' 'artisan' bingwa:process-auto-renewals expression=*/5 * * * *  
[2026-06-23 14:34:16] production.INFO: SchedulerManifest: event command='php' 'artisan' bingwa:fetch-airtime-balance expression=*/15 * * * *  
[2026-06-23 14:34:16] production.DEBUG: Airtime balance refresh job started. {"component":"airtime_balance","user_id":1} 
[2026-06-23 14:34:16] production.INFO: Bingwa airtime balance refresh started. {"component":"airtime_balance","user_id":1} 
[2026-06-23 14:34:16] production.DEBUG: Bingwa airtime USSD probe. {"component":"airtime_balance","sim_slot":1,"mode":"express","nativephp_call_available":true} 
[2026-06-23 14:34:16] production.DEBUG: USSD modem lock acquired. {"component":"ussd_modem","sim_slot":1,"operation":"airtime-refresh","wait_seconds":2,"lease_seconds":105} 
[2026-06-23 14:34:17] production.DEBUG: CompleteTransactionCommand started. {"component":"transaction_completion","transaction_id":1,"status":"completed","callback_token":"f3a3ba41-5f59-4729-b40a-f84bdf0a8a14"} 
[2026-06-23 14:34:17] production.DEBUG: Bingwa transaction completion started. {"transaction_id":1,"transaction_key":"175","status":"completed","callback_token":"f3a3ba41-5f59-4729-b40a-f84bdf0a8a14"} 
[2026-06-23 14:34:17] production.INFO: Auto-reply skipped because no active rule matched the transaction outcome. {"transaction_id":1,"status":"completed","trigger_condition":"successful_transaction"} 
[2026-06-23 14:34:17] production.DEBUG: Queueing remote transaction status update. {"transaction_id":1,"remote_transaction_id":"175","status":"successful","user_id":1} 
[2026-06-23 14:34:17] production.DEBUG: Remote transaction status update job started. {"remote_transaction_id":"175","status":"successful","user_id":1,"executed_at":"2026-06-23T14:34:17+03:00"} 
[2026-06-23 14:34:18] production.DEBUG: Remote transaction status update response received. {"remote_transaction_id":"175","status":409,"body":"{\"error\":\"invalid_state\"}","payload":{"status":"successful","executed_at":"2026-06-23T14:34:17+03:00","ussd_response":"Recommendation for 0721553678 submitted successfully. Keep selling!! Be a Bingwa Sokoni Champion.","execution_time_ms":779}} 
[2026-06-23 14:34:18] production.WARNING: Autoreach backend returned 409 Conflict for transaction 175. Transaction might not be in dispatched/executing state. {"body":"{\"error\":\"invalid_state\"}","payload":{"status":"successful","executed_at":"2026-06-23T14:34:17+03:00","ussd_response":"Recommendation for 0721553678 submitted successfully. Keep selling!! Be a Bingwa Sokoni Champion.","execution_time_ms":779}} 
[2026-06-23 14:34:18] production.DEBUG: Remote transaction status update dispatched synchronously. {"transaction_id":1,"remote_transaction_id":"175","status":"successful"} 
[2026-06-23 14:34:18] production.DEBUG: Bingwa callback delivery recorded. {"transaction_id":1,"transaction_key":"175","callback_token":"f3a3ba41-5f59-4729-b40a-f84bdf0a8a14","status":"completed","message":"Recommendation for 0721553678 submitted successfully. Keep selling!! Be a Bingwa Sokoni Champion."} 
[2026-06-23 14:34:18] production.DEBUG: Bingwa transaction processing job dispatched. {"user_id":1} 
[2026-06-23 14:34:18] production.INFO: Bingwa transaction completion finished. {"transaction_id":1,"transaction_key":"175","status":"completed","callback_token":"f3a3ba41-5f59-4729-b40a-f84bdf0a8a14","message":"Recommendation for 0721553678 submitted successfully. Keep selling!! Be a Bingwa Sokoni Champion."} 
[2026-06-23 14:34:18] production.DEBUG: CompleteTransactionCommand finished. {"component":"transaction_completion","transaction_id":1,"status":"completed","completed":true} 
[2026-06-23 14:34:18] production.DEBUG: USSD modem lock released. {"component":"ussd_modem","sim_slot":1,"operation":"airtime-refresh"} 
[2026-06-23 14:34:18] production.DEBUG: Bingwa airtime USSD raw response. {"component":"airtime_balance","sim_slot":1,"response":"{\"status\":\"error\",\"code\":\"UNKNOWN_ERROR\",\"message\":\"Unexpected error: null\",\"data\":{}}"} 
[2026-06-23 14:34:18] production.DEBUG: Bingwa airtime USSD message extracted. {"component":"airtime_balance","sim_slot":1,"message":"Unexpected error: null"} 
[2026-06-23 14:34:18] production.WARNING: Bingwa airtime balance could not be parsed from USSD response. {"component":"airtime_balance","raw":"Unexpected error: null"} 
[2026-06-23 14:34:18] production.WARNING: Bingwa airtime balance refresh failed: Could not retrieve or parse balance. {"component":"airtime_balance","user_id":1,"raw_response":"Unexpected error: null"} 
[2026-06-23 14:34:18] production.DEBUG: Airtime balance refresh job finished. {"component":"airtime_balance","user_id":1} 
[2026-06-23 14:34:18] production.DEBUG: BackgroundTasks: found 4 schedule event(s)  
[2026-06-23 14:34:18] production.INFO: SchedulerManifest: event command='php' 'artisan' bingwa:heartbeat expression=*/15 * * * *  
[2026-06-23 14:34:18] production.INFO: SchedulerManifest: event command='php' 'artisan' bingwa:sync-transactions expression=*/5 * * * *  
[2026-06-23 14:34:18] production.INFO: SchedulerManifest: event command='php' 'artisan' bingwa:process-auto-renewals expression=*/5 * * * *  
[2026-06-23 14:34:18] production.INFO: SchedulerManifest: event command='php' 'artisan' bingwa:fetch-airtime-balance expression=*/15 * * * *  
[2026-06-23 14:34:19] production.DEBUG: Bingwa USSD processor job started. {"user_id":1,"flow_id":"583cd2a7-73c7-404a-87d1-1dc5b27b46b8","attempt":1,"tries":3} 
[2026-06-23 14:34:19] production.INFO: 📤 USSD payload ready for job #2 {"code":"*180*5*2*0721553678*5*1#","mode":"express","sim_slot":1} 
[2026-06-23 14:34:19] production.DEBUG: Bingwa USSD processor claim result. {"user_id":1,"flow_id":"583cd2a7-73c7-404a-87d1-1dc5b27b46b8","transaction_id":2,"claimed":true} 
[2026-06-23 14:34:19] production.INFO: 📡 [BRIDGE DISPATCH] Sending USSD to Android Hardware (Async) {"transaction_id":2,"code":"*180*5*2*0721553678*5*1#","sim_slot":1,"mode":"express","timeout_seconds":90} 
[2026-06-23 14:34:19] production.DEBUG: Bingwa USSD dispatch response received. {"flow_id":"583cd2a7-73c7-404a-87d1-1dc5b27b46b8","transaction_id":"176","id":2,"response":"{\"success\":true,\"message\":\"Dispatched to hardware\"}"} 
[2026-06-23 14:34:19] production.DEBUG: Bingwa USSD bridge response decoded. {"flow_id":"583cd2a7-73c7-404a-87d1-1dc5b27b46b8","transaction_id":"176","id":2,"success":true,"message":"Dispatched to hardware"} 
[2026-06-23 14:34:19] production.INFO: Bingwa USSD bridge accepted the dispatch. {"flow_id":"583cd2a7-73c7-404a-87d1-1dc5b27b46b8","transaction_id":"176","id":2} 
[2026-06-23 14:34:19] production.DEBUG: Bingwa USSD processor dispatched transaction asynchronously. {"user_id":1,"flow_id":"583cd2a7-73c7-404a-87d1-1dc5b27b46b8","transaction_id":2} 
[2026-06-23 14:34:19] production.DEBUG: Bingwa USSD processor job finished. {"user_id":1,"flow_id":"583cd2a7-73c7-404a-87d1-1dc5b27b46b8","processed":1} 
[2026-06-23 14:34:19] production.DEBUG: BackgroundTasks: found 4 schedule event(s)  
[2026-06-23 14:34:19] production.INFO: SchedulerManifest: event command='php' 'artisan' bingwa:heartbeat expression=*/15 * * * *  
[2026-06-23 14:34:19] production.INFO: SchedulerManifest: event command='php' 'artisan' bingwa:sync-transactions expression=*/5 * * * *  
[2026-06-23 14:34:19] production.INFO: SchedulerManifest: event command='php' 'artisan' bingwa:process-auto-renewals expression=*/5 * * * *  
[2026-06-23 14:34:19] production.INFO: SchedulerManifest: event command='php' 'artisan' bingwa:fetch-airtime-balance expression=*/15 * * * *  
[2026-06-23 14:34:19] production.DEBUG: Bingwa dashboard mount started. {"user_id":1} 
[2026-06-23 14:34:19] production.DEBUG: Bingwa dashboard airtime cache hydrated. {"user_id":1,"has_balance":true,"checked_at":"2026-06-23T14:33:26+03:00"} 
[2026-06-23 14:34:19] production.DEBUG: Bingwa dashboard airtime response ready. {"user_id":1,"balance":493.52,"checked_at":"23 Jun, 14:33"} 
[2026-06-23 14:34:21] production.DEBUG: CompleteTransactionCommand started. {"component":"transaction_completion","transaction_id":2,"status":"failed","callback_token":"0780fc33-6856-4c51-9511-68f9ac634c00"} 
[2026-06-23 14:34:21] production.DEBUG: Bingwa transaction completion started. {"transaction_id":2,"transaction_key":"176","status":"failed","callback_token":"0780fc33-6856-4c51-9511-68f9ac634c00"} 
[2026-06-23 14:34:21] production.INFO: Auto-reply skipped because no active rule matched the transaction outcome. {"transaction_id":2,"status":"failed","trigger_condition":"already_recommended"} 
[2026-06-23 14:34:21] production.DEBUG: Queueing remote transaction status update. {"transaction_id":2,"remote_transaction_id":"176","status":"failed","user_id":1} 
[2026-06-23 14:34:21] production.DEBUG: Remote transaction status update job started. {"remote_transaction_id":"176","status":"failed","user_id":1,"executed_at":"2026-06-23T14:34:21+03:00"} 
[2026-06-23 14:34:22] production.DEBUG: Remote transaction status update response received. {"remote_transaction_id":"176","status":409,"body":"{\"error\":\"invalid_state\"}","payload":{"status":"failed","executed_at":"2026-06-23T14:34:21+03:00","ussd_response":"Recommendation failed. The customer 0721553678 has already been recommended. Kindly recommend to another customer. Thank you","execution_time_ms":590,"failure_code":"INVALID_RECIPIENT"}} 
[2026-06-23 14:34:22] production.WARNING: Autoreach backend returned 409 Conflict for transaction 176. Transaction might not be in dispatched/executing state. {"body":"{\"error\":\"invalid_state\"}","payload":{"status":"failed","executed_at":"2026-06-23T14:34:21+03:00","ussd_response":"Recommendation failed. The customer 0721553678 has already been recommended. Kindly recommend to another customer. Thank you","execution_time_ms":590,"failure_code":"INVALID_RECIPIENT"}} 
[2026-06-23 14:34:22] production.DEBUG: Remote transaction status update dispatched synchronously. {"transaction_id":2,"remote_transaction_id":"176","status":"failed"} 
[2026-06-23 14:34:22] production.DEBUG: Bingwa callback delivery recorded. {"transaction_id":2,"transaction_key":"176","callback_token":"0780fc33-6856-4c51-9511-68f9ac634c00","status":"failed","message":"Recommendation failed. The customer 0721553678 has already been recommended. Kindly recommend to another customer. Thank you"} 
[2026-06-23 14:34:22] production.DEBUG: Bingwa transaction processing job dispatched. {"user_id":1} 
[2026-06-23 14:34:22] production.INFO: Bingwa transaction completion finished. {"transaction_id":2,"transaction_key":"176","status":"failed","callback_token":"0780fc33-6856-4c51-9511-68f9ac634c00","message":"Recommendation failed. The customer 0721553678 has already been recommended. Kindly recommend to another customer. Thank you"} 
[2026-06-23 14:34:22] production.DEBUG: CompleteTransactionCommand finished. {"component":"transaction_completion","transaction_id":2,"status":"failed","completed":true} 
[2026-06-23 14:34:23] production.DEBUG: BackgroundTasks: found 4 schedule event(s)  
[2026-06-23 14:34:23] production.INFO: SchedulerManifest: event command='php' 'artisan' bingwa:heartbeat expression=*/15 * * * *  
[2026-06-23 14:34:23] production.INFO: SchedulerManifest: event command='php' 'artisan' bingwa:sync-transactions expression=*/5 * * * *  
[2026-06-23 14:34:23] production.INFO: SchedulerManifest: event command='php' 'artisan' bingwa:process-auto-renewals expression=*/5 * * * *  
[2026-06-23 14:34:23] production.INFO: SchedulerManifest: event command='php' 'artisan' bingwa:fetch-airtime-balance expression=*/15 * * * *  
[2026-06-23 14:34:23] production.DEBUG: Subscription plans prefetch job started. {"component":"plans_prefetch","user_id":1} 
[2026-06-23 14:34:23] production.DEBUG: Subscription plans prefetch job completed successfully. {"component":"plans_prefetch","user_id":1} 
[2026-06-23 14:34:23] production.DEBUG: BackgroundTasks: found 4 schedule event(s)  
[2026-06-23 14:34:23] production.INFO: SchedulerManifest: event command='php' 'artisan' bingwa:heartbeat expression=*/15 * * * *  
[2026-06-23 14:34:23] production.INFO: SchedulerManifest: event command='php' 'artisan' bingwa:sync-transactions expression=*/5 * * * *  
[2026-06-23 14:34:23] production.INFO: SchedulerManifest: event command='php' 'artisan' bingwa:process-auto-renewals expression=*/5 * * * *  
[2026-06-23 14:34:23] production.INFO: SchedulerManifest: event command='php' 'artisan' bingwa:fetch-airtime-balance expression=*/15 * * * *  
[2026-06-23 14:34:23] production.DEBUG: Bingwa USSD processor job started. {"user_id":1,"flow_id":"556344e7-b0cb-423e-a03c-1ee39218d48c","attempt":1,"tries":3} 
[2026-06-23 14:34:24] production.INFO: 📤 USSD payload ready for job #3 {"code":"*180*5*2*0721553678*5*1#","mode":"express","sim_slot":1} 
[2026-06-23 14:34:24] production.DEBUG: Bingwa USSD processor claim result. {"user_id":1,"flow_id":"556344e7-b0cb-423e-a03c-1ee39218d48c","transaction_id":3,"claimed":true} 
[2026-06-23 14:34:24] production.INFO: 📡 [BRIDGE DISPATCH] Sending USSD to Android Hardware (Async) {"transaction_id":3,"code":"*180*5*2*0721553678*5*1#","sim_slot":1,"mode":"express","timeout_seconds":90} 
[2026-06-23 14:34:24] production.DEBUG: Bingwa USSD dispatch response received. {"flow_id":"556344e7-b0cb-423e-a03c-1ee39218d48c","transaction_id":"177","id":3,"response":"{\"success\":true,\"message\":\"Dispatched to hardware\"}"} 
[2026-06-23 14:34:24] production.DEBUG: Bingwa USSD bridge response decoded. {"flow_id":"556344e7-b0cb-423e-a03c-1ee39218d48c","transaction_id":"177","id":3,"success":true,"message":"Dispatched to hardware"} 
[2026-06-23 14:34:24] production.INFO: Bingwa USSD bridge accepted the dispatch. {"flow_id":"556344e7-b0cb-423e-a03c-1ee39218d48c","transaction_id":"177","id":3} 
[2026-06-23 14:34:24] production.DEBUG: Bingwa USSD processor dispatched transaction asynchronously. {"user_id":1,"flow_id":"556344e7-b0cb-423e-a03c-1ee39218d48c","transaction_id":3} 
[2026-06-23 14:34:24] production.DEBUG: Bingwa USSD processor job finished. {"user_id":1,"flow_id":"556344e7-b0cb-423e-a03c-1ee39218d48c","processed":1} 
[2026-06-23 14:34:24] production.DEBUG: BackgroundTasks: found 4 schedule event(s)  
[2026-06-23 14:34:24] production.INFO: SchedulerManifest: event command='php' 'artisan' bingwa:heartbeat expression=*/15 * * * *  
[2026-06-23 14:34:24] production.INFO: SchedulerManifest: event command='php' 'artisan' bingwa:sync-transactions expression=*/5 * * * *  
[2026-06-23 14:34:24] production.INFO: SchedulerManifest: event command='php' 'artisan' bingwa:process-auto-renewals expression=*/5 * * * *  
[2026-06-23 14:34:24] production.INFO: SchedulerManifest: event command='php' 'artisan' bingwa:fetch-airtime-balance expression=*/15 * * * *  
[2026-06-23 14:34:24] production.DEBUG: Bingwa dashboard airtime cache hydrated. {"user_id":1,"has_balance":true,"checked_at":"2026-06-23T14:33:26+03:00"} 
[2026-06-23 14:34:25] production.DEBUG: Bingwa dashboard airtime cache hydrated. {"user_id":1,"has_balance":true,"checked_at":"2026-06-23T14:33:26+03:00"} 
[2026-06-23 14:34:26] production.DEBUG: CompleteTransactionCommand started. {"component":"transaction_completion","transaction_id":3,"status":"failed","callback_token":"a5bf74d8-b0e5-4a2f-87e4-e00c67877ba2"} 
[2026-06-23 14:34:26] production.DEBUG: Bingwa transaction completion started. {"transaction_id":3,"transaction_key":"177","status":"failed","callback_token":"a5bf74d8-b0e5-4a2f-87e4-e00c67877ba2"} 
[2026-06-23 14:34:26] production.INFO: Auto-reply skipped because no active rule matched the transaction outcome. {"transaction_id":3,"status":"failed","trigger_condition":"already_recommended"} 
[2026-06-23 14:34:26] production.DEBUG: Queueing remote transaction status update. {"transaction_id":3,"remote_transaction_id":"177","status":"failed","user_id":1} 
[2026-06-23 14:34:26] production.DEBUG: Remote transaction status update job started. {"remote_transaction_id":"177","status":"failed","user_id":1,"executed_at":"2026-06-23T14:34:26+03:00"} 
[2026-06-23 14:34:27] production.DEBUG: Remote transaction status update response received. {"remote_transaction_id":"177","status":409,"body":"{\"error\":\"invalid_state\"}","payload":{"status":"failed","executed_at":"2026-06-23T14:34:26+03:00","ussd_response":"Recommendation failed. The customer 0721553678 has already been recommended. Kindly recommend to another customer. Thank you","execution_time_ms":495,"failure_code":"INVALID_RECIPIENT"}} 
[2026-06-23 14:34:27] production.WARNING: Autoreach backend returned 409 Conflict for transaction 177. Transaction might not be in dispatched/executing state. {"body":"{\"error\":\"invalid_state\"}","payload":{"status":"failed","executed_at":"2026-06-23T14:34:26+03:00","ussd_response":"Recommendation failed. The customer 0721553678 has already been recommended. Kindly recommend to another customer. Thank you","execution_time_ms":495,"failure_code":"INVALID_RECIPIENT"}} 
[2026-06-23 14:34:27] production.DEBUG: Remote transaction status update dispatched synchronously. {"transaction_id":3,"remote_transaction_id":"177","status":"failed"} 
[2026-06-23 14:34:27] production.DEBUG: Bingwa callback delivery recorded. {"transaction_id":3,"transaction_key":"177","callback_token":"a5bf74d8-b0e5-4a2f-87e4-e00c67877ba2","status":"failed","message":"Recommendation failed. The customer 0721553678 has already been recommended. Kindly recommend to another customer. Thank you"} 
[2026-06-23 14:34:27] production.DEBUG: Bingwa transaction processing job dispatched. {"user_id":1} 
[2026-06-23 14:34:27] production.INFO: Bingwa transaction completion finished. {"transaction_id":3,"transaction_key":"177","status":"failed","callback_token":"a5bf74d8-b0e5-4a2f-87e4-e00c67877ba2","message":"Recommendation failed. The customer 0721553678 has already been recommended. Kindly recommend to another customer. Thank you"} 
[2026-06-23 14:34:27] production.DEBUG: CompleteTransactionCommand finished. {"component":"transaction_completion","transaction_id":3,"status":"failed","completed":true} 
[2026-06-23 14:34:27] production.DEBUG: BackgroundTasks: found 4 schedule event(s)  
[2026-06-23 14:34:27] production.INFO: SchedulerManifest: event command='php' 'artisan' bingwa:heartbeat expression=*/15 * * * *  
[2026-06-23 14:34:27] production.INFO: SchedulerManifest: event command='php' 'artisan' bingwa:sync-transactions expression=*/5 * * * *  
[2026-06-23 14:34:27] production.INFO: SchedulerManifest: event command='php' 'artisan' bingwa:process-auto-renewals expression=*/5 * * * *  
[2026-06-23 14:34:27] production.INFO: SchedulerManifest: event command='php' 'artisan' bingwa:fetch-airtime-balance expression=*/15 * * * *  
[2026-06-23 14:34:28] production.DEBUG: Bingwa USSD processor job started. {"user_id":1,"flow_id":"c8026924-32d6-4465-9be9-1448a5abc0cd","attempt":1,"tries":3} 
[2026-06-23 14:34:28] production.DEBUG: Bingwa USSD processor found no queued transaction. {"user_id":1,"flow_id":"c8026924-32d6-4465-9be9-1448a5abc0cd"} 
[2026-06-23 14:34:28] production.DEBUG: Bingwa USSD processor job finished. {"user_id":1,"flow_id":"c8026924-32d6-4465-9be9-1448a5abc0cd","processed":0} 
[2026-06-23 14:34:28] production.DEBUG: BackgroundTasks: found 4 schedule event(s)  
[2026-06-23 14:34:28] production.INFO: SchedulerManifest: event command='php' 'artisan' bingwa:heartbeat expression=*/15 * * * *  
[2026-06-23 14:34:28] production.INFO: SchedulerManifest: event command='php' 'artisan' bingwa:sync-transactions expression=*/5 * * * *  
[2026-06-23 14:34:28] production.INFO: SchedulerManifest: event command='php' 'artisan' bingwa:process-auto-renewals expression=*/5 * * * *  
[2026-06-23 14:34:28] production.INFO: SchedulerManifest: event command='php' 'artisan' bingwa:fetch-airtime-balance expression=*/15 * * * *  
[2026-06-23 14:34:29] production.DEBUG: Bingwa dashboard airtime cache hydrated. {"user_id":1,"has_balance":true,"checked_at":"2026-06-23T14:33:26+03:00"} 
[2026-06-23 14:34:30] production.DEBUG: Bingwa dashboard airtime cache hydrated. {"user_id":1,"has_balance":true,"checked_at":"2026-06-23T14:33:26+03:00"} 
[2026-06-23 14:34:35] production.DEBUG: Bingwa dashboard airtime cache hydrated. {"user_id":1,"has_balance":true,"checked_at":"2026-06-23T14:33:26+03:00"} 
[2026-06-23 14:34:35] production.DEBUG: Bingwa dashboard airtime cache hydrated. {"user_id":1,"has_balance":true,"checked_at":"2026-06-23T14:33:26+03:00"} 
[2026-06-23 14:34:40] production.DEBUG: Bingwa dashboard airtime cache hydrated. {"user_id":1,"has_balance":true,"checked_at":"2026-06-23T14:33:26+03:00"} 
[2026-06-23 14:34:40] production.DEBUG: Bingwa dashboard airtime cache hydrated. {"user_id":1,"has_balance":true,"checked_at":"2026-06-23T14:33:26+03:00"} 
[2026-06-23 14:34:45] production.DEBUG: Bingwa dashboard airtime cache hydrated. {"user_id":1,"has_balance":true,"checked_at":"2026-06-23T14:33:26+03:00"} 
[2026-06-23 14:34:45] production.DEBUG: Bingwa dashboard airtime cache hydrated. {"user_id":1,"has_balance":true,"checked_at":"2026-06-23T14:33:26+03:00"} 
[2026-06-23 14:34:50] production.DEBUG: Bingwa dashboard airtime cache hydrated. {"user_id":1,"has_balance":true,"checked_at":"2026-06-23T14:33:26+03:00"} 
[2026-06-23 14:34:50] production.DEBUG: Bingwa dashboard airtime cache hydrated. {"user_id":1,"has_balance":true,"checked_at":"2026-06-23T14:33:26+03:00"} 
[2026-06-23 14:34:55] production.DEBUG: Bingwa dashboard airtime cache hydrated. {"user_id":1,"has_balance":true,"checked_at":"2026-06-23T14:33:26+03:00"} 
[2026-06-23 14:34:55] production.DEBUG: Bingwa dashboard airtime cache hydrated. {"user_id":1,"has_balance":true,"checked_at":"2026-06-23T14:33:26+03:00"} 
[2026-06-23 14:34:59] production.DEBUG: Bingwa dashboard airtime cache hydrated. {"user_id":1,"has_balance":true,"checked_at":"2026-06-23T14:33:26+03:00"} 
[2026-06-23 14:35:00] production.DEBUG: Bingwa dashboard airtime cache hydrated. {"user_id":1,"has_balance":true,"checked_at":"2026-06-23T14:33:26+03:00"} 
[2026-06-23 14:35:02] production.DEBUG: BackgroundTasks: found 4 schedule event(s)  
[2026-06-23 14:35:02] production.INFO: SchedulerManifest: event command='php' 'artisan' bingwa:heartbeat expression=*/15 * * * *  
[2026-06-23 14:35:02] production.INFO: SchedulerManifest: event command='php' 'artisan' bingwa:sync-transactions expression=*/5 * * * *  
[2026-06-23 14:35:02] production.INFO: SchedulerManifest: event command='php' 'artisan' bingwa:process-auto-renewals expression=*/5 * * * *  
[2026-06-23 14:35:02] production.INFO: SchedulerManifest: event command='php' 'artisan' bingwa:fetch-airtime-balance expression=*/15 * * * *  
[2026-06-23 14:35:05] production.DEBUG: Bingwa dashboard mount started. {"user_id":1} 
[2026-06-23 14:35:05] production.DEBUG: Bingwa dashboard airtime cache hydrated. {"user_id":1,"has_balance":true,"checked_at":"2026-06-23T14:33:26+03:00"} 
[2026-06-23 14:35:05] production.DEBUG: Bingwa dashboard airtime response ready. {"user_id":1,"balance":493.52,"checked_at":"23 Jun, 14:33"} 
[2026-06-23 14:35:06] production.DEBUG: Bingwa dashboard airtime cache hydrated. {"user_id":1,"has_balance":true,"checked_at":"2026-06-23T14:33:26+03:00"} 
[2026-06-23 14:35:11] production.DEBUG: Bingwa dashboard mount started. {"user_id":1} 
[2026-06-23 14:35:11] production.DEBUG: Bingwa dashboard airtime cache hydrated. {"user_id":1,"has_balance":true,"checked_at":"2026-06-23T14:33:26+03:00"} 
[2026-06-23 14:35:11] production.DEBUG: Bingwa dashboard airtime response ready. {"user_id":1,"balance":493.52,"checked_at":"23 Jun, 14:33"} 
[2026-06-23 14:35:12] production.DEBUG: BackgroundTasks: found 4 schedule event(s)  
[2026-06-23 14:35:12] production.INFO: SchedulerManifest: event command='php' 'artisan' bingwa:heartbeat expression=*/15 * * * *  
[2026-06-23 14:35:12] production.INFO: SchedulerManifest: event command='php' 'artisan' bingwa:sync-transactions expression=*/5 * * * *  
[2026-06-23 14:35:12] production.INFO: SchedulerManifest: event command='php' 'artisan' bingwa:process-auto-renewals expression=*/5 * * * *  
[2026-06-23 14:35:12] production.INFO: SchedulerManifest: event command='php' 'artisan' bingwa:fetch-airtime-balance expression=*/15 * * * *  
[2026-06-23 14:35:12] production.DEBUG: Subscription plans prefetch job started. {"component":"plans_prefetch","user_id":1} 
[2026-06-23 14:35:12] production.DEBUG: Subscription plans prefetch job completed successfully. {"component":"plans_prefetch","user_id":1} 
[2026-06-23 14:35:12] production.DEBUG: BackgroundTasks: found 4 schedule event(s)  
[2026-06-23 14:35:12] production.INFO: SchedulerManifest: event command='php' 'artisan' bingwa:heartbeat expression=*/15 * * * *  
[2026-06-23 14:35:12] production.INFO: SchedulerManifest: event command='php' 'artisan' bingwa:sync-transactions expression=*/5 * * * *  
[2026-06-23 14:35:12] production.INFO: SchedulerManifest: event command='php' 'artisan' bingwa:process-auto-renewals expression=*/5 * * * *  
[2026-06-23 14:35:12] production.INFO: SchedulerManifest: event command='php' 'artisan' bingwa:fetch-airtime-balance expression=*/15 * * * *  
[2026-06-23 14:35:12] production.DEBUG: Bingwa dashboard airtime cache hydrated. {"user_id":1,"has_balance":true,"checked_at":"2026-06-23T14:33:26+03:00"} 
[2026-06-23 14:35:14] production.DEBUG: Bingwa dashboard airtime cache hydrated. {"user_id":1,"has_balance":true,"checked_at":"2026-06-23T14:33:26+03:00"} 
[2026-06-23 14:35:17] production.DEBUG: Bingwa dashboard airtime cache hydrated. {"user_id":1,"has_balance":true,"checked_at":"2026-06-23T14:33:26+03:00"} 
[2026-06-23 14:35:17] production.DEBUG: Bingwa dashboard airtime cache hydrated. {"user_id":1,"has_balance":true,"checked_at":"2026-06-23T14:33:26+03:00"} 
[2026-06-23 14:35:26] production.DEBUG: BackgroundTasks: found 4 schedule event(s)  
[2026-06-23 14:35:26] production.INFO: SchedulerManifest: event command='php' 'artisan' bingwa:heartbeat expression=*/15 * * * *  
[2026-06-23 14:35:26] production.INFO: SchedulerManifest: event command='php' 'artisan' bingwa:sync-transactions expression=*/5 * * * *  
[2026-06-23 14:35:26] production.INFO: SchedulerManifest: event command='php' 'artisan' bingwa:process-auto-renewals expression=*/5 * * * *  
[2026-06-23 14:35:26] production.INFO: SchedulerManifest: event command='php' 'artisan' bingwa:fetch-airtime-balance expression=*/15 * * * *  
[2026-06-23 14:35:27] production.DEBUG: Bingwa dashboard airtime cache hydrated. {"user_id":1,"has_balance":true,"checked_at":"2026-06-23T14:33:26+03:00"} 
[2026-06-23 14:35:27] production.DEBUG: Bingwa dashboard airtime cache hydrated. {"user_id":1,"has_balance":true,"checked_at":"2026-06-23T14:33:26+03:00"} 
[2026-06-23 14:35:32] production.DEBUG: Bingwa dashboard airtime cache hydrated. {"user_id":1,"has_balance":true,"checked_at":"2026-06-23T14:33:26+03:00"} 
[2026-06-23 14:35:32] production.DEBUG: Bingwa dashboard airtime cache hydrated. {"user_id":1,"has_balance":true,"checked_at":"2026-06-23T14:33:26+03:00"} 
[2026-06-23 14:35:37] production.DEBUG: Bingwa dashboard airtime cache hydrated. {"user_id":1,"has_balance":true,"checked_at":"2026-06-23T14:33:26+03:00"} 
[2026-06-23 14:35:37] production.DEBUG: Bingwa dashboard airtime cache hydrated. {"user_id":1,"has_balance":true,"checked_at":"2026-06-23T14:33:26+03:00"} 
[2026-06-23 14:35:42] production.DEBUG: Bingwa dashboard airtime cache hydrated. {"user_id":1,"has_balance":true,"checked_at":"2026-06-23T14:33:26+03:00"} 
[2026-06-23 14:35:42] production.DEBUG: Bingwa dashboard airtime cache hydrated. {"user_id":1,"has_balance":true,"checked_at":"2026-06-23T14:33:26+03:00"} 
[2026-06-23 14:35:47] production.DEBUG: Bingwa dashboard airtime cache hydrated. {"user_id":1,"has_balance":true,"checked_at":"2026-06-23T14:33:26+03:00"} 
[2026-06-23 14:35:47] production.DEBUG: Bingwa dashboard airtime cache hydrated. {"user_id":1,"has_balance":true,"checked_at":"2026-06-23T14:33:26+03:00"} 
[2026-06-23 14:35:52] production.DEBUG: Bingwa dashboard airtime cache hydrated. {"user_id":1,"has_balance":true,"checked_at":"2026-06-23T14:33:26+03:00"} 
[2026-06-23 14:35:52] production.DEBUG: Bingwa dashboard airtime cache hydrated. {"user_id":1,"has_balance":true,"checked_at":"2026-06-23T14:33:26+03:00"} 
[2026-06-23 14:35:58] production.DEBUG: Bingwa dashboard airtime cache hydrated. {"user_id":1,"has_balance":true,"checked_at":"2026-06-23T14:33:26+03:00"} 
[2026-06-23 14:49:07] production.DEBUG: BackgroundTasks: found 4 schedule event(s)  
[2026-06-23 14:49:07] production.INFO: SchedulerManifest: event command='php' 'artisan' bingwa:heartbeat expression=*/15 * * * *  
[2026-06-23 14:49:07] production.INFO: SchedulerManifest: event command='php' 'artisan' bingwa:sync-transactions expression=*/5 * * * *  
[2026-06-23 14:49:07] production.INFO: SchedulerManifest: event command='php' 'artisan' bingwa:process-auto-renewals expression=*/5 * * * *  
[2026-06-23 14:49:07] production.INFO: SchedulerManifest: event command='php' 'artisan' bingwa:fetch-airtime-balance expression=*/15 * * * *  
[2026-06-23 14:49:07] production.DEBUG: Bingwa heartbeat command dispatching job. {"user_id":1,"registration_id":1} 
[2026-06-23 14:49:07] production.INFO: Bingwa heartbeat job queued. {"user_id":1,"registration_id":1} 
[2026-06-23 14:49:07] production.DEBUG: BackgroundTasks: found 4 schedule event(s)  
[2026-06-23 14:49:07] production.INFO: SchedulerManifest: event command='php' 'artisan' bingwa:heartbeat expression=*/15 * * * *  
[2026-06-23 14:49:07] production.INFO: SchedulerManifest: event command='php' 'artisan' bingwa:sync-transactions expression=*/5 * * * *  
[2026-06-23 14:49:07] production.INFO: SchedulerManifest: event command='php' 'artisan' bingwa:process-auto-renewals expression=*/5 * * * *  
[2026-06-23 14:49:07] production.INFO: SchedulerManifest: event command='php' 'artisan' bingwa:fetch-airtime-balance expression=*/15 * * * *  
[2026-06-23 14:49:08] production.DEBUG: Auto-renewal processing command started. {"component":"auto_renewal"} 
[2026-06-23 14:49:08] production.DEBUG: Auto-renewal processing command dispatching jobs. {"component":"auto_renewal","user_id":1} 
[2026-06-23 14:49:08] production.DEBUG: Auto-renewal processing started. {"component":"auto_renewal","user_id":1} 
[2026-06-23 14:49:08] production.DEBUG: Bingwa transaction processing job dispatched. {"user_id":1} 
[2026-06-23 14:49:08] production.INFO: Auto-renewal processing command finished. {"queued":0,"rescheduled":0,"failed":0,"users":[],"component":"auto_renewal","user_id":1} 
[2026-06-23 14:49:08] production.DEBUG: BackgroundTasks: found 4 schedule event(s)  
[2026-06-23 14:49:08] production.INFO: SchedulerManifest: event command='php' 'artisan' bingwa:heartbeat expression=*/15 * * * *  
[2026-06-23 14:49:08] production.INFO: SchedulerManifest: event command='php' 'artisan' bingwa:sync-transactions expression=*/5 * * * *  
[2026-06-23 14:49:08] production.INFO: SchedulerManifest: event command='php' 'artisan' bingwa:process-auto-renewals expression=*/5 * * * *  
[2026-06-23 14:49:08] production.INFO: SchedulerManifest: event command='php' 'artisan' bingwa:fetch-airtime-balance expression=*/15 * * * *  
[2026-06-23 14:49:08] production.INFO: 🔄 Starting Bingwa transactions sync... {"command":"bingwa:sync-transactions"} 
[2026-06-23 14:49:08] production.DEBUG: Bingwa transactions sync dispatching background job.  
[2026-06-23 14:49:08] production.INFO: ✅ Sync job queued successfully. {"queued":true,"user_id":1} 
[2026-06-23 14:49:08] production.DEBUG: BackgroundTasks: found 4 schedule event(s)  
[2026-06-23 14:49:08] production.INFO: SchedulerManifest: event command='php' 'artisan' bingwa:heartbeat expression=*/15 * * * *  
[2026-06-23 14:49:08] production.INFO: SchedulerManifest: event command='php' 'artisan' bingwa:sync-transactions expression=*/5 * * * *  
[2026-06-23 14:49:08] production.INFO: SchedulerManifest: event command='php' 'artisan' bingwa:process-auto-renewals expression=*/5 * * * *  
[2026-06-23 14:49:08] production.INFO: SchedulerManifest: event command='php' 'artisan' bingwa:fetch-airtime-balance expression=*/15 * * * *  
[2026-06-23 14:49:09] production.INFO: Starting automated airtime balance refresh command... {"component":"airtime_balance","command":"bingwa:fetch-airtime-balance"} 
[2026-06-23 14:49:09] production.INFO: Dispatching RefreshAirtimeBalanceJob. {"component":"airtime_balance","user_id":1} 
[2026-06-23 14:49:09] production.DEBUG: BackgroundTasks: found 4 schedule event(s)  
[2026-06-23 14:49:09] production.INFO: SchedulerManifest: event command='php' 'artisan' bingwa:heartbeat expression=*/15 * * * *  
[2026-06-23 14:49:09] production.INFO: SchedulerManifest: event command='php' 'artisan' bingwa:sync-transactions expression=*/5 * * * *  
[2026-06-23 14:49:09] production.INFO: SchedulerManifest: event command='php' 'artisan' bingwa:process-auto-renewals expression=*/5 * * * *  
[2026-06-23 14:49:09] production.INFO: SchedulerManifest: event command='php' 'artisan' bingwa:fetch-airtime-balance expression=*/15 * * * *  
[2026-06-23 14:49:09] production.DEBUG: Bingwa FCM sync job started. {"component":"fcm_sync","user_id":1,"flow_id":"6a173716-a822-4318-a67f-c09a25739d10","attempt":1,"tries":0} 
[2026-06-23 14:49:09] production.DEBUG: Bingwa FCM permission status checked in backend job. {"component":"fcm_sync","user_id":1,"flow_id":"6a173716-a822-4318-a67f-c09a25739d10","permission_status":"granted"} 
[2026-06-23 14:49:09] production.DEBUG: Skipped PushNotifications::enroll() as RequestPermission is not available in this context (e.g. queue worker). {"component":"fcm_sync","user_id":1,"flow_id":"6a173716-a822-4318-a67f-c09a25739d10"} 
[2026-06-23 14:49:09] production.DEBUG: Bingwa FCM token resolved in backend job. {"component":"fcm_sync","user_id":1,"flow_id":"6a173716-a822-4318-a67f-c09a25739d10","token_hash":"4c79b2aace04d2145956a8fe45cb5229480abe9b30c1e09b3821ea760f674e99"} 
[2026-06-23 14:49:09] production.DEBUG: Bingwa FCM token sync skipped because this token pair was already processed. {"user_id":1,"flow_id":"6a173716-a822-4318-a67f-c09a25739d10","device_token_hash":"464ec13405960eb0","fcm_token_hash":"4c79b2aace04d214"} 
[2026-06-23 14:49:09] production.DEBUG: Bingwa FCM sync job completed successfully. {"component":"fcm_sync","user_id":1,"flow_id":"6a173716-a822-4318-a67f-c09a25739d10"} 
[2026-06-23 14:49:10] production.DEBUG: BackgroundTasks: found 4 schedule event(s)  
[2026-06-23 14:49:10] production.INFO: SchedulerManifest: event command='php' 'artisan' bingwa:heartbeat expression=*/15 * * * *  
[2026-06-23 14:49:10] production.INFO: SchedulerManifest: event command='php' 'artisan' bingwa:sync-transactions expression=*/5 * * * *  
[2026-06-23 14:49:10] production.INFO: SchedulerManifest: event command='php' 'artisan' bingwa:process-auto-renewals expression=*/5 * * * *  
[2026-06-23 14:49:10] production.INFO: SchedulerManifest: event command='php' 'artisan' bingwa:fetch-airtime-balance expression=*/15 * * * *  
[2026-06-23 14:49:10] production.DEBUG: Bingwa heartbeat job started. {"component":"heartbeat","user_id":1} 
[2026-06-23 14:49:10] production.INFO: Bingwa heartbeat request starting. {"component":"heartbeat","user_id":1,"registration_id":1,"backend_device_id":31,"base_url":"https://backend.statum.co.ke"} 
[2026-06-23 14:49:11] production.INFO: Bingwa heartbeat accepted by backend. {"component":"heartbeat","user_id":1,"registration_id":1,"backend_device_id":31,"status":200,"response_body":"{\"status\":\"ok\",\"heartbeat_interval_seconds\":300,\"server_time\":\"2026-06-23T14:49:11+03:00\"}","recorded_at":"2026-06-23T11:49:11.764099Z"} 
[2026-06-23 14:49:11] production.DEBUG: Bingwa heartbeat job finished. {"component":"heartbeat","user_id":1,"sent":true} 
[2026-06-23 14:49:12] production.DEBUG: BackgroundTasks: found 4 schedule event(s)  
[2026-06-23 14:49:12] production.INFO: SchedulerManifest: event command='php' 'artisan' bingwa:heartbeat expression=*/15 * * * *  
[2026-06-23 14:49:12] production.INFO: SchedulerManifest: event command='php' 'artisan' bingwa:sync-transactions expression=*/5 * * * *  
[2026-06-23 14:49:12] production.INFO: SchedulerManifest: event command='php' 'artisan' bingwa:process-auto-renewals expression=*/5 * * * *  
[2026-06-23 14:49:12] production.INFO: SchedulerManifest: event command='php' 'artisan' bingwa:fetch-airtime-balance expression=*/15 * * * *  
[2026-06-23 14:49:12] production.DEBUG: Bingwa USSD processor job started. {"user_id":1,"flow_id":"d3daa6a3-662c-482b-8646-f70b2a65439b","attempt":1,"tries":3} 
[2026-06-23 14:49:12] production.DEBUG: Bingwa USSD processor found no queued transaction. {"user_id":1,"flow_id":"d3daa6a3-662c-482b-8646-f70b2a65439b"} 
[2026-06-23 14:49:12] production.DEBUG: Bingwa USSD processor job finished. {"user_id":1,"flow_id":"d3daa6a3-662c-482b-8646-f70b2a65439b","processed":0} 
[2026-06-23 14:49:12] production.DEBUG: BackgroundTasks: found 4 schedule event(s)  
[2026-06-23 14:49:12] production.INFO: SchedulerManifest: event command='php' 'artisan' bingwa:heartbeat expression=*/15 * * * *  
[2026-06-23 14:49:12] production.INFO: SchedulerManifest: event command='php' 'artisan' bingwa:sync-transactions expression=*/5 * * * *  
[2026-06-23 14:49:12] production.INFO: SchedulerManifest: event command='php' 'artisan' bingwa:process-auto-renewals expression=*/5 * * * *  
[2026-06-23 14:49:12] production.INFO: SchedulerManifest: event command='php' 'artisan' bingwa:fetch-airtime-balance expression=*/15 * * * *  
[2026-06-23 14:49:13] production.DEBUG: Bingwa transaction sync job started. {"component":"transaction_sync","user_id":1,"push_data":[],"unique_id":"bingwa-sync-transactions:1"} 
[2026-06-23 14:49:13] production.DEBUG: Bingwa transaction sync started. {"component":"transaction_sync","user_id":1,"limit":10,"only_service":null,"registration_id":1,"backend_device_id":31} 
[2026-06-23 14:49:14] production.INFO: Bingwa transaction sync endpoint response received. {"component":"transaction_sync","user_id":1,"endpoint":"data_bundles","url":"https://backend.statum.co.ke/api/v1/jobs/next/data_bundles","status":204,"response_body":""} 
[2026-06-23 14:49:14] production.INFO: Bingwa transaction sync endpoint response received. {"component":"transaction_sync","user_id":1,"endpoint":"sms","url":"https://backend.statum.co.ke/api/v1/jobs/next/sms","status":204,"response_body":""} 
[2026-06-23 14:49:14] production.INFO: Bingwa transaction sync endpoint response received. {"component":"transaction_sync","user_id":1,"endpoint":"airtime","url":"https://backend.statum.co.ke/api/v1/jobs/next/airtime","status":204,"response_body":""} 
[2026-06-23 14:49:14] production.DEBUG: Bingwa transaction sync finished fetching jobs. {"component":"transaction_sync","user_id":1,"synced_so_far":0,"skipped_so_far":0,"failed_so_far":0,"push_data":[]} 
[2026-06-23 14:49:14] production.INFO: Bingwa transaction sync completed. {"component":"transaction_sync","user_id":1,"synced":0,"skipped":0,"failed":0} 
[2026-06-23 14:49:14] production.DEBUG: Bingwa transaction sync job finished fetching. {"component":"transaction_sync","user_id":1,"synced":0,"skipped":0,"failed":0,"push_data":[]} 
[2026-06-23 14:49:15] production.DEBUG: BackgroundTasks: found 4 schedule event(s)  
[2026-06-23 14:49:15] production.INFO: SchedulerManifest: event command='php' 'artisan' bingwa:heartbeat expression=*/15 * * * *  
[2026-06-23 14:49:15] production.INFO: SchedulerManifest: event command='php' 'artisan' bingwa:sync-transactions expression=*/5 * * * *  
[2026-06-23 14:49:15] production.INFO: SchedulerManifest: event command='php' 'artisan' bingwa:process-auto-renewals expression=*/5 * * * *  
[2026-06-23 14:49:15] production.INFO: SchedulerManifest: event command='php' 'artisan' bingwa:fetch-airtime-balance expression=*/15 * * * *  
[2026-06-23 14:49:15] production.DEBUG: Airtime balance refresh job started. {"component":"airtime_balance","user_id":1} 
[2026-06-23 14:49:15] production.INFO: Bingwa airtime balance refresh started. {"component":"airtime_balance","user_id":1} 
[2026-06-23 14:49:15] production.DEBUG: Bingwa airtime USSD probe. {"component":"airtime_balance","sim_slot":1,"mode":"express","nativephp_call_available":true} 
[2026-06-23 14:49:15] production.DEBUG: USSD modem lock acquired. {"component":"ussd_modem","sim_slot":1,"operation":"airtime-refresh","wait_seconds":2,"lease_seconds":105} 
[2026-06-23 14:49:17] production.DEBUG: USSD modem lock released. {"component":"ussd_modem","sim_slot":1,"operation":"airtime-refresh"} 
[2026-06-23 14:49:17] production.DEBUG: Bingwa airtime USSD raw response. {"component":"airtime_balance","sim_slot":1,"response":"{\"success\":false,\"message\":\"Airtime Bal: 483.52KSH.Expire date:21-09-2026. Tariff:Uwezo . A SPECIAL NEW offer Awaits you! Dial *131# today and stay connected.\"}"} 
[2026-06-23 14:49:17] production.DEBUG: Bingwa airtime USSD message extracted. {"component":"airtime_balance","sim_slot":1,"message":"Airtime Bal: 483.52KSH.Expire date:21-09-2026. Tariff:Uwezo . A SPECIAL NEW offer Awaits you! Dial *131# today and stay connected."} 
[2026-06-23 14:49:17] production.DEBUG: Bingwa airtime balance parsed via Airtime Bal pattern. {"component":"airtime_balance","raw":"Airtime Bal: 483.52KSH.Expire date:21-09-2026. Tariff:Uwezo . A SPECIAL NEW offer Awaits you! Dial *131# today and stay connected.","parsed":"483.52"} 
[2026-06-23 14:49:17] production.DEBUG: Bingwa airtime balance refreshed. {"component":"airtime_balance","user_id":1,"sim_slot":1,"balance":483.52} 
[2026-06-23 14:49:17] production.DEBUG: Airtime balance refresh job finished. {"component":"airtime_balance","user_id":1} 
[2026-06-23 14:49:17] production.DEBUG: BackgroundTasks: found 4 schedule event(s)  
[2026-06-23 14:49:17] production.INFO: SchedulerManifest: event command='php' 'artisan' bingwa:heartbeat expression=*/15 * * * *  
[2026-06-23 14:49:17] production.INFO: SchedulerManifest: event command='php' 'artisan' bingwa:sync-transactions expression=*/5 * * * *  
[2026-06-23 14:49:17] production.INFO: SchedulerManifest: event command='php' 'artisan' bingwa:process-auto-renewals expression=*/5 * * * *  
[2026-06-23 14:49:17] production.INFO: SchedulerManifest: event command='php' 'artisan' bingwa:fetch-airtime-balance expression=*/15 * * * *  
[2026-06-23 14:49:52] production.DEBUG: BackgroundTasks: found 4 schedule event(s)  
[2026-06-23 14:49:52] production.INFO: SchedulerManifest: event command='php' 'artisan' bingwa:heartbeat expression=*/15 * * * *  
[2026-06-23 14:49:52] production.INFO: SchedulerManifest: event command='php' 'artisan' bingwa:sync-transactions expression=*/5 * * * *  
[2026-06-23 14:49:52] production.INFO: SchedulerManifest: event command='php' 'artisan' bingwa:process-auto-renewals expression=*/5 * * * *  
[2026-06-23 14:49:52] production.INFO: SchedulerManifest: event command='php' 'artisan' bingwa:fetch-airtime-balance expression=*/15 * * * *  
[2026-06-23 14:50:26] production.DEBUG: BackgroundTasks: found 4 schedule event(s)  
[2026-06-23 14:50:26] production.INFO: SchedulerManifest: event command='php' 'artisan' bingwa:heartbeat expression=*/15 * * * *  
[2026-06-23 14:50:26] production.INFO: SchedulerManifest: event command='php' 'artisan' bingwa:sync-transactions expression=*/5 * * * *  
[2026-06-23 14:50:26] production.INFO: SchedulerManifest: event command='php' 'artisan' bingwa:process-auto-renewals expression=*/5 * * * *  
[2026-06-23 14:50:26] production.INFO: SchedulerManifest: event command='php' 'artisan' bingwa:fetch-airtime-balance expression=*/15 * * * *  
[2026-06-23 14:51:01] production.DEBUG: BackgroundTasks: found 4 schedule event(s)  
[2026-06-23 14:51:01] production.INFO: SchedulerManifest: event command='php' 'artisan' bingwa:heartbeat expression=*/15 * * * *  
[2026-06-23 14:51:01] production.INFO: SchedulerManifest: event command='php' 'artisan' bingwa:sync-transactions expression=*/5 * * * *  
[2026-06-23 14:51:01] production.INFO: SchedulerManifest: event command='php' 'artisan' bingwa:process-auto-renewals expression=*/5 * * * *  
[2026-06-23 14:51:01] production.INFO: SchedulerManifest: event command='php' 'artisan' bingwa:fetch-airtime-balance expression=*/15 * * * *  
[2026-06-23 14:51:35] production.DEBUG: BackgroundTasks: found 4 schedule event(s)  
[2026-06-23 14:51:35] production.INFO: SchedulerManifest: event command='php' 'artisan' bingwa:heartbeat expression=*/15 * * * *  
[2026-06-23 14:51:35] production.INFO: SchedulerManifest: event command='php' 'artisan' bingwa:sync-transactions expression=*/5 * * * *  
[2026-06-23 14:51:35] production.INFO: SchedulerManifest: event command='php' 'artisan' bingwa:process-auto-renewals expression=*/5 * * * *  
[2026-06-23 14:51:35] production.INFO: SchedulerManifest: event command='php' 'artisan' bingwa:fetch-airtime-balance expression=*/15 * * * *  
[2026-06-23 14:52:10] production.DEBUG: BackgroundTasks: found 4 schedule event(s)  
[2026-06-23 14:52:10] production.INFO: SchedulerManifest: event command='php' 'artisan' bingwa:heartbeat expression=*/15 * * * *  
[2026-06-23 14:52:10] production.INFO: SchedulerManifest: event command='php' 'artisan' bingwa:sync-transactions expression=*/5 * * * *  
[2026-06-23 14:52:10] production.INFO: SchedulerManifest: event command='php' 'artisan' bingwa:process-auto-renewals expression=*/5 * * * *  
[2026-06-23 14:52:10] production.INFO: SchedulerManifest: event command='php' 'artisan' bingwa:fetch-airtime-balance expression=*/15 * * * *  
[2026-06-23 14:52:44] production.DEBUG: BackgroundTasks: found 4 schedule event(s)  
[2026-06-23 14:52:44] production.INFO: SchedulerManifest: event command='php' 'artisan' bingwa:heartbeat expression=*/15 * * * *  
[2026-06-23 14:52:44] production.INFO: SchedulerManifest: event command='php' 'artisan' bingwa:sync-transactions expression=*/5 * * * *  
[2026-06-23 14:52:44] production.INFO: SchedulerManifest: event command='php' 'artisan' bingwa:process-auto-renewals expression=*/5 * * * *  
[2026-06-23 14:52:44] production.INFO: SchedulerManifest: event command='php' 'artisan' bingwa:fetch-airtime-balance expression=*/15 * * * *  
[2026-06-23 14:53:19] production.DEBUG: BackgroundTasks: found 4 schedule event(s)  
[2026-06-23 14:53:19] production.INFO: SchedulerManifest: event command='php' 'artisan' bingwa:heartbeat expression=*/15 * * * *  
[2026-06-23 14:53:19] production.INFO: SchedulerManifest: event command='php' 'artisan' bingwa:sync-transactions expression=*/5 * * * *  
[2026-06-23 14:53:19] production.INFO: SchedulerManifest: event command='php' 'artisan' bingwa:process-auto-renewals expression=*/5 * * * *  
[2026-06-23 14:53:19] production.INFO: SchedulerManifest: event command='php' 'artisan' bingwa:fetch-airtime-balance expression=*/15 * * * *  
[2026-06-23 14:53:54] production.DEBUG: BackgroundTasks: found 4 schedule event(s)  
[2026-06-23 14:53:54] production.INFO: SchedulerManifest: event command='php' 'artisan' bingwa:heartbeat expression=*/15 * * * *  
[2026-06-23 14:53:54] production.INFO: SchedulerManifest: event command='php' 'artisan' bingwa:sync-transactions expression=*/5 * * * *  
[2026-06-23 14:53:54] production.INFO: SchedulerManifest: event command='php' 'artisan' bingwa:process-auto-renewals expression=*/5 * * * *  
[2026-06-23 14:53:54] production.INFO: SchedulerManifest: event command='php' 'artisan' bingwa:fetch-airtime-balance expression=*/15 * * * *  
[2026-06-23 14:54:28] production.DEBUG: BackgroundTasks: found 4 schedule event(s)  
[2026-06-23 14:54:28] production.INFO: SchedulerManifest: event command='php' 'artisan' bingwa:heartbeat expression=*/15 * * * *  
[2026-06-23 14:54:28] production.INFO: SchedulerManifest: event command='php' 'artisan' bingwa:sync-transactions expression=*/5 * * * *  
[2026-06-23 14:54:28] production.INFO: SchedulerManifest: event command='php' 'artisan' bingwa:process-auto-renewals expression=*/5 * * * *  
[2026-06-23 14:54:28] production.INFO: SchedulerManifest: event command='php' 'artisan' bingwa:fetch-airtime-balance expression=*/15 * * * *  
[2026-06-23 14:55:02] production.DEBUG: BackgroundTasks: found 4 schedule event(s)  
[2026-06-23 14:55:02] production.INFO: SchedulerManifest: event command='php' 'artisan' bingwa:heartbeat expression=*/15 * * * *  
[2026-06-23 14:55:02] production.INFO: SchedulerManifest: event command='php' 'artisan' bingwa:sync-transactions expression=*/5 * * * *  
[2026-06-23 14:55:02] production.INFO: SchedulerManifest: event command='php' 'artisan' bingwa:process-auto-renewals expression=*/5 * * * *  
[2026-06-23 14:55:02] production.INFO: SchedulerManifest: event command='php' 'artisan' bingwa:fetch-airtime-balance expression=*/15 * * * *  
[2026-06-23 14:55:37] production.DEBUG: BackgroundTasks: found 4 schedule event(s)  
[2026-06-23 14:55:37] production.INFO: SchedulerManifest: event command='php' 'artisan' bingwa:heartbeat expression=*/15 * * * *  
[2026-06-23 14:55:37] production.INFO: SchedulerManifest: event command='php' 'artisan' bingwa:sync-transactions expression=*/5 * * * *  
[2026-06-23 14:55:37] production.INFO: SchedulerManifest: event command='php' 'artisan' bingwa:process-auto-renewals expression=*/5 * * * *  
[2026-06-23 14:55:37] production.INFO: SchedulerManifest: event command='php' 'artisan' bingwa:fetch-airtime-balance expression=*/15 * * * *  
[2026-06-23 14:56:11] production.DEBUG: BackgroundTasks: found 4 schedule event(s)  
[2026-06-23 14:56:11] production.INFO: SchedulerManifest: event command='php' 'artisan' bingwa:heartbeat expression=*/15 * * * *  
[2026-06-23 14:56:11] production.INFO: SchedulerManifest: event command='php' 'artisan' bingwa:sync-transactions expression=*/5 * * * *  
[2026-06-23 14:56:11] production.INFO: SchedulerManifest: event command='php' 'artisan' bingwa:process-auto-renewals expression=*/5 * * * *  
[2026-06-23 14:56:11] production.INFO: SchedulerManifest: event command='php' 'artisan' bingwa:fetch-airtime-balance expression=*/15 * * * *  
[2026-06-23 14:56:46] production.DEBUG: BackgroundTasks: found 4 schedule event(s)  
[2026-06-23 14:56:46] production.INFO: SchedulerManifest: event command='php' 'artisan' bingwa:heartbeat expression=*/15 * * * *  
[2026-06-23 14:56:46] production.INFO: SchedulerManifest: event command='php' 'artisan' bingwa:sync-transactions expression=*/5 * * * *  
[2026-06-23 14:56:46] production.INFO: SchedulerManifest: event command='php' 'artisan' bingwa:process-auto-renewals expression=*/5 * * * *  
[2026-06-23 14:56:46] production.INFO: SchedulerManifest: event command='php' 'artisan' bingwa:fetch-airtime-balance expression=*/15 * * * *  
[2026-06-23 14:57:20] production.DEBUG: BackgroundTasks: found 4 schedule event(s)  
[2026-06-23 14:57:20] production.INFO: SchedulerManifest: event command='php' 'artisan' bingwa:heartbeat expression=*/15 * * * *  
[2026-06-23 14:57:20] production.INFO: SchedulerManifest: event command='php' 'artisan' bingwa:sync-transactions expression=*/5 * * * *  
[2026-06-23 14:57:20] production.INFO: SchedulerManifest: event command='php' 'artisan' bingwa:process-auto-renewals expression=*/5 * * * *  
[2026-06-23 14:57:20] production.INFO: SchedulerManifest: event command='php' 'artisan' bingwa:fetch-airtime-balance expression=*/15 * * * *  
[2026-06-23 14:57:55] production.DEBUG: BackgroundTasks: found 4 schedule event(s)  
[2026-06-23 14:57:55] production.INFO: SchedulerManifest: event command='php' 'artisan' bingwa:heartbeat expression=*/15 * * * *  
[2026-06-23 14:57:55] production.INFO: SchedulerManifest: event command='php' 'artisan' bingwa:sync-transactions expression=*/5 * * * *  
[2026-06-23 14:57:55] production.INFO: SchedulerManifest: event command='php' 'artisan' bingwa:process-auto-renewals expression=*/5 * * * *  
[2026-06-23 14:57:55] production.INFO: SchedulerManifest: event command='php' 'artisan' bingwa:fetch-airtime-balance expression=*/15 * * * *  
[2026-06-23 14:58:29] production.DEBUG: BackgroundTasks: found 4 schedule event(s)  
[2026-06-23 14:58:30] production.INFO: SchedulerManifest: event command='php' 'artisan' bingwa:heartbeat expression=*/15 * * * *  
[2026-06-23 14:58:30] production.INFO: SchedulerManifest: event command='php' 'artisan' bingwa:sync-transactions expression=*/5 * * * *  
[2026-06-23 14:58:30] production.INFO: SchedulerManifest: event command='php' 'artisan' bingwa:process-auto-renewals expression=*/5 * * * *  
[2026-06-23 14:58:30] production.INFO: SchedulerManifest: event command='php' 'artisan' bingwa:fetch-airtime-balance expression=*/15 * * * *  
[2026-06-23 14:59:04] production.DEBUG: BackgroundTasks: found 4 schedule event(s)  
[2026-06-23 14:59:04] production.INFO: SchedulerManifest: event command='php' 'artisan' bingwa:heartbeat expression=*/15 * * * *  
[2026-06-23 14:59:04] production.INFO: SchedulerManifest: event command='php' 'artisan' bingwa:sync-transactions expression=*/5 * * * *  
[2026-06-23 14:59:04] production.INFO: SchedulerManifest: event command='php' 'artisan' bingwa:process-auto-renewals expression=*/5 * * * *  
[2026-06-23 14:59:04] production.INFO: SchedulerManifest: event command='php' 'artisan' bingwa:fetch-airtime-balance expression=*/15 * * * *  
[2026-06-23 14:59:39] production.DEBUG: BackgroundTasks: found 4 schedule event(s)  
[2026-06-23 14:59:39] production.INFO: SchedulerManifest: event command='php' 'artisan' bingwa:heartbeat expression=*/15 * * * *  
[2026-06-23 14:59:39] production.INFO: SchedulerManifest: event command='php' 'artisan' bingwa:sync-transactions expression=*/5 * * * *  
[2026-06-23 14:59:39] production.INFO: SchedulerManifest: event command='php' 'artisan' bingwa:process-auto-renewals expression=*/5 * * * *  
[2026-06-23 14:59:39] production.INFO: SchedulerManifest: event command='php' 'artisan' bingwa:fetch-airtime-balance expression=*/15 * * * *  
[2026-06-23 15:00:13] production.DEBUG: BackgroundTasks: found 4 schedule event(s)  
[2026-06-23 15:00:13] production.INFO: SchedulerManifest: event command='php' 'artisan' bingwa:heartbeat expression=*/15 * * * *  
[2026-06-23 15:00:13] production.INFO: SchedulerManifest: event command='php' 'artisan' bingwa:sync-transactions expression=*/5 * * * *  
[2026-06-23 15:00:13] production.INFO: SchedulerManifest: event command='php' 'artisan' bingwa:process-auto-renewals expression=*/5 * * * *  
[2026-06-23 15:00:13] production.INFO: SchedulerManifest: event command='php' 'artisan' bingwa:fetch-airtime-balance expression=*/15 * * * *  
[2026-06-23 15:00:48] production.DEBUG: BackgroundTasks: found 4 schedule event(s)  
[2026-06-23 15:00:48] production.INFO: SchedulerManifest: event command='php' 'artisan' bingwa:heartbeat expression=*/15 * * * *  
[2026-06-23 15:00:48] production.INFO: SchedulerManifest: event command='php' 'artisan' bingwa:sync-transactions expression=*/5 * * * *  
[2026-06-23 15:00:48] production.INFO: SchedulerManifest: event command='php' 'artisan' bingwa:process-auto-renewals expression=*/5 * * * *  
[2026-06-23 15:00:48] production.INFO: SchedulerManifest: event command='php' 'artisan' bingwa:fetch-airtime-balance expression=*/15 * * * *  
[2026-06-23 15:01:22] production.DEBUG: BackgroundTasks: found 4 schedule event(s)  
[2026-06-23 15:01:22] production.INFO: SchedulerManifest: event command='php' 'artisan' bingwa:heartbeat expression=*/15 * * * *  
[2026-06-23 15:01:22] production.INFO: SchedulerManifest: event command='php' 'artisan' bingwa:sync-transactions expression=*/5 * * * *  
[2026-06-23 15:01:22] production.INFO: SchedulerManifest: event command='php' 'artisan' bingwa:process-auto-renewals expression=*/5 * * * *  
[2026-06-23 15:01:22] production.INFO: SchedulerManifest: event command='php' 'artisan' bingwa:fetch-airtime-balance expression=*/15 * * * *  
[2026-06-23 15:01:57] production.DEBUG: BackgroundTasks: found 4 schedule event(s)  
[2026-06-23 15:01:57] production.INFO: SchedulerManifest: event command='php' 'artisan' bingwa:heartbeat expression=*/15 * * * *  
[2026-06-23 15:01:57] production.INFO: SchedulerManifest: event command='php' 'artisan' bingwa:sync-transactions expression=*/5 * * * *  
[2026-06-23 15:01:57] production.INFO: SchedulerManifest: event command='php' 'artisan' bingwa:process-auto-renewals expression=*/5 * * * *  
[2026-06-23 15:01:57] production.INFO: SchedulerManifest: event command='php' 'artisan' bingwa:fetch-airtime-balance expression=*/15 * * * *  
[2026-06-23 15:02:31] production.DEBUG: BackgroundTasks: found 4 schedule event(s)  
[2026-06-23 15:02:31] production.INFO: SchedulerManifest: event command='php' 'artisan' bingwa:heartbeat expression=*/15 * * * *  
[2026-06-23 15:02:31] production.INFO: SchedulerManifest: event command='php' 'artisan' bingwa:sync-transactions expression=*/5 * * * *  
[2026-06-23 15:02:31] production.INFO: SchedulerManifest: event command='php' 'artisan' bingwa:process-auto-renewals expression=*/5 * * * *  
[2026-06-23 15:02:31] production.INFO: SchedulerManifest: event command='php' 'artisan' bingwa:fetch-airtime-balance expression=*/15 * * * *  
[2026-06-23 15:03:06] production.DEBUG: BackgroundTasks: found 4 schedule event(s)  
[2026-06-23 15:03:06] production.INFO: SchedulerManifest: event command='php' 'artisan' bingwa:heartbeat expression=*/15 * * * *  
[2026-06-23 15:03:06] production.INFO: SchedulerManifest: event command='php' 'artisan' bingwa:sync-transactions expression=*/5 * * * *  
[2026-06-23 15:03:06] production.INFO: SchedulerManifest: event command='php' 'artisan' bingwa:process-auto-renewals expression=*/5 * * * *  
[2026-06-23 15:03:06] production.INFO: SchedulerManifest: event command='php' 'artisan' bingwa:fetch-airtime-balance expression=*/15 * * * *  
[2026-06-23 15:03:40] production.DEBUG: BackgroundTasks: found 4 schedule event(s)  
[2026-06-23 15:03:40] production.INFO: SchedulerManifest: event command='php' 'artisan' bingwa:heartbeat expression=*/15 * * * *  
[2026-06-23 15:03:40] production.INFO: SchedulerManifest: event command='php' 'artisan' bingwa:sync-transactions expression=*/5 * * * *  
[2026-06-23 15:03:40] production.INFO: SchedulerManifest: event command='php' 'artisan' bingwa:process-auto-renewals expression=*/5 * * * *  
[2026-06-23 15:03:40] production.INFO: SchedulerManifest: event command='php' 'artisan' bingwa:fetch-airtime-balance expression=*/15 * * * *  
[2026-06-23 15:04:07] production.DEBUG: BackgroundTasks: found 4 schedule event(s)  
[2026-06-23 15:04:07] production.INFO: SchedulerManifest: event command='php' 'artisan' bingwa:heartbeat expression=*/15 * * * *  
[2026-06-23 15:04:07] production.INFO: SchedulerManifest: event command='php' 'artisan' bingwa:sync-transactions expression=*/5 * * * *  
[2026-06-23 15:04:07] production.INFO: SchedulerManifest: event command='php' 'artisan' bingwa:process-auto-renewals expression=*/5 * * * *  
[2026-06-23 15:04:07] production.INFO: SchedulerManifest: event command='php' 'artisan' bingwa:fetch-airtime-balance expression=*/15 * * * *  
[2026-06-23 15:04:08] production.DEBUG: Bingwa heartbeat command dispatching job. {"user_id":1,"registration_id":1} 
[2026-06-23 15:04:08] production.INFO: Bingwa heartbeat job queued. {"user_id":1,"registration_id":1} 
[2026-06-23 15:04:09] production.DEBUG: BackgroundTasks: found 4 schedule event(s)  
[2026-06-23 15:04:09] production.INFO: SchedulerManifest: event command='php' 'artisan' bingwa:heartbeat expression=*/15 * * * *  
[2026-06-23 15:04:09] production.INFO: SchedulerManifest: event command='php' 'artisan' bingwa:sync-transactions expression=*/5 * * * *  
[2026-06-23 15:04:09] production.INFO: SchedulerManifest: event command='php' 'artisan' bingwa:process-auto-renewals expression=*/5 * * * *  
[2026-06-23 15:04:09] production.INFO: SchedulerManifest: event command='php' 'artisan' bingwa:fetch-airtime-balance expression=*/15 * * * *  
[2026-06-23 15:04:09] production.DEBUG: Auto-renewal processing command started. {"component":"auto_renewal"} 
[2026-06-23 15:04:09] production.DEBUG: Auto-renewal processing command dispatching jobs. {"component":"auto_renewal","user_id":1} 
[2026-06-23 15:04:09] production.DEBUG: Auto-renewal processing started. {"component":"auto_renewal","user_id":1} 
[2026-06-23 15:04:10] production.DEBUG: Bingwa transaction processing job dispatched. {"user_id":1} 
[2026-06-23 15:04:10] production.INFO: Auto-renewal processing command finished. {"queued":0,"rescheduled":0,"failed":0,"users":[],"component":"auto_renewal","user_id":1} 
[2026-06-23 15:04:10] production.DEBUG: BackgroundTasks: found 4 schedule event(s)  
[2026-06-23 15:04:10] production.INFO: SchedulerManifest: event command='php' 'artisan' bingwa:heartbeat expression=*/15 * * * *  
[2026-06-23 15:04:10] production.INFO: SchedulerManifest: event command='php' 'artisan' bingwa:sync-transactions expression=*/5 * * * *  
[2026-06-23 15:04:10] production.INFO: SchedulerManifest: event command='php' 'artisan' bingwa:process-auto-renewals expression=*/5 * * * *  
[2026-06-23 15:04:10] production.INFO: SchedulerManifest: event command='php' 'artisan' bingwa:fetch-airtime-balance expression=*/15 * * * *  
[2026-06-23 15:04:11] production.INFO: 🔄 Starting Bingwa transactions sync... {"command":"bingwa:sync-transactions"} 
[2026-06-23 15:04:11] production.DEBUG: Bingwa transactions sync dispatching background job.  
[2026-06-23 15:04:11] production.INFO: ✅ Sync job queued successfully. {"queued":true,"user_id":1} 
[2026-06-23 15:04:12] production.DEBUG: BackgroundTasks: found 4 schedule event(s)  
[2026-06-23 15:04:12] production.INFO: SchedulerManifest: event command='php' 'artisan' bingwa:heartbeat expression=*/15 * * * *  
[2026-06-23 15:04:12] production.INFO: SchedulerManifest: event command='php' 'artisan' bingwa:sync-transactions expression=*/5 * * * *  
[2026-06-23 15:04:12] production.INFO: SchedulerManifest: event command='php' 'artisan' bingwa:process-auto-renewals expression=*/5 * * * *  
[2026-06-23 15:04:12] production.INFO: SchedulerManifest: event command='php' 'artisan' bingwa:fetch-airtime-balance expression=*/15 * * * *  
[2026-06-23 15:04:12] production.INFO: Starting automated airtime balance refresh command... {"component":"airtime_balance","command":"bingwa:fetch-airtime-balance"} 
[2026-06-23 15:04:13] production.INFO: Dispatching RefreshAirtimeBalanceJob. {"component":"airtime_balance","user_id":1} 
[2026-06-23 15:04:13] production.DEBUG: BackgroundTasks: found 4 schedule event(s)  
[2026-06-23 15:04:13] production.INFO: SchedulerManifest: event command='php' 'artisan' bingwa:heartbeat expression=*/15 * * * *  
[2026-06-23 15:04:13] production.INFO: SchedulerManifest: event command='php' 'artisan' bingwa:sync-transactions expression=*/5 * * * *  
[2026-06-23 15:04:13] production.INFO: SchedulerManifest: event command='php' 'artisan' bingwa:process-auto-renewals expression=*/5 * * * *  
[2026-06-23 15:04:13] production.INFO: SchedulerManifest: event command='php' 'artisan' bingwa:fetch-airtime-balance expression=*/15 * * * *  
[2026-06-23 15:04:14] production.DEBUG: Bingwa FCM sync job started. {"component":"fcm_sync","user_id":1,"flow_id":"f312abd1-80b5-41c5-980d-173a34487c28","attempt":1,"tries":0} 
[2026-06-23 15:04:14] production.DEBUG: Bingwa FCM permission status checked in backend job. {"component":"fcm_sync","user_id":1,"flow_id":"f312abd1-80b5-41c5-980d-173a34487c28","permission_status":"granted"} 
[2026-06-23 15:04:14] production.DEBUG: Skipped PushNotifications::enroll() as RequestPermission is not available in this context (e.g. queue worker). {"component":"fcm_sync","user_id":1,"flow_id":"f312abd1-80b5-41c5-980d-173a34487c28"} 
[2026-06-23 15:04:14] production.DEBUG: Bingwa FCM token resolved in backend job. {"component":"fcm_sync","user_id":1,"flow_id":"f312abd1-80b5-41c5-980d-173a34487c28","token_hash":"4c79b2aace04d2145956a8fe45cb5229480abe9b30c1e09b3821ea760f674e99"} 
[2026-06-23 15:04:14] production.DEBUG: Bingwa FCM token sync skipped because this token pair was already processed. {"user_id":1,"flow_id":"f312abd1-80b5-41c5-980d-173a34487c28","device_token_hash":"464ec13405960eb0","fcm_token_hash":"4c79b2aace04d214"} 
[2026-06-23 15:04:14] production.DEBUG: Bingwa FCM sync job completed successfully. {"component":"fcm_sync","user_id":1,"flow_id":"f312abd1-80b5-41c5-980d-173a34487c28"} 
[2026-06-23 15:04:15] production.DEBUG: BackgroundTasks: found 4 schedule event(s)  
[2026-06-23 15:04:15] production.INFO: SchedulerManifest: event command='php' 'artisan' bingwa:heartbeat expression=*/15 * * * *  
[2026-06-23 15:04:15] production.INFO: SchedulerManifest: event command='php' 'artisan' bingwa:sync-transactions expression=*/5 * * * *  
[2026-06-23 15:04:15] production.INFO: SchedulerManifest: event command='php' 'artisan' bingwa:process-auto-renewals expression=*/5 * * * *  
[2026-06-23 15:04:15] production.INFO: SchedulerManifest: event command='php' 'artisan' bingwa:fetch-airtime-balance expression=*/15 * * * *  
[2026-06-23 15:04:16] production.DEBUG: Bingwa heartbeat job started. {"component":"heartbeat","user_id":1} 
[2026-06-23 15:04:16] production.INFO: Bingwa heartbeat request starting. {"component":"heartbeat","user_id":1,"registration_id":1,"backend_device_id":31,"base_url":"https://backend.statum.co.ke"} 
[2026-06-23 15:04:17] production.INFO: Bingwa heartbeat accepted by backend. {"component":"heartbeat","user_id":1,"registration_id":1,"backend_device_id":31,"status":200,"response_body":"{\"status\":\"ok\",\"heartbeat_interval_seconds\":300,\"server_time\":\"2026-06-23T15:04:16+03:00\"}","recorded_at":"2026-06-23T12:04:17.343266Z"} 
[2026-06-23 15:04:17] production.DEBUG: Bingwa heartbeat job finished. {"component":"heartbeat","user_id":1,"sent":true} 
[2026-06-23 15:04:18] production.DEBUG: BackgroundTasks: found 4 schedule event(s)  
[2026-06-23 15:04:18] production.INFO: SchedulerManifest: event command='php' 'artisan' bingwa:heartbeat expression=*/15 * * * *  
[2026-06-23 15:04:18] production.INFO: SchedulerManifest: event command='php' 'artisan' bingwa:sync-transactions expression=*/5 * * * *  
[2026-06-23 15:04:18] production.INFO: SchedulerManifest: event command='php' 'artisan' bingwa:process-auto-renewals expression=*/5 * * * *  
[2026-06-23 15:04:18] production.INFO: SchedulerManifest: event command='php' 'artisan' bingwa:fetch-airtime-balance expression=*/15 * * * *  
[2026-06-23 15:04:18] production.DEBUG: Bingwa USSD processor job started. {"user_id":1,"flow_id":"5a701a71-cac7-4188-9b4a-0d79c79693dc","attempt":1,"tries":3} 
[2026-06-23 15:04:18] production.DEBUG: Bingwa USSD processor found no queued transaction. {"user_id":1,"flow_id":"5a701a71-cac7-4188-9b4a-0d79c79693dc"} 
[2026-06-23 15:04:18] production.DEBUG: Bingwa USSD processor job finished. {"user_id":1,"flow_id":"5a701a71-cac7-4188-9b4a-0d79c79693dc","processed":0} 
[2026-06-23 15:04:19] production.DEBUG: BackgroundTasks: found 4 schedule event(s)  
[2026-06-23 15:04:19] production.INFO: SchedulerManifest: event command='php' 'artisan' bingwa:heartbeat expression=*/15 * * * *  
[2026-06-23 15:04:19] production.INFO: SchedulerManifest: event command='php' 'artisan' bingwa:sync-transactions expression=*/5 * * * *  
[2026-06-23 15:04:19] production.INFO: SchedulerManifest: event command='php' 'artisan' bingwa:process-auto-renewals expression=*/5 * * * *  
[2026-06-23 15:04:19] production.INFO: SchedulerManifest: event command='php' 'artisan' bingwa:fetch-airtime-balance expression=*/15 * * * *  
[2026-06-23 15:04:20] production.DEBUG: Bingwa transaction sync job started. {"component":"transaction_sync","user_id":1,"push_data":[],"unique_id":"bingwa-sync-transactions:1"} 
[2026-06-23 15:04:20] production.DEBUG: Bingwa transaction sync started. {"component":"transaction_sync","user_id":1,"limit":10,"only_service":null,"registration_id":1,"backend_device_id":31} 
[2026-06-23 15:04:22] production.INFO: Bingwa transaction sync endpoint response received. {"component":"transaction_sync","user_id":1,"endpoint":"data_bundles","url":"https://backend.statum.co.ke/api/v1/jobs/next/data_bundles","status":204,"response_body":""} 
[2026-06-23 15:04:22] production.INFO: Bingwa transaction sync endpoint response received. {"component":"transaction_sync","user_id":1,"endpoint":"sms","url":"https://backend.statum.co.ke/api/v1/jobs/next/sms","status":204,"response_body":""} 
[2026-06-23 15:04:22] production.INFO: Bingwa transaction sync endpoint response received. {"component":"transaction_sync","user_id":1,"endpoint":"airtime","url":"https://backend.statum.co.ke/api/v1/jobs/next/airtime","status":204,"response_body":""} 
[2026-06-23 15:04:22] production.DEBUG: Bingwa transaction sync finished fetching jobs. {"component":"transaction_sync","user_id":1,"synced_so_far":0,"skipped_so_far":0,"failed_so_far":0,"push_data":[]} 
[2026-06-23 15:04:22] production.INFO: Bingwa transaction sync completed. {"component":"transaction_sync","user_id":1,"synced":0,"skipped":0,"failed":0} 
[2026-06-23 15:04:22] production.DEBUG: Bingwa transaction sync job finished fetching. {"component":"transaction_sync","user_id":1,"synced":0,"skipped":0,"failed":0,"push_data":[]} 
[2026-06-23 15:04:22] production.DEBUG: BackgroundTasks: found 4 schedule event(s)  
[2026-06-23 15:04:22] production.INFO: SchedulerManifest: event command='php' 'artisan' bingwa:heartbeat expression=*/15 * * * *  
[2026-06-23 15:04:22] production.INFO: SchedulerManifest: event command='php' 'artisan' bingwa:sync-transactions expression=*/5 * * * *  
[2026-06-23 15:04:22] production.INFO: SchedulerManifest: event command='php' 'artisan' bingwa:process-auto-renewals expression=*/5 * * * *  
[2026-06-23 15:04:22] production.INFO: SchedulerManifest: event command='php' 'artisan' bingwa:fetch-airtime-balance expression=*/15 * * * *  
[2026-06-23 15:04:23] production.DEBUG: Airtime balance refresh job started. {"component":"airtime_balance","user_id":1} 
[2026-06-23 15:04:23] production.INFO: Bingwa airtime balance refresh started. {"component":"airtime_balance","user_id":1} 
[2026-06-23 15:04:23] production.DEBUG: Bingwa airtime USSD probe. {"component":"airtime_balance","sim_slot":1,"mode":"express","nativephp_call_available":true} 
[2026-06-23 15:04:23] production.DEBUG: USSD modem lock acquired. {"component":"ussd_modem","sim_slot":1,"operation":"airtime-refresh","wait_seconds":2,"lease_seconds":105} 
[2026-06-23 15:04:26] production.DEBUG: USSD modem lock released. {"component":"ussd_modem","sim_slot":1,"operation":"airtime-refresh"} 
[2026-06-23 15:04:26] production.DEBUG: Bingwa airtime USSD raw response. {"component":"airtime_balance","sim_slot":1,"response":"{\"success\":false,\"message\":\"Airtime Bal: 483.52KSH.Expire date:21-09-2026. Tariff:Uwezo . A SPECIAL NEW offer Awaits you! Dial *131# today and stay connected.\"}"} 
[2026-06-23 15:04:26] production.DEBUG: Bingwa airtime USSD message extracted. {"component":"airtime_balance","sim_slot":1,"message":"Airtime Bal: 483.52KSH.Expire date:21-09-2026. Tariff:Uwezo . A SPECIAL NEW offer Awaits you! Dial *131# today and stay connected."} 
[2026-06-23 15:04:26] production.DEBUG: Bingwa airtime balance parsed via Airtime Bal pattern. {"component":"airtime_balance","raw":"Airtime Bal: 483.52KSH.Expire date:21-09-2026. Tariff:Uwezo . A SPECIAL NEW offer Awaits you! Dial *131# today and stay connected.","parsed":"483.52"} 
[2026-06-23 15:04:26] production.DEBUG: Bingwa airtime balance refreshed. {"component":"airtime_balance","user_id":1,"sim_slot":1,"balance":483.52} 
[2026-06-23 15:04:26] production.DEBUG: Airtime balance refresh job finished. {"component":"airtime_balance","user_id":1} 
[2026-06-23 15:04:27] production.DEBUG: BackgroundTasks: found 4 schedule event(s)  
[2026-06-23 15:04:27] production.INFO: SchedulerManifest: event command='php' 'artisan' bingwa:heartbeat expression=*/15 * * * *  
[2026-06-23 15:04:27] production.INFO: SchedulerManifest: event command='php' 'artisan' bingwa:sync-transactions expression=*/5 * * * *  
[2026-06-23 15:04:27] production.INFO: SchedulerManifest: event command='php' 'artisan' bingwa:process-auto-renewals expression=*/5 * * * *  
[2026-06-23 15:04:27] production.INFO: SchedulerManifest: event command='php' 'artisan' bingwa:fetch-airtime-balance expression=*/15 * * * *  
[2026-06-23 15:05:07] production.DEBUG: BackgroundTasks: found 4 schedule event(s)  
[2026-06-23 15:05:07] production.INFO: SchedulerManifest: event command='php' 'artisan' bingwa:heartbeat expression=*/15 * * * *  
[2026-06-23 15:05:07] production.INFO: SchedulerManifest: event command='php' 'artisan' bingwa:sync-transactions expression=*/5 * * * *  
[2026-06-23 15:05:07] production.INFO: SchedulerManifest: event command='php' 'artisan' bingwa:process-auto-renewals expression=*/5 * * * *  
[2026-06-23 15:05:07] production.INFO: SchedulerManifest: event command='php' 'artisan' bingwa:fetch-airtime-balance expression=*/15 * * * *  
[2026-06-23 15:05:07] production.DEBUG: Bingwa dashboard mount started. {"user_id":1} 
[2026-06-23 15:05:07] production.DEBUG: Bingwa dashboard airtime cache hydrated. {"user_id":1,"has_balance":true,"checked_at":"2026-06-23T15:04:26+03:00"} 
[2026-06-23 15:05:07] production.DEBUG: Bingwa dashboard airtime response ready. {"user_id":1,"balance":483.52,"checked_at":"23 Jun, 15:04"} 
[2026-06-23 15:05:07] production.DEBUG: BackgroundTasks: found 4 schedule event(s)  
[2026-06-23 15:05:07] production.INFO: SchedulerManifest: event command='php' 'artisan' bingwa:heartbeat expression=*/15 * * * *  
[2026-06-23 15:05:07] production.INFO: SchedulerManifest: event command='php' 'artisan' bingwa:sync-transactions expression=*/5 * * * *  
[2026-06-23 15:05:07] production.INFO: SchedulerManifest: event command='php' 'artisan' bingwa:process-auto-renewals expression=*/5 * * * *  
[2026-06-23 15:05:07] production.INFO: SchedulerManifest: event command='php' 'artisan' bingwa:fetch-airtime-balance expression=*/15 * * * *  
[2026-06-23 15:05:07] production.DEBUG: Subscription plans prefetch job started. {"component":"plans_prefetch","user_id":1} 
[2026-06-23 15:05:07] production.DEBUG: 🌐 Fetching plans from: https://backend.statum.co.ke/api/v1/subscription/plans/hybrid  
[2026-06-23 15:05:08] production.DEBUG: 📦 Plans response received {"plans_count":5} 
[2026-06-23 15:05:08] production.DEBUG: Subscription plans prefetch job completed successfully. {"component":"plans_prefetch","user_id":1} 
[2026-06-23 15:05:09] production.DEBUG: BackgroundTasks: found 4 schedule event(s)  
[2026-06-23 15:05:09] production.INFO: SchedulerManifest: event command='php' 'artisan' bingwa:heartbeat expression=*/15 * * * *  
[2026-06-23 15:05:09] production.INFO: SchedulerManifest: event command='php' 'artisan' bingwa:sync-transactions expression=*/5 * * * *  
[2026-06-23 15:05:09] production.INFO: SchedulerManifest: event command='php' 'artisan' bingwa:process-auto-renewals expression=*/5 * * * *  
[2026-06-23 15:05:09] production.INFO: SchedulerManifest: event command='php' 'artisan' bingwa:fetch-airtime-balance expression=*/15 * * * *  
[2026-06-23 15:05:12] production.DEBUG: Bingwa dashboard airtime cache hydrated. {"user_id":1,"has_balance":true,"checked_at":"2026-06-23T15:04:26+03:00"} 
[2026-06-23 15:05:12] production.DEBUG: Bingwa dashboard airtime cache hydrated. {"user_id":1,"has_balance":true,"checked_at":"2026-06-23T15:04:26+03:00"} 
[2026-06-23 15:05:16] production.DEBUG: Bingwa dashboard mount started. {"user_id":1} 
[2026-06-23 15:05:16] production.DEBUG: Bingwa dashboard airtime cache hydrated. {"user_id":1,"has_balance":true,"checked_at":"2026-06-23T15:04:26+03:00"} 
[2026-06-23 15:05:16] production.DEBUG: Bingwa dashboard airtime response ready. {"user_id":1,"balance":483.52,"checked_at":"23 Jun, 15:04"} 
[2026-06-23 15:05:16] production.DEBUG: BackgroundTasks: found 4 schedule event(s)  
[2026-06-23 15:05:16] production.INFO: SchedulerManifest: event command='php' 'artisan' bingwa:heartbeat expression=*/15 * * * *  
[2026-06-23 15:05:16] production.INFO: SchedulerManifest: event command='php' 'artisan' bingwa:sync-transactions expression=*/5 * * * *  
[2026-06-23 15:05:16] production.INFO: SchedulerManifest: event command='php' 'artisan' bingwa:process-auto-renewals expression=*/5 * * * *  
[2026-06-23 15:05:16] production.INFO: SchedulerManifest: event command='php' 'artisan' bingwa:fetch-airtime-balance expression=*/15 * * * *  
[2026-06-23 15:05:17] production.DEBUG: Subscription plans prefetch job started. {"component":"plans_prefetch","user_id":1} 
[2026-06-23 15:05:17] production.DEBUG: Subscription plans prefetch job completed successfully. {"component":"plans_prefetch","user_id":1} 
[2026-06-23 15:05:17] production.DEBUG: BackgroundTasks: found 4 schedule event(s)  
[2026-06-23 15:05:17] production.INFO: SchedulerManifest: event command='php' 'artisan' bingwa:heartbeat expression=*/15 * * * *  
[2026-06-23 15:05:17] production.INFO: SchedulerManifest: event command='php' 'artisan' bingwa:sync-transactions expression=*/5 * * * *  
[2026-06-23 15:05:17] production.INFO: SchedulerManifest: event command='php' 'artisan' bingwa:process-auto-renewals expression=*/5 * * * *  
[2026-06-23 15:05:17] production.INFO: SchedulerManifest: event command='php' 'artisan' bingwa:fetch-airtime-balance expression=*/15 * * * *  
[2026-06-23 15:05:18] production.DEBUG: Bingwa dashboard airtime cache hydrated. {"user_id":1,"has_balance":true,"checked_at":"2026-06-23T15:04:26+03:00"} 
[2026-06-23 15:05:22] production.DEBUG: Bingwa dashboard airtime cache hydrated. {"user_id":1,"has_balance":true,"checked_at":"2026-06-23T15:04:26+03:00"} 
[2026-06-23 15:05:22] production.DEBUG: Bingwa dashboard airtime cache hydrated. {"user_id":1,"has_balance":true,"checked_at":"2026-06-23T15:04:26+03:00"} 
[2026-06-23 15:05:27] production.DEBUG: Bingwa dashboard airtime cache hydrated. {"user_id":1,"has_balance":true,"checked_at":"2026-06-23T15:04:26+03:00"} 
[2026-06-23 15:05:27] production.DEBUG: Bingwa dashboard airtime cache hydrated. {"user_id":1,"has_balance":true,"checked_at":"2026-06-23T15:04:26+03:00"} 
[2026-06-23 15:05:28] production.DEBUG: Bingwa dashboard airtime cache hydrated. {"user_id":1,"has_balance":true,"checked_at":"2026-06-23T15:04:26+03:00"} 
[2026-06-23 15:05:32] production.DEBUG: Bingwa dashboard airtime cache hydrated. {"user_id":1,"has_balance":true,"checked_at":"2026-06-23T15:04:26+03:00"} 
[2026-06-23 15:05:32] production.DEBUG: Bingwa dashboard airtime cache hydrated. {"user_id":1,"has_balance":true,"checked_at":"2026-06-23T15:04:26+03:00"} 
[2026-06-23 15:05:34] production.DEBUG: Bingwa dashboard mount started. {"user_id":1} 
[2026-06-23 15:05:34] production.DEBUG: Bingwa dashboard airtime cache hydrated. {"user_id":1,"has_balance":true,"checked_at":"2026-06-23T15:04:26+03:00"} 
[2026-06-23 15:05:34] production.DEBUG: Bingwa dashboard airtime response ready. {"user_id":1,"balance":483.52,"checked_at":"23 Jun, 15:04"} 
[2026-06-23 15:05:34] production.DEBUG: BackgroundTasks: found 4 schedule event(s)  
[2026-06-23 15:05:34] production.INFO: SchedulerManifest: event command='php' 'artisan' bingwa:heartbeat expression=*/15 * * * *  
[2026-06-23 15:05:34] production.INFO: SchedulerManifest: event command='php' 'artisan' bingwa:sync-transactions expression=*/5 * * * *  
[2026-06-23 15:05:34] production.INFO: SchedulerManifest: event command='php' 'artisan' bingwa:process-auto-renewals expression=*/5 * * * *  
[2026-06-23 15:05:34] production.INFO: SchedulerManifest: event command='php' 'artisan' bingwa:fetch-airtime-balance expression=*/15 * * * *  
[2026-06-23 15:05:34] production.DEBUG: Subscription plans prefetch job started. {"component":"plans_prefetch","user_id":1} 
[2026-06-23 15:05:34] production.DEBUG: Subscription plans prefetch job completed successfully. {"component":"plans_prefetch","user_id":1} 
[2026-06-23 15:05:34] production.DEBUG: BackgroundTasks: found 4 schedule event(s)  
[2026-06-23 15:05:34] production.INFO: SchedulerManifest: event command='php' 'artisan' bingwa:heartbeat expression=*/15 * * * *  
[2026-06-23 15:05:34] production.INFO: SchedulerManifest: event command='php' 'artisan' bingwa:sync-transactions expression=*/5 * * * *  
[2026-06-23 15:05:34] production.INFO: SchedulerManifest: event command='php' 'artisan' bingwa:process-auto-renewals expression=*/5 * * * *  
[2026-06-23 15:05:34] production.INFO: SchedulerManifest: event command='php' 'artisan' bingwa:fetch-airtime-balance expression=*/15 * * * *  
[2026-06-23 15:05:35] production.DEBUG: Bingwa dashboard airtime cache hydrated. {"user_id":1,"has_balance":true,"checked_at":"2026-06-23T15:04:26+03:00"} 
[2026-06-23 15:05:39] production.DEBUG: Bingwa dashboard mount started. {"user_id":1} 
[2026-06-23 15:05:39] production.DEBUG: Bingwa dashboard airtime cache hydrated. {"user_id":1,"has_balance":true,"checked_at":"2026-06-23T15:04:26+03:00"} 
[2026-06-23 15:05:39] production.DEBUG: Bingwa dashboard airtime response ready. {"user_id":1,"balance":483.52,"checked_at":"23 Jun, 15:04"} 
[2026-06-23 15:05:40] production.DEBUG: BackgroundTasks: found 4 schedule event(s)  
[2026-06-23 15:05:40] production.INFO: SchedulerManifest: event command='php' 'artisan' bingwa:heartbeat expression=*/15 * * * *  
[2026-06-23 15:05:40] production.INFO: SchedulerManifest: event command='php' 'artisan' bingwa:sync-transactions expression=*/5 * * * *  
[2026-06-23 15:05:40] production.INFO: SchedulerManifest: event command='php' 'artisan' bingwa:process-auto-renewals expression=*/5 * * * *  
[2026-06-23 15:05:40] production.INFO: SchedulerManifest: event command='php' 'artisan' bingwa:fetch-airtime-balance expression=*/15 * * * *  
[2026-06-23 15:05:40] production.DEBUG: Subscription plans prefetch job started. {"component":"plans_prefetch","user_id":1} 
[2026-06-23 15:05:40] production.DEBUG: Subscription plans prefetch job completed successfully. {"component":"plans_prefetch","user_id":1} 
[2026-06-23 15:05:40] production.DEBUG: BackgroundTasks: found 4 schedule event(s)  
[2026-06-23 15:05:40] production.INFO: SchedulerManifest: event command='php' 'artisan' bingwa:heartbeat expression=*/15 * * * *  
[2026-06-23 15:05:40] production.INFO: SchedulerManifest: event command='php' 'artisan' bingwa:sync-transactions expression=*/5 * * * *  
[2026-06-23 15:05:40] production.INFO: SchedulerManifest: event command='php' 'artisan' bingwa:process-auto-renewals expression=*/5 * * * *  
[2026-06-23 15:05:40] production.INFO: SchedulerManifest: event command='php' 'artisan' bingwa:fetch-airtime-balance expression=*/15 * * * *  
[2026-06-23 15:05:40] production.DEBUG: Bingwa dashboard airtime cache hydrated. {"user_id":1,"has_balance":true,"checked_at":"2026-06-23T15:04:26+03:00"} 
[2026-06-23 15:05:45] production.DEBUG: Bingwa dashboard airtime cache hydrated. {"user_id":1,"has_balance":true,"checked_at":"2026-06-23T15:04:26+03:00"} 
[2026-06-23 15:05:45] production.DEBUG: Bingwa dashboard airtime cache hydrated. {"user_id":1,"has_balance":true,"checked_at":"2026-06-23T15:04:26+03:00"} 
[2026-06-23 15:05:50] production.DEBUG: Bingwa dashboard airtime cache hydrated. {"user_id":1,"has_balance":true,"checked_at":"2026-06-23T15:04:26+03:00"} 
[2026-06-23 15:05:50] production.DEBUG: Bingwa dashboard airtime cache hydrated. {"user_id":1,"has_balance":true,"checked_at":"2026-06-23T15:04:26+03:00"} 
[2026-06-23 15:06:00] production.DEBUG: Bingwa dashboard airtime cache hydrated. {"user_id":1,"has_balance":true,"checked_at":"2026-06-23T15:04:26+03:00"} 
[2026-06-23 15:06:00] production.DEBUG: Bingwa dashboard airtime cache hydrated. {"user_id":1,"has_balance":true,"checked_at":"2026-06-23T15:04:26+03:00"} 
[2026-06-23 15:06:05] production.DEBUG: Bingwa dashboard airtime cache hydrated. {"user_id":1,"has_balance":true,"checked_at":"2026-06-23T15:04:26+03:00"} 
[2026-06-23 15:06:05] production.DEBUG: Bingwa dashboard airtime cache hydrated. {"user_id":1,"has_balance":true,"checked_at":"2026-06-23T15:04:26+03:00"} 
[2026-06-23 15:06:10] production.DEBUG: Bingwa dashboard airtime cache hydrated. {"user_id":1,"has_balance":true,"checked_at":"2026-06-23T15:04:26+03:00"} 
[2026-06-23 15:06:10] production.DEBUG: Bingwa dashboard airtime cache hydrated. {"user_id":1,"has_balance":true,"checked_at":"2026-06-23T15:04:26+03:00"} 
[2026-06-23 15:06:14] production.DEBUG: BackgroundTasks: found 4 schedule event(s)  
[2026-06-23 15:06:14] production.INFO: SchedulerManifest: event command='php' 'artisan' bingwa:heartbeat expression=*/15 * * * *  
[2026-06-23 15:06:14] production.INFO: SchedulerManifest: event command='php' 'artisan' bingwa:sync-transactions expression=*/5 * * * *  
[2026-06-23 15:06:14] production.INFO: SchedulerManifest: event command='php' 'artisan' bingwa:process-auto-renewals expression=*/5 * * * *  
[2026-06-23 15:06:14] production.INFO: SchedulerManifest: event command='php' 'artisan' bingwa:fetch-airtime-balance expression=*/15 * * * *  
[2026-06-23 15:06:15] production.DEBUG: Bingwa dashboard airtime cache hydrated. {"user_id":1,"has_balance":true,"checked_at":"2026-06-23T15:04:26+03:00"} 
[2026-06-23 15:06:15] production.DEBUG: Bingwa dashboard airtime cache hydrated. {"user_id":1,"has_balance":true,"checked_at":"2026-06-23T15:04:26+03:00"} 
[2026-06-23 15:06:20] production.DEBUG: Bingwa dashboard airtime cache hydrated. {"user_id":1,"has_balance":true,"checked_at":"2026-06-23T15:04:26+03:00"} 
[2026-06-23 15:06:20] production.DEBUG: Bingwa dashboard airtime cache hydrated. {"user_id":1,"has_balance":true,"checked_at":"2026-06-23T15:04:26+03:00"} 
[2026-06-23 15:06:25] production.DEBUG: Bingwa dashboard airtime cache hydrated. {"user_id":1,"has_balance":true,"checked_at":"2026-06-23T15:04:26+03:00"} 
[2026-06-23 15:06:25] production.DEBUG: Bingwa dashboard airtime cache hydrated. {"user_id":1,"has_balance":true,"checked_at":"2026-06-23T15:04:26+03:00"} 
[2026-06-23 15:06:30] production.DEBUG: Bingwa dashboard airtime cache hydrated. {"user_id":1,"has_balance":true,"checked_at":"2026-06-23T15:04:26+03:00"} 
[2026-06-23 15:06:30] production.DEBUG: Bingwa dashboard airtime cache hydrated. {"user_id":1,"has_balance":true,"checked_at":"2026-06-23T15:04:26+03:00"} 
[2026-06-23 15:06:35] production.DEBUG: Bingwa dashboard airtime cache hydrated. {"user_id":1,"has_balance":true,"checked_at":"2026-06-23T15:04:26+03:00"} 
[2026-06-23 15:06:35] production.DEBUG: Bingwa dashboard airtime cache hydrated. {"user_id":1,"has_balance":true,"checked_at":"2026-06-23T15:04:26+03:00"} 
[2026-06-23 15:06:40] production.DEBUG: Bingwa dashboard airtime cache hydrated. {"user_id":1,"has_balance":true,"checked_at":"2026-06-23T15:04:26+03:00"} 
[2026-06-23 15:06:40] production.DEBUG: Bingwa dashboard airtime cache hydrated. {"user_id":1,"has_balance":true,"checked_at":"2026-06-23T15:04:26+03:00"} 
[2026-06-23 15:06:45] production.DEBUG: Bingwa dashboard airtime cache hydrated. {"user_id":1,"has_balance":true,"checked_at":"2026-06-23T15:04:26+03:00"} 
[2026-06-23 15:06:45] production.DEBUG: Bingwa dashboard airtime cache hydrated. {"user_id":1,"has_balance":true,"checked_at":"2026-06-23T15:04:26+03:00"} 
[2026-06-23 15:06:47] production.DEBUG: BackgroundTasks: found 4 schedule event(s)  
[2026-06-23 15:06:47] production.INFO: SchedulerManifest: event command='php' 'artisan' bingwa:heartbeat expression=*/15 * * * *  
[2026-06-23 15:06:47] production.INFO: SchedulerManifest: event command='php' 'artisan' bingwa:sync-transactions expression=*/5 * * * *  
[2026-06-23 15:06:47] production.INFO: SchedulerManifest: event command='php' 'artisan' bingwa:process-auto-renewals expression=*/5 * * * *  
[2026-06-23 15:06:47] production.INFO: SchedulerManifest: event command='php' 'artisan' bingwa:fetch-airtime-balance expression=*/15 * * * *  
[2026-06-23 15:06:50] production.DEBUG: Bingwa dashboard airtime cache hydrated. {"user_id":1,"has_balance":true,"checked_at":"2026-06-23T15:04:26+03:00"} 
[2026-06-23 15:06:50] production.DEBUG: Bingwa dashboard airtime cache hydrated. {"user_id":1,"has_balance":true,"checked_at":"2026-06-23T15:04:26+03:00"} 
[2026-06-23 15:06:55] production.DEBUG: Bingwa dashboard airtime cache hydrated. {"user_id":1,"has_balance":true,"checked_at":"2026-06-23T15:04:26+03:00"} 
[2026-06-23 15:06:55] production.DEBUG: Bingwa dashboard airtime cache hydrated. {"user_id":1,"has_balance":true,"checked_at":"2026-06-23T15:04:26+03:00"} 
[2026-06-23 15:07:00] production.DEBUG: Bingwa dashboard airtime cache hydrated. {"user_id":1,"has_balance":true,"checked_at":"2026-06-23T15:04:26+03:00"} 
[2026-06-23 15:07:00] production.DEBUG: Bingwa dashboard airtime cache hydrated. {"user_id":1,"has_balance":true,"checked_at":"2026-06-23T15:04:26+03:00"} 
[2026-06-23 15:07:05] production.DEBUG: Bingwa dashboard airtime cache hydrated. {"user_id":1,"has_balance":true,"checked_at":"2026-06-23T15:04:26+03:00"} 
[2026-06-23 15:07:05] production.DEBUG: Bingwa dashboard airtime cache hydrated. {"user_id":1,"has_balance":true,"checked_at":"2026-06-23T15:04:26+03:00"} 
[2026-06-23 15:07:10] production.DEBUG: Bingwa dashboard airtime cache hydrated. {"user_id":1,"has_balance":true,"checked_at":"2026-06-23T15:04:26+03:00"} 
[2026-06-23 15:07:10] production.DEBUG: Bingwa dashboard airtime cache hydrated. {"user_id":1,"has_balance":true,"checked_at":"2026-06-23T15:04:26+03:00"} 
[2026-06-23 15:07:15] production.DEBUG: Bingwa dashboard airtime cache hydrated. {"user_id":1,"has_balance":true,"checked_at":"2026-06-23T15:04:26+03:00"} 
[2026-06-23 15:07:15] production.DEBUG: Bingwa dashboard airtime cache hydrated. {"user_id":1,"has_balance":true,"checked_at":"2026-06-23T15:04:26+03:00"} 
[2026-06-23 15:07:20] production.DEBUG: Bingwa dashboard airtime cache hydrated. {"user_id":1,"has_balance":true,"checked_at":"2026-06-23T15:04:26+03:00"} 
[2026-06-23 15:07:20] production.DEBUG: Bingwa dashboard airtime cache hydrated. {"user_id":1,"has_balance":true,"checked_at":"2026-06-23T15:04:26+03:00"} 
[2026-06-23 15:07:21] production.DEBUG: BackgroundTasks: found 4 schedule event(s)  
[2026-06-23 15:07:21] production.INFO: SchedulerManifest: event command='php' 'artisan' bingwa:heartbeat expression=*/15 * * * *  
[2026-06-23 15:07:21] production.INFO: SchedulerManifest: event command='php' 'artisan' bingwa:sync-transactions expression=*/5 * * * *  
[2026-06-23 15:07:21] production.INFO: SchedulerManifest: event command='php' 'artisan' bingwa:process-auto-renewals expression=*/5 * * * *  
[2026-06-23 15:07:21] production.INFO: SchedulerManifest: event command='php' 'artisan' bingwa:fetch-airtime-balance expression=*/15 * * * *  
[2026-06-23 15:07:25] production.DEBUG: Bingwa dashboard airtime cache hydrated. {"user_id":1,"has_balance":true,"checked_at":"2026-06-23T15:04:26+03:00"} 
[2026-06-23 15:07:25] production.DEBUG: Bingwa dashboard airtime cache hydrated. {"user_id":1,"has_balance":true,"checked_at":"2026-06-23T15:04:26+03:00"} 
[2026-06-23 15:07:30] production.DEBUG: Bingwa dashboard airtime cache hydrated. {"user_id":1,"has_balance":true,"checked_at":"2026-06-23T15:04:26+03:00"} 
[2026-06-23 15:07:30] production.DEBUG: Bingwa dashboard airtime cache hydrated. {"user_id":1,"has_balance":true,"checked_at":"2026-06-23T15:04:26+03:00"} 
[2026-06-23 15:07:35] production.DEBUG: Bingwa dashboard airtime cache hydrated. {"user_id":1,"has_balance":true,"checked_at":"2026-06-23T15:04:26+03:00"} 
[2026-06-23 15:07:35] production.DEBUG: Bingwa dashboard airtime cache hydrated. {"user_id":1,"has_balance":true,"checked_at":"2026-06-23T15:04:26+03:00"} 
[2026-06-23 15:07:40] production.DEBUG: Bingwa dashboard airtime cache hydrated. {"user_id":1,"has_balance":true,"checked_at":"2026-06-23T15:04:26+03:00"} 
[2026-06-23 15:07:40] production.DEBUG: Bingwa dashboard airtime cache hydrated. {"user_id":1,"has_balance":true,"checked_at":"2026-06-23T15:04:26+03:00"} 
[2026-06-23 15:07:45] production.DEBUG: Bingwa dashboard airtime cache hydrated. {"user_id":1,"has_balance":true,"checked_at":"2026-06-23T15:04:26+03:00"} 
[2026-06-23 15:07:45] production.DEBUG: Bingwa dashboard airtime cache hydrated. {"user_id":1,"has_balance":true,"checked_at":"2026-06-23T15:04:26+03:00"} 
[2026-06-23 15:07:50] production.DEBUG: Bingwa dashboard airtime cache hydrated. {"user_id":1,"has_balance":true,"checked_at":"2026-06-23T15:04:26+03:00"} 
[2026-06-23 15:07:50] production.DEBUG: Bingwa dashboard airtime cache hydrated. {"user_id":1,"has_balance":true,"checked_at":"2026-06-23T15:04:26+03:00"} 
[2026-06-23 15:07:55] production.DEBUG: BackgroundTasks: found 4 schedule event(s)  
[2026-06-23 15:07:55] production.INFO: SchedulerManifest: event command='php' 'artisan' bingwa:heartbeat expression=*/15 * * * *  
[2026-06-23 15:07:55] production.INFO: SchedulerManifest: event command='php' 'artisan' bingwa:sync-transactions expression=*/5 * * * *  
[2026-06-23 15:07:55] production.INFO: SchedulerManifest: event command='php' 'artisan' bingwa:process-auto-renewals expression=*/5 * * * *  
[2026-06-23 15:07:55] production.INFO: SchedulerManifest: event command='php' 'artisan' bingwa:fetch-airtime-balance expression=*/15 * * * *  
[2026-06-23 15:07:55] production.DEBUG: Bingwa dashboard airtime cache hydrated. {"user_id":1,"has_balance":true,"checked_at":"2026-06-23T15:04:26+03:00"} 
[2026-06-23 15:07:55] production.DEBUG: Bingwa dashboard airtime cache hydrated. {"user_id":1,"has_balance":true,"checked_at":"2026-06-23T15:04:26+03:00"} 
[2026-06-23 15:08:00] production.DEBUG: Bingwa dashboard airtime cache hydrated. {"user_id":1,"has_balance":true,"checked_at":"2026-06-23T15:04:26+03:00"} 
[2026-06-23 15:08:00] production.DEBUG: Bingwa dashboard airtime cache hydrated. {"user_id":1,"has_balance":true,"checked_at":"2026-06-23T15:04:26+03:00"} 
[2026-06-23 15:08:05] production.DEBUG: Bingwa dashboard airtime cache hydrated. {"user_id":1,"has_balance":true,"checked_at":"2026-06-23T15:04:26+03:00"} 
[2026-06-23 15:08:05] production.DEBUG: Bingwa dashboard airtime cache hydrated. {"user_id":1,"has_balance":true,"checked_at":"2026-06-23T15:04:26+03:00"} 
[2026-06-23 15:08:10] production.DEBUG: Bingwa dashboard airtime cache hydrated. {"user_id":1,"has_balance":true,"checked_at":"2026-06-23T15:04:26+03:00"} 
[2026-06-23 15:08:10] production.DEBUG: Bingwa dashboard airtime cache hydrated. {"user_id":1,"has_balance":true,"checked_at":"2026-06-23T15:04:26+03:00"} 
[2026-06-23 15:08:15] production.DEBUG: Bingwa dashboard airtime cache hydrated. {"user_id":1,"has_balance":true,"checked_at":"2026-06-23T15:04:26+03:00"} 
[2026-06-23 15:08:15] production.DEBUG: Bingwa dashboard airtime cache hydrated. {"user_id":1,"has_balance":true,"checked_at":"2026-06-23T15:04:26+03:00"} 
[2026-06-23 15:08:20] production.DEBUG: Bingwa dashboard airtime cache hydrated. {"user_id":1,"has_balance":true,"checked_at":"2026-06-23T15:04:26+03:00"} 
[2026-06-23 15:08:20] production.DEBUG: Bingwa dashboard airtime cache hydrated. {"user_id":1,"has_balance":true,"checked_at":"2026-06-23T15:04:26+03:00"} 
[2026-06-23 15:08:25] production.DEBUG: Bingwa dashboard airtime cache hydrated. {"user_id":1,"has_balance":true,"checked_at":"2026-06-23T15:04:26+03:00"} 
[2026-06-23 15:08:25] production.DEBUG: Bingwa dashboard airtime cache hydrated. {"user_id":1,"has_balance":true,"checked_at":"2026-06-23T15:04:26+03:00"} 
[2026-06-23 15:08:28] production.DEBUG: BackgroundTasks: found 4 schedule event(s)  
[2026-06-23 15:08:28] production.INFO: SchedulerManifest: event command='php' 'artisan' bingwa:heartbeat expression=*/15 * * * *  
[2026-06-23 15:08:28] production.INFO: SchedulerManifest: event command='php' 'artisan' bingwa:sync-transactions expression=*/5 * * * *  
[2026-06-23 15:08:28] production.INFO: SchedulerManifest: event command='php' 'artisan' bingwa:process-auto-renewals expression=*/5 * * * *  
[2026-06-23 15:08:28] production.INFO: SchedulerManifest: event command='php' 'artisan' bingwa:fetch-airtime-balance expression=*/15 * * * *  
[2026-06-23 15:08:30] production.DEBUG: Bingwa dashboard airtime cache hydrated. {"user_id":1,"has_balance":true,"checked_at":"2026-06-23T15:04:26+03:00"} 
[2026-06-23 15:08:30] production.DEBUG: Bingwa dashboard airtime cache hydrated. {"user_id":1,"has_balance":true,"checked_at":"2026-06-23T15:04:26+03:00"} 
[2026-06-23 15:08:35] production.DEBUG: Bingwa dashboard airtime cache hydrated. {"user_id":1,"has_balance":true,"checked_at":"2026-06-23T15:04:26+03:00"} 
[2026-06-23 15:08:35] production.DEBUG: Bingwa dashboard airtime cache hydrated. {"user_id":1,"has_balance":true,"checked_at":"2026-06-23T15:04:26+03:00"} 
[2026-06-23 15:08:40] production.DEBUG: Bingwa dashboard airtime cache hydrated. {"user_id":1,"has_balance":true,"checked_at":"2026-06-23T15:04:26+03:00"} 
[2026-06-23 15:08:40] production.DEBUG: Bingwa dashboard airtime cache hydrated. {"user_id":1,"has_balance":true,"checked_at":"2026-06-23T15:04:26+03:00"} 
[2026-06-23 15:08:45] production.DEBUG: Bingwa dashboard airtime cache hydrated. {"user_id":1,"has_balance":true,"checked_at":"2026-06-23T15:04:26+03:00"} 
[2026-06-23 15:08:45] production.DEBUG: Bingwa dashboard airtime cache hydrated. {"user_id":1,"has_balance":true,"checked_at":"2026-06-23T15:04:26+03:00"} 
[2026-06-23 15:08:50] production.DEBUG: Bingwa dashboard airtime cache hydrated. {"user_id":1,"has_balance":true,"checked_at":"2026-06-23T15:04:26+03:00"} 
[2026-06-23 15:08:50] production.DEBUG: Bingwa dashboard airtime cache hydrated. {"user_id":1,"has_balance":true,"checked_at":"2026-06-23T15:04:26+03:00"} 
[2026-06-23 15:08:55] production.DEBUG: Bingwa dashboard airtime cache hydrated. {"user_id":1,"has_balance":true,"checked_at":"2026-06-23T15:04:26+03:00"} 
[2026-06-23 15:08:55] production.DEBUG: Bingwa dashboard airtime cache hydrated. {"user_id":1,"has_balance":true,"checked_at":"2026-06-23T15:04:26+03:00"} 
[2026-06-23 15:09:00] production.DEBUG: Bingwa dashboard airtime cache hydrated. {"user_id":1,"has_balance":true,"checked_at":"2026-06-23T15:04:26+03:00"} 
[2026-06-23 15:09:00] production.DEBUG: Bingwa dashboard airtime cache hydrated. {"user_id":1,"has_balance":true,"checked_at":"2026-06-23T15:04:26+03:00"} 
[2026-06-23 15:09:02] production.DEBUG: BackgroundTasks: found 4 schedule event(s)  
[2026-06-23 15:09:02] production.INFO: SchedulerManifest: event command='php' 'artisan' bingwa:heartbeat expression=*/15 * * * *  
[2026-06-23 15:09:02] production.INFO: SchedulerManifest: event command='php' 'artisan' bingwa:sync-transactions expression=*/5 * * * *  
[2026-06-23 15:09:02] production.INFO: SchedulerManifest: event command='php' 'artisan' bingwa:process-auto-renewals expression=*/5 * * * *  
[2026-06-23 15:09:02] production.INFO: SchedulerManifest: event command='php' 'artisan' bingwa:fetch-airtime-balance expression=*/15 * * * *  
[2026-06-23 15:09:05] production.DEBUG: Bingwa dashboard airtime cache hydrated. {"user_id":1,"has_balance":true,"checked_at":"2026-06-23T15:04:26+03:00"} 
[2026-06-23 15:09:05] production.DEBUG: Bingwa dashboard airtime cache hydrated. {"user_id":1,"has_balance":true,"checked_at":"2026-06-23T15:04:26+03:00"} 
[2026-06-23 15:09:10] production.DEBUG: Bingwa dashboard airtime cache hydrated. {"user_id":1,"has_balance":true,"checked_at":"2026-06-23T15:04:26+03:00"} 
[2026-06-23 15:09:10] production.DEBUG: Bingwa dashboard airtime cache hydrated. {"user_id":1,"has_balance":true,"checked_at":"2026-06-23T15:04:26+03:00"} 
[2026-06-23 15:09:15] production.DEBUG: Bingwa dashboard airtime cache hydrated. {"user_id":1,"has_balance":true,"checked_at":"2026-06-23T15:04:26+03:00"} 
[2026-06-23 15:09:15] production.DEBUG: Bingwa dashboard airtime cache hydrated. {"user_id":1,"has_balance":true,"checked_at":"2026-06-23T15:04:26+03:00"} 
[2026-06-23 15:09:20] production.DEBUG: Bingwa dashboard airtime cache hydrated. {"user_id":1,"has_balance":true,"checked_at":"2026-06-23T15:04:26+03:00"} 
[2026-06-23 15:09:20] production.DEBUG: Bingwa dashboard airtime cache hydrated. {"user_id":1,"has_balance":true,"checked_at":"2026-06-23T15:04:26+03:00"} 
[2026-06-23 15:09:25] production.DEBUG: Bingwa dashboard airtime cache hydrated. {"user_id":1,"has_balance":true,"checked_at":"2026-06-23T15:04:26+03:00"} 
[2026-06-23 15:09:25] production.DEBUG: Bingwa dashboard airtime cache hydrated. {"user_id":1,"has_balance":true,"checked_at":"2026-06-23T15:04:26+03:00"} 
[2026-06-23 15:09:30] production.DEBUG: Bingwa dashboard airtime cache hydrated. {"user_id":1,"has_balance":true,"checked_at":"2026-06-23T15:04:26+03:00"} 
[2026-06-23 15:09:30] production.DEBUG: Bingwa dashboard airtime cache hydrated. {"user_id":1,"has_balance":true,"checked_at":"2026-06-23T15:04:26+03:00"} 
[2026-06-23 15:09:35] production.DEBUG: Bingwa dashboard airtime cache hydrated. {"user_id":1,"has_balance":true,"checked_at":"2026-06-23T15:04:26+03:00"} 
[2026-06-23 15:09:35] production.DEBUG: Bingwa dashboard airtime cache hydrated. {"user_id":1,"has_balance":true,"checked_at":"2026-06-23T15:04:26+03:00"} 
[2026-06-23 15:09:35] production.DEBUG: BackgroundTasks: found 4 schedule event(s)  
[2026-06-23 15:09:35] production.INFO: SchedulerManifest: event command='php' 'artisan' bingwa:heartbeat expression=*/15 * * * *  
[2026-06-23 15:09:35] production.INFO: SchedulerManifest: event command='php' 'artisan' bingwa:sync-transactions expression=*/5 * * * *  
[2026-06-23 15:09:35] production.INFO: SchedulerManifest: event command='php' 'artisan' bingwa:process-auto-renewals expression=*/5 * * * *  
[2026-06-23 15:09:35] production.INFO: SchedulerManifest: event command='php' 'artisan' bingwa:fetch-airtime-balance expression=*/15 * * * *  
[2026-06-23 15:09:40] production.DEBUG: Bingwa dashboard airtime cache hydrated. {"user_id":1,"has_balance":true,"checked_at":"2026-06-23T15:04:26+03:00"} 
[2026-06-23 15:09:40] production.DEBUG: Bingwa dashboard airtime cache hydrated. {"user_id":1,"has_balance":true,"checked_at":"2026-06-23T15:04:26+03:00"} 
[2026-06-23 15:09:45] production.DEBUG: Bingwa dashboard airtime cache hydrated. {"user_id":1,"has_balance":true,"checked_at":"2026-06-23T15:04:26+03:00"} 
[2026-06-23 15:09:45] production.DEBUG: Bingwa dashboard airtime cache hydrated. {"user_id":1,"has_balance":true,"checked_at":"2026-06-23T15:04:26+03:00"} 
[2026-06-23 15:09:50] production.DEBUG: Bingwa dashboard airtime cache hydrated. {"user_id":1,"has_balance":true,"checked_at":"2026-06-23T15:04:26+03:00"} 
[2026-06-23 15:09:50] production.DEBUG: Bingwa dashboard airtime cache hydrated. {"user_id":1,"has_balance":true,"checked_at":"2026-06-23T15:04:26+03:00"} 
[2026-06-23 15:09:55] production.DEBUG: Bingwa dashboard airtime cache hydrated. {"user_id":1,"has_balance":true,"checked_at":"2026-06-23T15:04:26+03:00"} 
[2026-06-23 15:09:55] production.DEBUG: Bingwa dashboard airtime cache hydrated. {"user_id":1,"has_balance":true,"checked_at":"2026-06-23T15:04:26+03:00"} 
[2026-06-23 15:10:00] production.DEBUG: Bingwa dashboard airtime cache hydrated. {"user_id":1,"has_balance":true,"checked_at":"2026-06-23T15:04:26+03:00"} 
[2026-06-23 15:10:00] production.DEBUG: Bingwa dashboard airtime cache hydrated. {"user_id":1,"has_balance":true,"checked_at":"2026-06-23T15:04:26+03:00"} 
[2026-06-23 15:10:05] production.DEBUG: Bingwa dashboard airtime cache hydrated. {"user_id":1,"has_balance":true,"checked_at":"2026-06-23T15:04:26+03:00"} 
[2026-06-23 15:10:05] production.DEBUG: Bingwa dashboard airtime cache hydrated. {"user_id":1,"has_balance":true,"checked_at":"2026-06-23T15:04:26+03:00"} 
[2026-06-23 15:10:09] production.DEBUG: BackgroundTasks: found 4 schedule event(s)  
[2026-06-23 15:10:09] production.INFO: SchedulerManifest: event command='php' 'artisan' bingwa:heartbeat expression=*/15 * * * *  
[2026-06-23 15:10:09] production.INFO: SchedulerManifest: event command='php' 'artisan' bingwa:sync-transactions expression=*/5 * * * *  
[2026-06-23 15:10:09] production.INFO: SchedulerManifest: event command='php' 'artisan' bingwa:process-auto-renewals expression=*/5 * * * *  
[2026-06-23 15:10:09] production.INFO: SchedulerManifest: event command='php' 'artisan' bingwa:fetch-airtime-balance expression=*/15 * * * *  
[2026-06-23 15:10:10] production.DEBUG: Bingwa dashboard airtime cache hydrated. {"user_id":1,"has_balance":true,"checked_at":"2026-06-23T15:04:26+03:00"} 
[2026-06-23 15:10:10] production.DEBUG: Bingwa dashboard airtime cache hydrated. {"user_id":1,"has_balance":true,"checked_at":"2026-06-23T15:04:26+03:00"} 
[2026-06-23 15:10:15] production.DEBUG: Bingwa dashboard airtime cache hydrated. {"user_id":1,"has_balance":true,"checked_at":"2026-06-23T15:04:26+03:00"} 
[2026-06-23 15:10:15] production.DEBUG: Bingwa dashboard airtime cache hydrated. {"user_id":1,"has_balance":true,"checked_at":"2026-06-23T15:04:26+03:00"} 
[2026-06-23 15:10:20] production.DEBUG: Bingwa dashboard airtime cache hydrated. {"user_id":1,"has_balance":true,"checked_at":"2026-06-23T15:04:26+03:00"} 
[2026-06-23 15:10:20] production.DEBUG: Bingwa dashboard airtime cache hydrated. {"user_id":1,"has_balance":true,"checked_at":"2026-06-23T15:04:26+03:00"} 
[2026-06-23 15:10:28] production.DEBUG: BackgroundTasks: found 4 schedule event(s)  
[2026-06-23 15:10:28] production.INFO: SchedulerManifest: event command='php' 'artisan' bingwa:heartbeat expression=*/15 * * * *  
[2026-06-23 15:10:28] production.INFO: SchedulerManifest: event command='php' 'artisan' bingwa:sync-transactions expression=*/5 * * * *  
[2026-06-23 15:10:28] production.INFO: SchedulerManifest: event command='php' 'artisan' bingwa:process-auto-renewals expression=*/5 * * * *  
[2026-06-23 15:10:28] production.INFO: SchedulerManifest: event command='php' 'artisan' bingwa:fetch-airtime-balance expression=*/15 * * * *  
[2026-06-23 15:10:28] production.DEBUG: Bingwa dashboard mount started. {"user_id":1} 
[2026-06-23 15:10:28] production.DEBUG: Bingwa dashboard airtime cache hydrated. {"user_id":1,"has_balance":true,"checked_at":"2026-06-23T15:04:26+03:00"} 
[2026-06-23 15:10:28] production.DEBUG: Bingwa dashboard airtime response ready. {"user_id":1,"balance":483.52,"checked_at":"23 Jun, 15:04"} 
[2026-06-23 15:10:28] production.DEBUG: BackgroundTasks: found 4 schedule event(s)  
[2026-06-23 15:10:28] production.INFO: SchedulerManifest: event command='php' 'artisan' bingwa:heartbeat expression=*/15 * * * *  
[2026-06-23 15:10:28] production.INFO: SchedulerManifest: event command='php' 'artisan' bingwa:sync-transactions expression=*/5 * * * *  
[2026-06-23 15:10:28] production.INFO: SchedulerManifest: event command='php' 'artisan' bingwa:process-auto-renewals expression=*/5 * * * *  
[2026-06-23 15:10:28] production.INFO: SchedulerManifest: event command='php' 'artisan' bingwa:fetch-airtime-balance expression=*/15 * * * *  
[2026-06-23 15:10:28] production.DEBUG: Subscription plans prefetch job started. {"component":"plans_prefetch","user_id":1} 
[2026-06-23 15:10:28] production.DEBUG: 🌐 Fetching plans from: https://backend.statum.co.ke/api/v1/subscription/plans/hybrid  
[2026-06-23 15:10:29] production.DEBUG: 📦 Plans response received {"plans_count":5} 
[2026-06-23 15:10:29] production.DEBUG: Subscription plans prefetch job completed successfully. {"component":"plans_prefetch","user_id":1} 
[2026-06-23 15:10:30] production.DEBUG: BackgroundTasks: found 4 schedule event(s)  
[2026-06-23 15:10:30] production.INFO: SchedulerManifest: event command='php' 'artisan' bingwa:heartbeat expression=*/15 * * * *  
[2026-06-23 15:10:30] production.INFO: SchedulerManifest: event command='php' 'artisan' bingwa:sync-transactions expression=*/5 * * * *  
[2026-06-23 15:10:30] production.INFO: SchedulerManifest: event command='php' 'artisan' bingwa:process-auto-renewals expression=*/5 * * * *  
[2026-06-23 15:10:30] production.INFO: SchedulerManifest: event command='php' 'artisan' bingwa:fetch-airtime-balance expression=*/15 * * * *  
[2026-06-23 15:10:33] production.DEBUG: Bingwa dashboard airtime cache hydrated. {"user_id":1,"has_balance":true,"checked_at":"2026-06-23T15:04:26+03:00"} 
[2026-06-23 15:10:33] production.DEBUG: Bingwa dashboard airtime cache hydrated. {"user_id":1,"has_balance":true,"checked_at":"2026-06-23T15:04:26+03:00"} 
[2026-06-23 15:10:38] production.DEBUG: Bingwa dashboard airtime cache hydrated. {"user_id":1,"has_balance":true,"checked_at":"2026-06-23T15:04:26+03:00"} 
[2026-06-23 15:10:38] production.DEBUG: Bingwa dashboard airtime cache hydrated. {"user_id":1,"has_balance":true,"checked_at":"2026-06-23T15:04:26+03:00"} 
[2026-06-23 15:10:43] production.DEBUG: Bingwa dashboard airtime cache hydrated. {"user_id":1,"has_balance":true,"checked_at":"2026-06-23T15:04:26+03:00"} 
[2026-06-23 15:10:43] production.DEBUG: Bingwa dashboard airtime cache hydrated. {"user_id":1,"has_balance":true,"checked_at":"2026-06-23T15:04:26+03:00"} 
[2026-06-23 15:10:48] production.DEBUG: Bingwa dashboard airtime cache hydrated. {"user_id":1,"has_balance":true,"checked_at":"2026-06-23T15:04:26+03:00"} 
[2026-06-23 15:10:48] production.DEBUG: Bingwa dashboard airtime cache hydrated. {"user_id":1,"has_balance":true,"checked_at":"2026-06-23T15:04:26+03:00"} 
[2026-06-23 15:10:53] production.DEBUG: Bingwa dashboard airtime cache hydrated. {"user_id":1,"has_balance":true,"checked_at":"2026-06-23T15:04:26+03:00"} 
[2026-06-23 15:10:53] production.DEBUG: Bingwa dashboard airtime cache hydrated. {"user_id":1,"has_balance":true,"checked_at":"2026-06-23T15:04:26+03:00"} 
[2026-06-23 15:10:58] production.DEBUG: Bingwa dashboard airtime cache hydrated. {"user_id":1,"has_balance":true,"checked_at":"2026-06-23T15:04:26+03:00"} 
[2026-06-23 15:10:58] production.DEBUG: Bingwa dashboard airtime cache hydrated. {"user_id":1,"has_balance":true,"checked_at":"2026-06-23T15:04:26+03:00"} 
[2026-06-23 15:11:03] production.DEBUG: Bingwa dashboard airtime cache hydrated. {"user_id":1,"has_balance":true,"checked_at":"2026-06-23T15:04:26+03:00"} 
[2026-06-23 15:11:03] production.DEBUG: Bingwa dashboard airtime cache hydrated. {"user_id":1,"has_balance":true,"checked_at":"2026-06-23T15:04:26+03:00"} 
[2026-06-23 15:11:03] production.DEBUG: BackgroundTasks: found 4 schedule event(s)  
[2026-06-23 15:11:03] production.INFO: SchedulerManifest: event command='php' 'artisan' bingwa:heartbeat expression=*/15 * * * *  
[2026-06-23 15:11:03] production.INFO: SchedulerManifest: event command='php' 'artisan' bingwa:sync-transactions expression=*/5 * * * *  
[2026-06-23 15:11:03] production.INFO: SchedulerManifest: event command='php' 'artisan' bingwa:process-auto-renewals expression=*/5 * * * *  
[2026-06-23 15:11:03] production.INFO: SchedulerManifest: event command='php' 'artisan' bingwa:fetch-airtime-balance expression=*/15 * * * *  
[2026-06-23 15:11:08] production.DEBUG: Bingwa dashboard airtime cache hydrated. {"user_id":1,"has_balance":true,"checked_at":"2026-06-23T15:04:26+03:00"} 
[2026-06-23 15:11:08] production.DEBUG: Bingwa dashboard airtime cache hydrated. {"user_id":1,"has_balance":true,"checked_at":"2026-06-23T15:04:26+03:00"} 
[2026-06-23 15:11:13] production.DEBUG: Bingwa dashboard airtime cache hydrated. {"user_id":1,"has_balance":true,"checked_at":"2026-06-23T15:04:26+03:00"} 
[2026-06-23 15:11:13] production.DEBUG: Bingwa dashboard airtime cache hydrated. {"user_id":1,"has_balance":true,"checked_at":"2026-06-23T15:04:26+03:00"} 
[2026-06-23 15:11:18] production.DEBUG: Bingwa dashboard airtime cache hydrated. {"user_id":1,"has_balance":true,"checked_at":"2026-06-23T15:04:26+03:00"} 
[2026-06-23 15:11:18] production.DEBUG: Bingwa dashboard airtime cache hydrated. {"user_id":1,"has_balance":true,"checked_at":"2026-06-23T15:04:26+03:00"} 
[2026-06-23 15:11:23] production.DEBUG: Bingwa dashboard airtime cache hydrated. {"user_id":1,"has_balance":true,"checked_at":"2026-06-23T15:04:26+03:00"} 
[2026-06-23 15:11:23] production.DEBUG: Bingwa dashboard airtime cache hydrated. {"user_id":1,"has_balance":true,"checked_at":"2026-06-23T15:04:26+03:00"} 
[2026-06-23 15:11:28] production.DEBUG: Bingwa dashboard airtime cache hydrated. {"user_id":1,"has_balance":true,"checked_at":"2026-06-23T15:04:26+03:00"} 
[2026-06-23 15:11:28] production.DEBUG: Bingwa dashboard airtime cache hydrated. {"user_id":1,"has_balance":true,"checked_at":"2026-06-23T15:04:26+03:00"} 
[2026-06-23 15:11:33] production.DEBUG: Bingwa dashboard airtime cache hydrated. {"user_id":1,"has_balance":true,"checked_at":"2026-06-23T15:04:26+03:00"} 
[2026-06-23 15:11:33] production.DEBUG: Bingwa dashboard airtime cache hydrated. {"user_id":1,"has_balance":true,"checked_at":"2026-06-23T15:04:26+03:00"} 
[2026-06-23 15:11:37] production.DEBUG: BackgroundTasks: found 4 schedule event(s)  
[2026-06-23 15:11:37] production.INFO: SchedulerManifest: event command='php' 'artisan' bingwa:heartbeat expression=*/15 * * * *  
[2026-06-23 15:11:37] production.INFO: SchedulerManifest: event command='php' 'artisan' bingwa:sync-transactions expression=*/5 * * * *  
[2026-06-23 15:11:37] production.INFO: SchedulerManifest: event command='php' 'artisan' bingwa:process-auto-renewals expression=*/5 * * * *  
[2026-06-23 15:11:37] production.INFO: SchedulerManifest: event command='php' 'artisan' bingwa:fetch-airtime-balance expression=*/15 * * * *  
[2026-06-23 15:11:38] production.DEBUG: Bingwa dashboard airtime cache hydrated. {"user_id":1,"has_balance":true,"checked_at":"2026-06-23T15:04:26+03:00"} 
[2026-06-23 15:11:38] production.DEBUG: Bingwa dashboard airtime cache hydrated. {"user_id":1,"has_balance":true,"checked_at":"2026-06-23T15:04:26+03:00"} 
[2026-06-23 15:11:43] production.DEBUG: Bingwa dashboard airtime cache hydrated. {"user_id":1,"has_balance":true,"checked_at":"2026-06-23T15:04:26+03:00"} 
[2026-06-23 15:11:43] production.DEBUG: Bingwa dashboard airtime cache hydrated. {"user_id":1,"has_balance":true,"checked_at":"2026-06-23T15:04:26+03:00"} 
[2026-06-23 15:11:48] production.DEBUG: Bingwa dashboard airtime cache hydrated. {"user_id":1,"has_balance":true,"checked_at":"2026-06-23T15:04:26+03:00"} 
[2026-06-23 15:11:48] production.DEBUG: Bingwa dashboard airtime cache hydrated. {"user_id":1,"has_balance":true,"checked_at":"2026-06-23T15:04:26+03:00"} 
[2026-06-23 15:11:53] production.DEBUG: Bingwa dashboard airtime cache hydrated. {"user_id":1,"has_balance":true,"checked_at":"2026-06-23T15:04:26+03:00"} 
[2026-06-23 15:11:53] production.DEBUG: Bingwa dashboard airtime cache hydrated. {"user_id":1,"has_balance":true,"checked_at":"2026-06-23T15:04:26+03:00"} 
[2026-06-23 15:11:58] production.DEBUG: Bingwa dashboard airtime cache hydrated. {"user_id":1,"has_balance":true,"checked_at":"2026-06-23T15:04:26+03:00"} 
[2026-06-23 15:11:58] production.DEBUG: Bingwa dashboard airtime cache hydrated. {"user_id":1,"has_balance":true,"checked_at":"2026-06-23T15:04:26+03:00"} 
[2026-06-23 15:12:03] production.DEBUG: Bingwa dashboard airtime cache hydrated. {"user_id":1,"has_balance":true,"checked_at":"2026-06-23T15:04:26+03:00"} 
[2026-06-23 15:12:03] production.DEBUG: Bingwa dashboard airtime cache hydrated. {"user_id":1,"has_balance":true,"checked_at":"2026-06-23T15:04:26+03:00"} 
[2026-06-23 15:12:08] production.DEBUG: Bingwa dashboard airtime cache hydrated. {"user_id":1,"has_balance":true,"checked_at":"2026-06-23T15:04:26+03:00"} 
[2026-06-23 15:12:08] production.DEBUG: Bingwa dashboard airtime cache hydrated. {"user_id":1,"has_balance":true,"checked_at":"2026-06-23T15:04:26+03:00"} 
[2026-06-23 15:12:10] production.DEBUG: BackgroundTasks: found 4 schedule event(s)  
[2026-06-23 15:12:10] production.INFO: SchedulerManifest: event command='php' 'artisan' bingwa:heartbeat expression=*/15 * * * *  
[2026-06-23 15:12:10] production.INFO: SchedulerManifest: event command='php' 'artisan' bingwa:sync-transactions expression=*/5 * * * *  
[2026-06-23 15:12:10] production.INFO: SchedulerManifest: event command='php' 'artisan' bingwa:process-auto-renewals expression=*/5 * * * *  
[2026-06-23 15:12:10] production.INFO: SchedulerManifest: event command='php' 'artisan' bingwa:fetch-airtime-balance expression=*/15 * * * *  
[2026-06-23 15:12:13] production.DEBUG: Bingwa dashboard airtime cache hydrated. {"user_id":1,"has_balance":true,"checked_at":"2026-06-23T15:04:26+03:00"} 
[2026-06-23 15:12:13] production.DEBUG: Bingwa dashboard airtime cache hydrated. {"user_id":1,"has_balance":true,"checked_at":"2026-06-23T15:04:26+03:00"} 
[2026-06-23 15:12:18] production.DEBUG: Bingwa dashboard airtime cache hydrated. {"user_id":1,"has_balance":true,"checked_at":"2026-06-23T15:04:26+03:00"} 
[2026-06-23 15:12:18] production.DEBUG: Bingwa dashboard airtime cache hydrated. {"user_id":1,"has_balance":true,"checked_at":"2026-06-23T15:04:26+03:00"} 
[2026-06-23 15:12:23] production.DEBUG: Bingwa dashboard airtime cache hydrated. {"user_id":1,"has_balance":true,"checked_at":"2026-06-23T15:04:26+03:00"} 
[2026-06-23 15:12:23] production.DEBUG: Bingwa dashboard airtime cache hydrated. {"user_id":1,"has_balance":true,"checked_at":"2026-06-23T15:04:26+03:00"} 
[2026-06-23 15:12:28] production.DEBUG: Bingwa dashboard airtime cache hydrated. {"user_id":1,"has_balance":true,"checked_at":"2026-06-23T15:04:26+03:00"} 
[2026-06-23 15:12:28] production.DEBUG: Bingwa dashboard airtime cache hydrated. {"user_id":1,"has_balance":true,"checked_at":"2026-06-23T15:04:26+03:00"} 
[2026-06-23 15:12:33] production.DEBUG: Bingwa dashboard airtime cache hydrated. {"user_id":1,"has_balance":true,"checked_at":"2026-06-23T15:04:26+03:00"} 
[2026-06-23 15:12:33] production.DEBUG: Bingwa dashboard airtime cache hydrated. {"user_id":1,"has_balance":true,"checked_at":"2026-06-23T15:04:26+03:00"} 
[2026-06-23 15:12:38] production.DEBUG: Bingwa dashboard airtime cache hydrated. {"user_id":1,"has_balance":true,"checked_at":"2026-06-23T15:04:26+03:00"} 
[2026-06-23 15:12:38] production.DEBUG: Bingwa dashboard airtime cache hydrated. {"user_id":1,"has_balance":true,"checked_at":"2026-06-23T15:04:26+03:00"} 
[2026-06-23 15:12:43] production.DEBUG: Bingwa dashboard airtime cache hydrated. {"user_id":1,"has_balance":true,"checked_at":"2026-06-23T15:04:26+03:00"} 
[2026-06-23 15:12:43] production.DEBUG: Bingwa dashboard airtime cache hydrated. {"user_id":1,"has_balance":true,"checked_at":"2026-06-23T15:04:26+03:00"} 
[2026-06-23 15:12:44] production.DEBUG: BackgroundTasks: found 4 schedule event(s)  
[2026-06-23 15:12:44] production.INFO: SchedulerManifest: event command='php' 'artisan' bingwa:heartbeat expression=*/15 * * * *  
[2026-06-23 15:12:44] production.INFO: SchedulerManifest: event command='php' 'artisan' bingwa:sync-transactions expression=*/5 * * * *  
[2026-06-23 15:12:44] production.INFO: SchedulerManifest: event command='php' 'artisan' bingwa:process-auto-renewals expression=*/5 * * * *  
[2026-06-23 15:12:44] production.INFO: SchedulerManifest: event command='php' 'artisan' bingwa:fetch-airtime-balance expression=*/15 * * * *  
[2026-06-23 15:12:48] production.DEBUG: Bingwa dashboard airtime cache hydrated. {"user_id":1,"has_balance":true,"checked_at":"2026-06-23T15:04:26+03:00"} 
[2026-06-23 15:12:48] production.DEBUG: Bingwa dashboard airtime cache hydrated. {"user_id":1,"has_balance":true,"checked_at":"2026-06-23T15:04:26+03:00"} 
[2026-06-23 15:12:53] production.DEBUG: Bingwa dashboard airtime cache hydrated. {"user_id":1,"has_balance":true,"checked_at":"2026-06-23T15:04:26+03:00"} 
[2026-06-23 15:12:53] production.DEBUG: Bingwa dashboard airtime cache hydrated. {"user_id":1,"has_balance":true,"checked_at":"2026-06-23T15:04:26+03:00"} 
[2026-06-23 15:12:58] production.DEBUG: Bingwa dashboard airtime cache hydrated. {"user_id":1,"has_balance":true,"checked_at":"2026-06-23T15:04:26+03:00"} 
[2026-06-23 15:12:58] production.DEBUG: Bingwa dashboard airtime cache hydrated. {"user_id":1,"has_balance":true,"checked_at":"2026-06-23T15:04:26+03:00"} 
[2026-06-23 15:13:03] production.DEBUG: Bingwa dashboard airtime cache hydrated. {"user_id":1,"has_balance":true,"checked_at":"2026-06-23T15:04:26+03:00"} 
[2026-06-23 15:13:03] production.DEBUG: Bingwa dashboard airtime cache hydrated. {"user_id":1,"has_balance":true,"checked_at":"2026-06-23T15:04:26+03:00"} 
[2026-06-23 15:13:08] production.DEBUG: Bingwa dashboard airtime cache hydrated. {"user_id":1,"has_balance":true,"checked_at":"2026-06-23T15:04:26+03:00"} 
[2026-06-23 15:13:08] production.DEBUG: Bingwa dashboard airtime cache hydrated. {"user_id":1,"has_balance":true,"checked_at":"2026-06-23T15:04:26+03:00"} 
[2026-06-23 15:13:12] production.DEBUG: Bingwa dashboard airtime cache hydrated. {"user_id":1,"has_balance":true,"checked_at":"2026-06-23T15:04:26+03:00"} 
[2026-06-23 15:13:13] production.DEBUG: Bingwa dashboard airtime cache hydrated. {"user_id":1,"has_balance":true,"checked_at":"2026-06-23T15:04:26+03:00"} 
[2026-06-23 15:13:13] production.DEBUG: Bingwa dashboard airtime cache hydrated. {"user_id":1,"has_balance":true,"checked_at":"2026-06-23T15:04:26+03:00"} 
[2026-06-23 15:13:22] production.DEBUG: BackgroundTasks: found 4 schedule event(s)  
[2026-06-23 15:13:22] production.INFO: SchedulerManifest: event command='php' 'artisan' bingwa:heartbeat expression=*/15 * * * *  
[2026-06-23 15:13:22] production.INFO: SchedulerManifest: event command='php' 'artisan' bingwa:sync-transactions expression=*/5 * * * *  
[2026-06-23 15:13:22] production.INFO: SchedulerManifest: event command='php' 'artisan' bingwa:process-auto-renewals expression=*/5 * * * *  
[2026-06-23 15:13:22] production.INFO: SchedulerManifest: event command='php' 'artisan' bingwa:fetch-airtime-balance expression=*/15 * * * *  
[2026-06-23 15:13:25] production.DEBUG: BackgroundTasks: found 4 schedule event(s)  
[2026-06-23 15:13:25] production.INFO: SchedulerManifest: event command='php' 'artisan' bingwa:heartbeat expression=*/15 * * * *  
[2026-06-23 15:13:25] production.INFO: SchedulerManifest: event command='php' 'artisan' bingwa:sync-transactions expression=*/5 * * * *  
[2026-06-23 15:13:25] production.INFO: SchedulerManifest: event command='php' 'artisan' bingwa:process-auto-renewals expression=*/5 * * * *  
[2026-06-23 15:13:25] production.INFO: SchedulerManifest: event command='php' 'artisan' bingwa:fetch-airtime-balance expression=*/15 * * * *  
[2026-06-23 15:13:25] production.DEBUG: Bingwa dashboard mount started. {"user_id":1} 
[2026-06-23 15:13:25] production.DEBUG: Bingwa dashboard airtime cache hydrated. {"user_id":1,"has_balance":true,"checked_at":"2026-06-23T15:04:26+03:00"} 
[2026-06-23 15:13:25] production.DEBUG: Bingwa dashboard airtime response ready. {"user_id":1,"balance":483.52,"checked_at":"23 Jun, 15:04"} 
[2026-06-23 15:13:27] production.DEBUG: Bingwa dashboard airtime cache hydrated. {"user_id":1,"has_balance":true,"checked_at":"2026-06-23T15:04:26+03:00"} 
[2026-06-23 15:13:30] production.DEBUG: Bingwa dashboard airtime cache hydrated. {"user_id":1,"has_balance":true,"checked_at":"2026-06-23T15:04:26+03:00"} 
[2026-06-23 15:13:31] production.DEBUG: Bingwa dashboard airtime cache hydrated. {"user_id":1,"has_balance":true,"checked_at":"2026-06-23T15:04:26+03:00"} 
[2026-06-23 15:13:35] production.DEBUG: Bingwa dashboard mount started. {"user_id":1} 
[2026-06-23 15:13:35] production.DEBUG: Bingwa dashboard airtime cache hydrated. {"user_id":1,"has_balance":true,"checked_at":"2026-06-23T15:04:26+03:00"} 
[2026-06-23 15:13:35] production.DEBUG: Bingwa dashboard airtime response ready. {"user_id":1,"balance":483.52,"checked_at":"23 Jun, 15:04"} 
[2026-06-23 15:13:35] production.DEBUG: BackgroundTasks: found 4 schedule event(s)  
[2026-06-23 15:13:35] production.INFO: SchedulerManifest: event command='php' 'artisan' bingwa:heartbeat expression=*/15 * * * *  
[2026-06-23 15:13:35] production.INFO: SchedulerManifest: event command='php' 'artisan' bingwa:sync-transactions expression=*/5 * * * *  
[2026-06-23 15:13:35] production.INFO: SchedulerManifest: event command='php' 'artisan' bingwa:process-auto-renewals expression=*/5 * * * *  
[2026-06-23 15:13:35] production.INFO: SchedulerManifest: event command='php' 'artisan' bingwa:fetch-airtime-balance expression=*/15 * * * *  
[2026-06-23 15:13:36] production.DEBUG: Subscription plans prefetch job started. {"component":"plans_prefetch","user_id":1} 
[2026-06-23 15:13:36] production.DEBUG: Subscription plans prefetch job completed successfully. {"component":"plans_prefetch","user_id":1} 
[2026-06-23 15:13:36] production.DEBUG: BackgroundTasks: found 4 schedule event(s)  
[2026-06-23 15:13:36] production.INFO: SchedulerManifest: event command='php' 'artisan' bingwa:heartbeat expression=*/15 * * * *  
[2026-06-23 15:13:36] production.INFO: SchedulerManifest: event command='php' 'artisan' bingwa:sync-transactions expression=*/5 * * * *  
[2026-06-23 15:13:36] production.INFO: SchedulerManifest: event command='php' 'artisan' bingwa:process-auto-renewals expression=*/5 * * * *  
[2026-06-23 15:13:36] production.INFO: SchedulerManifest: event command='php' 'artisan' bingwa:fetch-airtime-balance expression=*/15 * * * *  
[2026-06-23 15:13:37] production.DEBUG: Bingwa dashboard airtime cache hydrated. {"user_id":1,"has_balance":true,"checked_at":"2026-06-23T15:04:26+03:00"} 
[2026-06-23 15:13:40] production.DEBUG: Bingwa dashboard airtime cache hydrated. {"user_id":1,"has_balance":true,"checked_at":"2026-06-23T15:04:26+03:00"} 
[2026-06-23 15:13:40] production.DEBUG: Bingwa dashboard airtime cache hydrated. {"user_id":1,"has_balance":true,"checked_at":"2026-06-23T15:04:26+03:00"} 
[2026-06-23 15:13:45] production.DEBUG: Bingwa dashboard airtime cache hydrated. {"user_id":1,"has_balance":true,"checked_at":"2026-06-23T15:04:26+03:00"} 
[2026-06-23 15:13:45] production.DEBUG: Bingwa dashboard airtime cache hydrated. {"user_id":1,"has_balance":true,"checked_at":"2026-06-23T15:04:26+03:00"} 
[2026-06-23 15:13:50] production.DEBUG: Bingwa dashboard airtime cache hydrated. {"user_id":1,"has_balance":true,"checked_at":"2026-06-23T15:04:26+03:00"} 
[2026-06-23 15:13:50] production.DEBUG: Bingwa dashboard airtime cache hydrated. {"user_id":1,"has_balance":true,"checked_at":"2026-06-23T15:04:26+03:00"} 
[2026-06-23 15:13:55] production.DEBUG: Bingwa dashboard airtime cache hydrated. {"user_id":1,"has_balance":true,"checked_at":"2026-06-23T15:04:26+03:00"} 
[2026-06-23 15:13:55] production.DEBUG: Bingwa dashboard airtime cache hydrated. {"user_id":1,"has_balance":true,"checked_at":"2026-06-23T15:04:26+03:00"} 
[2026-06-23 15:14:00] production.DEBUG: Bingwa dashboard airtime cache hydrated. {"user_id":1,"has_balance":true,"checked_at":"2026-06-23T15:04:26+03:00"} 
[2026-06-23 15:14:00] production.DEBUG: Bingwa dashboard airtime cache hydrated. {"user_id":1,"has_balance":true,"checked_at":"2026-06-23T15:04:26+03:00"} 
[2026-06-23 15:14:05] production.DEBUG: Bingwa dashboard airtime cache hydrated. {"user_id":1,"has_balance":true,"checked_at":"2026-06-23T15:04:26+03:00"} 
[2026-06-23 15:14:05] production.DEBUG: Bingwa dashboard airtime cache hydrated. {"user_id":1,"has_balance":true,"checked_at":"2026-06-23T15:04:26+03:00"} 
[2026-06-23 15:14:09] production.DEBUG: BackgroundTasks: found 4 schedule event(s)  
[2026-06-23 15:14:09] production.INFO: SchedulerManifest: event command='php' 'artisan' bingwa:heartbeat expression=*/15 * * * *  
[2026-06-23 15:14:09] production.INFO: SchedulerManifest: event command='php' 'artisan' bingwa:sync-transactions expression=*/5 * * * *  
[2026-06-23 15:14:09] production.INFO: SchedulerManifest: event command='php' 'artisan' bingwa:process-auto-renewals expression=*/5 * * * *  
[2026-06-23 15:14:09] production.INFO: SchedulerManifest: event command='php' 'artisan' bingwa:fetch-airtime-balance expression=*/15 * * * *  
[2026-06-23 15:14:10] production.DEBUG: Bingwa dashboard airtime cache hydrated. {"user_id":1,"has_balance":true,"checked_at":"2026-06-23T15:04:26+03:00"} 
[2026-06-23 15:14:10] production.DEBUG: Bingwa dashboard airtime cache hydrated. {"user_id":1,"has_balance":true,"checked_at":"2026-06-23T15:04:26+03:00"} 
[2026-06-23 15:14:15] production.DEBUG: Bingwa dashboard airtime cache hydrated. {"user_id":1,"has_balance":true,"checked_at":"2026-06-23T15:04:26+03:00"} 
[2026-06-23 15:14:15] production.DEBUG: Bingwa dashboard airtime cache hydrated. {"user_id":1,"has_balance":true,"checked_at":"2026-06-23T15:04:26+03:00"} 
[2026-06-23 15:14:20] production.DEBUG: Bingwa dashboard airtime cache hydrated. {"user_id":1,"has_balance":true,"checked_at":"2026-06-23T15:04:26+03:00"} 
[2026-06-23 15:14:20] production.DEBUG: Bingwa dashboard airtime cache hydrated. {"user_id":1,"has_balance":true,"checked_at":"2026-06-23T15:04:26+03:00"} 
[2026-06-23 15:14:25] production.DEBUG: Bingwa dashboard airtime cache hydrated. {"user_id":1,"has_balance":true,"checked_at":"2026-06-23T15:04:26+03:00"} 
[2026-06-23 15:14:25] production.DEBUG: Bingwa dashboard airtime cache hydrated. {"user_id":1,"has_balance":true,"checked_at":"2026-06-23T15:04:26+03:00"} 
[2026-06-23 15:14:30] production.DEBUG: Bingwa dashboard airtime cache hydrated. {"user_id":1,"has_balance":true,"checked_at":"2026-06-23T15:04:26+03:00"} 
[2026-06-23 15:14:30] production.DEBUG: Bingwa dashboard airtime cache hydrated. {"user_id":1,"has_balance":true,"checked_at":"2026-06-23T15:04:26+03:00"} 
[2026-06-23 15:14:43] production.DEBUG: BackgroundTasks: found 4 schedule event(s)  
[2026-06-23 15:14:43] production.INFO: SchedulerManifest: event command='php' 'artisan' bingwa:heartbeat expression=*/15 * * * *  
[2026-06-23 15:14:43] production.INFO: SchedulerManifest: event command='php' 'artisan' bingwa:sync-transactions expression=*/5 * * * *  
[2026-06-23 15:14:43] production.INFO: SchedulerManifest: event command='php' 'artisan' bingwa:process-auto-renewals expression=*/5 * * * *  
[2026-06-23 15:14:43] production.INFO: SchedulerManifest: event command='php' 'artisan' bingwa:fetch-airtime-balance expression=*/15 * * * *  
[2026-06-23 15:15:17] production.DEBUG: BackgroundTasks: found 4 schedule event(s)  
[2026-06-23 15:15:17] production.INFO: SchedulerManifest: event command='php' 'artisan' bingwa:heartbeat expression=*/15 * * * *  
[2026-06-23 15:15:17] production.INFO: SchedulerManifest: event command='php' 'artisan' bingwa:sync-transactions expression=*/5 * * * *  
[2026-06-23 15:15:17] production.INFO: SchedulerManifest: event command='php' 'artisan' bingwa:process-auto-renewals expression=*/5 * * * *  
[2026-06-23 15:15:17] production.INFO: SchedulerManifest: event command='php' 'artisan' bingwa:fetch-airtime-balance expression=*/15 * * * *  
[2026-06-23 15:15:17] production.DEBUG: Bingwa dashboard airtime cache hydrated. {"user_id":1,"has_balance":true,"checked_at":"2026-06-23T15:04:26+03:00"} 
[2026-06-23 15:15:52] production.DEBUG: BackgroundTasks: found 4 schedule event(s)  
[2026-06-23 15:15:52] production.INFO: SchedulerManifest: event command='php' 'artisan' bingwa:heartbeat expression=*/15 * * * *  
[2026-06-23 15:15:52] production.INFO: SchedulerManifest: event command='php' 'artisan' bingwa:sync-transactions expression=*/5 * * * *  
[2026-06-23 15:15:52] production.INFO: SchedulerManifest: event command='php' 'artisan' bingwa:process-auto-renewals expression=*/5 * * * *  
[2026-06-23 15:15:52] production.INFO: SchedulerManifest: event command='php' 'artisan' bingwa:fetch-airtime-balance expression=*/15 * * * *  
[2026-06-23 15:16:26] production.DEBUG: BackgroundTasks: found 4 schedule event(s)  
[2026-06-23 15:16:26] production.INFO: SchedulerManifest: event command='php' 'artisan' bingwa:heartbeat expression=*/15 * * * *  
[2026-06-23 15:16:26] production.INFO: SchedulerManifest: event command='php' 'artisan' bingwa:sync-transactions expression=*/5 * * * *  
[2026-06-23 15:16:26] production.INFO: SchedulerManifest: event command='php' 'artisan' bingwa:process-auto-renewals expression=*/5 * * * *  
[2026-06-23 15:16:26] production.INFO: SchedulerManifest: event command='php' 'artisan' bingwa:fetch-airtime-balance expression=*/15 * * * *  
[2026-06-23 15:17:01] production.DEBUG: BackgroundTasks: found 4 schedule event(s)  
[2026-06-23 15:17:01] production.INFO: SchedulerManifest: event command='php' 'artisan' bingwa:heartbeat expression=*/15 * * * *  
[2026-06-23 15:17:01] production.INFO: SchedulerManifest: event command='php' 'artisan' bingwa:sync-transactions expression=*/5 * * * *  
[2026-06-23 15:17:01] production.INFO: SchedulerManifest: event command='php' 'artisan' bingwa:process-auto-renewals expression=*/5 * * * *  
[2026-06-23 15:17:01] production.INFO: SchedulerManifest: event command='php' 'artisan' bingwa:fetch-airtime-balance expression=*/15 * * * *  
[2026-06-23 15:17:35] production.DEBUG: BackgroundTasks: found 4 schedule event(s)  
[2026-06-23 15:17:35] production.INFO: SchedulerManifest: event command='php' 'artisan' bingwa:heartbeat expression=*/15 * * * *  
[2026-06-23 15:17:35] production.INFO: SchedulerManifest: event command='php' 'artisan' bingwa:sync-transactions expression=*/5 * * * *  
[2026-06-23 15:17:35] production.INFO: SchedulerManifest: event command='php' 'artisan' bingwa:process-auto-renewals expression=*/5 * * * *  
[2026-06-23 15:17:35] production.INFO: SchedulerManifest: event command='php' 'artisan' bingwa:fetch-airtime-balance expression=*/15 * * * *  
[2026-06-23 15:18:10] production.DEBUG: BackgroundTasks: found 4 schedule event(s)  
[2026-06-23 15:18:10] production.INFO: SchedulerManifest: event command='php' 'artisan' bingwa:heartbeat expression=*/15 * * * *  
[2026-06-23 15:18:10] production.INFO: SchedulerManifest: event command='php' 'artisan' bingwa:sync-transactions expression=*/5 * * * *  
[2026-06-23 15:18:10] production.INFO: SchedulerManifest: event command='php' 'artisan' bingwa:process-auto-renewals expression=*/5 * * * *  
[2026-06-23 15:18:10] production.INFO: SchedulerManifest: event command='php' 'artisan' bingwa:fetch-airtime-balance expression=*/15 * * * *  
[2026-06-23 15:18:44] production.DEBUG: BackgroundTasks: found 4 schedule event(s)  
[2026-06-23 15:18:44] production.INFO: SchedulerManifest: event command='php' 'artisan' bingwa:heartbeat expression=*/15 * * * *  
[2026-06-23 15:18:44] production.INFO: SchedulerManifest: event command='php' 'artisan' bingwa:sync-transactions expression=*/5 * * * *  
[2026-06-23 15:18:44] production.INFO: SchedulerManifest: event command='php' 'artisan' bingwa:process-auto-renewals expression=*/5 * * * *  
[2026-06-23 15:18:44] production.INFO: SchedulerManifest: event command='php' 'artisan' bingwa:fetch-airtime-balance expression=*/15 * * * *  
[2026-06-23 15:18:57] production.DEBUG: BackgroundTasks: found 4 schedule event(s)  
[2026-06-23 15:18:57] production.INFO: SchedulerManifest: event command='php' 'artisan' bingwa:heartbeat expression=*/15 * * * *  
[2026-06-23 15:18:57] production.INFO: SchedulerManifest: event command='php' 'artisan' bingwa:sync-transactions expression=*/5 * * * *  
[2026-06-23 15:18:57] production.INFO: SchedulerManifest: event command='php' 'artisan' bingwa:process-auto-renewals expression=*/5 * * * *  
[2026-06-23 15:18:57] production.INFO: SchedulerManifest: event command='php' 'artisan' bingwa:fetch-airtime-balance expression=*/15 * * * *  
[2026-06-23 15:18:57] production.DEBUG: Bingwa dashboard mount started. {"user_id":1} 
[2026-06-23 15:18:57] production.DEBUG: Bingwa dashboard airtime cache hydrated. {"user_id":1,"has_balance":true,"checked_at":"2026-06-23T15:04:26+03:00"} 
[2026-06-23 15:18:57] production.DEBUG: Bingwa dashboard airtime response ready. {"user_id":1,"balance":483.52,"checked_at":"23 Jun, 15:04"} 
[2026-06-23 15:18:57] production.DEBUG: BackgroundTasks: found 4 schedule event(s)  
[2026-06-23 15:18:57] production.INFO: SchedulerManifest: event command='php' 'artisan' bingwa:heartbeat expression=*/15 * * * *  
[2026-06-23 15:18:57] production.INFO: SchedulerManifest: event command='php' 'artisan' bingwa:sync-transactions expression=*/5 * * * *  
[2026-06-23 15:18:57] production.INFO: SchedulerManifest: event command='php' 'artisan' bingwa:process-auto-renewals expression=*/5 * * * *  
[2026-06-23 15:18:57] production.INFO: SchedulerManifest: event command='php' 'artisan' bingwa:fetch-airtime-balance expression=*/15 * * * *  
[2026-06-23 15:18:57] production.DEBUG: Subscription plans prefetch job started. {"component":"plans_prefetch","user_id":1} 
[2026-06-23 15:18:57] production.DEBUG: 🌐 Fetching plans from: https://backend.statum.co.ke/api/v1/subscription/plans/hybrid  
[2026-06-23 15:18:58] production.DEBUG: 📦 Plans response received {"plans_count":5} 
[2026-06-23 15:18:58] production.DEBUG: Subscription plans prefetch job completed successfully. {"component":"plans_prefetch","user_id":1} 
[2026-06-23 15:18:59] production.DEBUG: BackgroundTasks: found 4 schedule event(s)  
[2026-06-23 15:18:59] production.INFO: SchedulerManifest: event command='php' 'artisan' bingwa:heartbeat expression=*/15 * * * *  
[2026-06-23 15:18:59] production.INFO: SchedulerManifest: event command='php' 'artisan' bingwa:sync-transactions expression=*/5 * * * *  
[2026-06-23 15:18:59] production.INFO: SchedulerManifest: event command='php' 'artisan' bingwa:process-auto-renewals expression=*/5 * * * *  
[2026-06-23 15:18:59] production.INFO: SchedulerManifest: event command='php' 'artisan' bingwa:fetch-airtime-balance expression=*/15 * * * *  
[2026-06-23 15:19:02] production.DEBUG: Bingwa dashboard airtime cache hydrated. {"user_id":1,"has_balance":true,"checked_at":"2026-06-23T15:04:26+03:00"} 
[2026-06-23 15:19:02] production.DEBUG: Bingwa dashboard airtime cache hydrated. {"user_id":1,"has_balance":true,"checked_at":"2026-06-23T15:04:26+03:00"} 
[2026-06-23 15:19:07] production.DEBUG: Bingwa dashboard airtime cache hydrated. {"user_id":1,"has_balance":true,"checked_at":"2026-06-23T15:04:26+03:00"} 
[2026-06-23 15:19:07] production.DEBUG: Bingwa dashboard airtime cache hydrated. {"user_id":1,"has_balance":true,"checked_at":"2026-06-23T15:04:26+03:00"} 
[2026-06-23 15:19:12] production.DEBUG: Bingwa dashboard airtime cache hydrated. {"user_id":1,"has_balance":true,"checked_at":"2026-06-23T15:04:26+03:00"} 
[2026-06-23 15:19:12] production.DEBUG: Bingwa dashboard airtime cache hydrated. {"user_id":1,"has_balance":true,"checked_at":"2026-06-23T15:04:26+03:00"} 
[2026-06-23 15:19:17] production.DEBUG: Bingwa dashboard airtime cache hydrated. {"user_id":1,"has_balance":true,"checked_at":"2026-06-23T15:04:26+03:00"} 
[2026-06-23 15:19:17] production.DEBUG: Bingwa dashboard airtime cache hydrated. {"user_id":1,"has_balance":true,"checked_at":"2026-06-23T15:04:26+03:00"} 
[2026-06-23 15:19:22] production.DEBUG: Bingwa dashboard airtime cache hydrated. {"user_id":1,"has_balance":true,"checked_at":"2026-06-23T15:04:26+03:00"} 
[2026-06-23 15:19:22] production.DEBUG: Bingwa dashboard airtime cache hydrated. {"user_id":1,"has_balance":true,"checked_at":"2026-06-23T15:04:26+03:00"} 
[2026-06-23 15:19:27] production.DEBUG: Bingwa dashboard airtime cache hydrated. {"user_id":1,"has_balance":true,"checked_at":"2026-06-23T15:04:26+03:00"} 
[2026-06-23 15:19:27] production.DEBUG: Bingwa dashboard airtime cache hydrated. {"user_id":1,"has_balance":true,"checked_at":"2026-06-23T15:04:26+03:00"} 
[2026-06-23 15:19:32] production.DEBUG: Bingwa dashboard airtime cache hydrated. {"user_id":1,"has_balance":true,"checked_at":"2026-06-23T15:04:26+03:00"} 
[2026-06-23 15:19:32] production.DEBUG: Bingwa dashboard airtime cache hydrated. {"user_id":1,"has_balance":true,"checked_at":"2026-06-23T15:04:26+03:00"} 
[2026-06-23 15:19:32] production.DEBUG: BackgroundTasks: found 4 schedule event(s)  
[2026-06-23 15:19:32] production.INFO: SchedulerManifest: event command='php' 'artisan' bingwa:heartbeat expression=*/15 * * * *  
[2026-06-23 15:19:32] production.INFO: SchedulerManifest: event command='php' 'artisan' bingwa:sync-transactions expression=*/5 * * * *  
[2026-06-23 15:19:32] production.INFO: SchedulerManifest: event command='php' 'artisan' bingwa:process-auto-renewals expression=*/5 * * * *  
[2026-06-23 15:19:32] production.INFO: SchedulerManifest: event command='php' 'artisan' bingwa:fetch-airtime-balance expression=*/15 * * * *  
[2026-06-23 15:19:37] production.DEBUG: Bingwa dashboard airtime cache hydrated. {"user_id":1,"has_balance":true,"checked_at":"2026-06-23T15:04:26+03:00"} 
[2026-06-23 15:19:37] production.DEBUG: Bingwa dashboard airtime cache hydrated. {"user_id":1,"has_balance":true,"checked_at":"2026-06-23T15:04:26+03:00"} 
[2026-06-23 15:19:42] production.DEBUG: Bingwa dashboard airtime cache hydrated. {"user_id":1,"has_balance":true,"checked_at":"2026-06-23T15:04:26+03:00"} 
[2026-06-23 15:19:42] production.DEBUG: Bingwa dashboard airtime cache hydrated. {"user_id":1,"has_balance":true,"checked_at":"2026-06-23T15:04:26+03:00"} 
[2026-06-23 15:19:45] production.DEBUG: BackgroundTasks: found 4 schedule event(s)  
[2026-06-23 15:19:45] production.INFO: SchedulerManifest: event command='php' 'artisan' bingwa:heartbeat expression=*/15 * * * *  
[2026-06-23 15:19:45] production.INFO: SchedulerManifest: event command='php' 'artisan' bingwa:sync-transactions expression=*/5 * * * *  
[2026-06-23 15:19:45] production.INFO: SchedulerManifest: event command='php' 'artisan' bingwa:process-auto-renewals expression=*/5 * * * *  
[2026-06-23 15:19:45] production.INFO: SchedulerManifest: event command='php' 'artisan' bingwa:fetch-airtime-balance expression=*/15 * * * *  
[2026-06-23 15:19:46] production.DEBUG: Bingwa heartbeat command dispatching job. {"user_id":1,"registration_id":1} 
[2026-06-23 15:19:46] production.INFO: Bingwa heartbeat job queued. {"user_id":1,"registration_id":1} 
[2026-06-23 15:19:46] production.DEBUG: BackgroundTasks: found 4 schedule event(s)  
[2026-06-23 15:19:46] production.INFO: SchedulerManifest: event command='php' 'artisan' bingwa:heartbeat expression=*/15 * * * *  
[2026-06-23 15:19:46] production.INFO: SchedulerManifest: event command='php' 'artisan' bingwa:sync-transactions expression=*/5 * * * *  
[2026-06-23 15:19:46] production.INFO: SchedulerManifest: event command='php' 'artisan' bingwa:process-auto-renewals expression=*/5 * * * *  
[2026-06-23 15:19:46] production.INFO: SchedulerManifest: event command='php' 'artisan' bingwa:fetch-airtime-balance expression=*/15 * * * *  
[2026-06-23 15:19:46] production.DEBUG: Auto-renewal processing command started. {"component":"auto_renewal"} 
[2026-06-23 15:19:46] production.DEBUG: Auto-renewal processing command dispatching jobs. {"component":"auto_renewal","user_id":1} 
[2026-06-23 15:19:46] production.DEBUG: Auto-renewal processing started. {"component":"auto_renewal","user_id":1} 
[2026-06-23 15:19:46] production.DEBUG: Bingwa transaction processing job dispatched. {"user_id":1} 
[2026-06-23 15:19:46] production.INFO: Auto-renewal processing command finished. {"queued":0,"rescheduled":0,"failed":0,"users":[],"component":"auto_renewal","user_id":1} 
[2026-06-23 15:19:47] production.DEBUG: BackgroundTasks: found 4 schedule event(s)  
[2026-06-23 15:19:47] production.INFO: SchedulerManifest: event command='php' 'artisan' bingwa:heartbeat expression=*/15 * * * *  
[2026-06-23 15:19:47] production.INFO: SchedulerManifest: event command='php' 'artisan' bingwa:sync-transactions expression=*/5 * * * *  
[2026-06-23 15:19:47] production.INFO: SchedulerManifest: event command='php' 'artisan' bingwa:process-auto-renewals expression=*/5 * * * *  
[2026-06-23 15:19:47] production.INFO: SchedulerManifest: event command='php' 'artisan' bingwa:fetch-airtime-balance expression=*/15 * * * *  
[2026-06-23 15:19:47] production.INFO: 🔄 Starting Bingwa transactions sync... {"command":"bingwa:sync-transactions"} 
[2026-06-23 15:19:47] production.DEBUG: Bingwa transactions sync dispatching background job.  
[2026-06-23 15:19:47] production.INFO: ✅ Sync job queued successfully. {"queued":true,"user_id":1} 
[2026-06-23 15:19:47] production.DEBUG: Bingwa dashboard airtime cache hydrated. {"user_id":1,"has_balance":true,"checked_at":"2026-06-23T15:04:26+03:00"} 
[2026-06-23 15:19:47] production.DEBUG: Bingwa dashboard airtime cache hydrated. {"user_id":1,"has_balance":true,"checked_at":"2026-06-23T15:04:26+03:00"} 
[2026-06-23 15:19:47] production.DEBUG: BackgroundTasks: found 4 schedule event(s)  
[2026-06-23 15:19:47] production.INFO: SchedulerManifest: event command='php' 'artisan' bingwa:heartbeat expression=*/15 * * * *  
[2026-06-23 15:19:47] production.INFO: SchedulerManifest: event command='php' 'artisan' bingwa:sync-transactions expression=*/5 * * * *  
[2026-06-23 15:19:47] production.INFO: SchedulerManifest: event command='php' 'artisan' bingwa:process-auto-renewals expression=*/5 * * * *  
[2026-06-23 15:19:47] production.INFO: SchedulerManifest: event command='php' 'artisan' bingwa:fetch-airtime-balance expression=*/15 * * * *  
[2026-06-23 15:19:47] production.INFO: Starting automated airtime balance refresh command... {"component":"airtime_balance","command":"bingwa:fetch-airtime-balance"} 
[2026-06-23 15:19:47] production.INFO: Dispatching RefreshAirtimeBalanceJob. {"component":"airtime_balance","user_id":1} 
[2026-06-23 15:19:48] production.DEBUG: BackgroundTasks: found 4 schedule event(s)  
[2026-06-23 15:19:48] production.INFO: SchedulerManifest: event command='php' 'artisan' bingwa:heartbeat expression=*/15 * * * *  
[2026-06-23 15:19:48] production.INFO: SchedulerManifest: event command='php' 'artisan' bingwa:sync-transactions expression=*/5 * * * *  
[2026-06-23 15:19:48] production.INFO: SchedulerManifest: event command='php' 'artisan' bingwa:process-auto-renewals expression=*/5 * * * *  
[2026-06-23 15:19:48] production.INFO: SchedulerManifest: event command='php' 'artisan' bingwa:fetch-airtime-balance expression=*/15 * * * *  
[2026-06-23 15:19:48] production.DEBUG: Bingwa FCM sync job started. {"component":"fcm_sync","user_id":1,"flow_id":"1eef5c24-1b17-4461-8407-146bc2b7b586","attempt":1,"tries":0} 
[2026-06-23 15:19:48] production.DEBUG: Bingwa FCM permission status checked in backend job. {"component":"fcm_sync","user_id":1,"flow_id":"1eef5c24-1b17-4461-8407-146bc2b7b586","permission_status":"granted"} 
[2026-06-23 15:19:48] production.DEBUG: Skipped PushNotifications::enroll() as RequestPermission is not available in this context (e.g. queue worker). {"component":"fcm_sync","user_id":1,"flow_id":"1eef5c24-1b17-4461-8407-146bc2b7b586"} 
[2026-06-23 15:19:48] production.DEBUG: Bingwa FCM token resolved in backend job. {"component":"fcm_sync","user_id":1,"flow_id":"1eef5c24-1b17-4461-8407-146bc2b7b586","token_hash":"4c79b2aace04d2145956a8fe45cb5229480abe9b30c1e09b3821ea760f674e99"} 
[2026-06-23 15:19:48] production.DEBUG: Bingwa FCM sync request started. {"user_id":1,"flow_id":"1eef5c24-1b17-4461-8407-146bc2b7b586","device_token_hash":"464ec13405960eb0","fcm_token_hash":"4c79b2aace04d214","url":"https://backend.statum.co.ke/api/v1/auth/device/fcm-token"} 
[2026-06-23 15:19:49] production.DEBUG: Bingwa FCM sync attempt completed. {"user_id":1,"flow_id":"1eef5c24-1b17-4461-8407-146bc2b7b586","attempt":1,"status":200} 
[2026-06-23 15:19:49] production.DEBUG: Bingwa FCM backend response received. {"user_id":1,"flow_id":"1eef5c24-1b17-4461-8407-146bc2b7b586","status":200,"body":{"status":"ok","message":"FCM token updated.","device_id":31}} 
[2026-06-23 15:19:49] production.DEBUG: Bingwa FCM token sync completed successfully. {"user_id":1,"flow_id":"1eef5c24-1b17-4461-8407-146bc2b7b586","device_id":31} 
[2026-06-23 15:19:49] production.DEBUG: Bingwa FCM backend POST confirmed. {"user_id":1,"flow_id":"1eef5c24-1b17-4461-8407-146bc2b7b586","device_id":31} 
[2026-06-23 15:19:49] production.DEBUG: Bingwa FCM sync job completed successfully. {"component":"fcm_sync","user_id":1,"flow_id":"1eef5c24-1b17-4461-8407-146bc2b7b586"} 
[2026-06-23 15:19:49] production.DEBUG: BackgroundTasks: found 4 schedule event(s)  
[2026-06-23 15:19:49] production.INFO: SchedulerManifest: event command='php' 'artisan' bingwa:heartbeat expression=*/15 * * * *  
[2026-06-23 15:19:49] production.INFO: SchedulerManifest: event command='php' 'artisan' bingwa:sync-transactions expression=*/5 * * * *  
[2026-06-23 15:19:49] production.INFO: SchedulerManifest: event command='php' 'artisan' bingwa:process-auto-renewals expression=*/5 * * * *  
[2026-06-23 15:19:49] production.INFO: SchedulerManifest: event command='php' 'artisan' bingwa:fetch-airtime-balance expression=*/15 * * * *  
[2026-06-23 15:19:50] production.DEBUG: Bingwa heartbeat job started. {"component":"heartbeat","user_id":1} 
[2026-06-23 15:19:50] production.INFO: Bingwa heartbeat request starting. {"component":"heartbeat","user_id":1,"registration_id":1,"backend_device_id":31,"base_url":"https://backend.statum.co.ke"} 
[2026-06-23 15:19:50] production.INFO: Bingwa heartbeat accepted by backend. {"component":"heartbeat","user_id":1,"registration_id":1,"backend_device_id":31,"status":200,"response_body":"{\"status\":\"ok\",\"heartbeat_interval_seconds\":300,\"server_time\":\"2026-06-23T15:19:50+03:00\"}","recorded_at":"2026-06-23T12:19:50.865634Z"} 
[2026-06-23 15:19:50] production.DEBUG: Bingwa heartbeat job finished. {"component":"heartbeat","user_id":1,"sent":true} 
[2026-06-23 15:19:51] production.DEBUG: BackgroundTasks: found 4 schedule event(s)  
[2026-06-23 15:19:51] production.INFO: SchedulerManifest: event command='php' 'artisan' bingwa:heartbeat expression=*/15 * * * *  
[2026-06-23 15:19:51] production.INFO: SchedulerManifest: event command='php' 'artisan' bingwa:sync-transactions expression=*/5 * * * *  
[2026-06-23 15:19:51] production.INFO: SchedulerManifest: event command='php' 'artisan' bingwa:process-auto-renewals expression=*/5 * * * *  
[2026-06-23 15:19:51] production.INFO: SchedulerManifest: event command='php' 'artisan' bingwa:fetch-airtime-balance expression=*/15 * * * *  
[2026-06-23 15:19:51] production.DEBUG: Bingwa USSD processor job started. {"user_id":1,"flow_id":"969e723a-640b-4298-a684-a896bdfb9457","attempt":1,"tries":3} 
[2026-06-23 15:19:51] production.DEBUG: Bingwa USSD processor found no queued transaction. {"user_id":1,"flow_id":"969e723a-640b-4298-a684-a896bdfb9457"} 
[2026-06-23 15:19:51] production.DEBUG: Bingwa USSD processor job finished. {"user_id":1,"flow_id":"969e723a-640b-4298-a684-a896bdfb9457","processed":0} 
[2026-06-23 15:19:51] production.DEBUG: BackgroundTasks: found 4 schedule event(s)  
[2026-06-23 15:19:51] production.INFO: SchedulerManifest: event command='php' 'artisan' bingwa:heartbeat expression=*/15 * * * *  
[2026-06-23 15:19:51] production.INFO: SchedulerManifest: event command='php' 'artisan' bingwa:sync-transactions expression=*/5 * * * *  
[2026-06-23 15:19:51] production.INFO: SchedulerManifest: event command='php' 'artisan' bingwa:process-auto-renewals expression=*/5 * * * *  
[2026-06-23 15:19:51] production.INFO: SchedulerManifest: event command='php' 'artisan' bingwa:fetch-airtime-balance expression=*/15 * * * *  
[2026-06-23 15:19:52] production.DEBUG: Bingwa transaction sync job started. {"component":"transaction_sync","user_id":1,"push_data":[],"unique_id":"bingwa-sync-transactions:1"} 
[2026-06-23 15:19:52] production.DEBUG: Bingwa transaction sync started. {"component":"transaction_sync","user_id":1,"limit":10,"only_service":null,"registration_id":1,"backend_device_id":31} 
[2026-06-23 15:19:52] production.DEBUG: Bingwa dashboard airtime cache hydrated. {"user_id":1,"has_balance":true,"checked_at":"2026-06-23T15:04:26+03:00"} 
[2026-06-23 15:19:52] production.DEBUG: Bingwa dashboard airtime cache hydrated. {"user_id":1,"has_balance":true,"checked_at":"2026-06-23T15:04:26+03:00"} 
[2026-06-23 15:19:53] production.INFO: Bingwa transaction sync endpoint response received. {"component":"transaction_sync","user_id":1,"endpoint":"data_bundles","url":"https://backend.statum.co.ke/api/v1/jobs/next/data_bundles","status":204,"response_body":""} 
[2026-06-23 15:19:53] production.INFO: Bingwa transaction sync endpoint response received. {"component":"transaction_sync","user_id":1,"endpoint":"sms","url":"https://backend.statum.co.ke/api/v1/jobs/next/sms","status":204,"response_body":""} 
[2026-06-23 15:19:53] production.INFO: Bingwa transaction sync endpoint response received. {"component":"transaction_sync","user_id":1,"endpoint":"airtime","url":"https://backend.statum.co.ke/api/v1/jobs/next/airtime","status":204,"response_body":""} 
[2026-06-23 15:19:53] production.DEBUG: Bingwa transaction sync finished fetching jobs. {"component":"transaction_sync","user_id":1,"synced_so_far":0,"skipped_so_far":0,"failed_so_far":0,"push_data":[]} 
[2026-06-23 15:19:53] production.INFO: Bingwa transaction sync completed. {"component":"transaction_sync","user_id":1,"synced":0,"skipped":0,"failed":0} 
[2026-06-23 15:19:53] production.DEBUG: Bingwa transaction sync job finished fetching. {"component":"transaction_sync","user_id":1,"synced":0,"skipped":0,"failed":0,"push_data":[]} 
[2026-06-23 15:19:53] production.DEBUG: BackgroundTasks: found 4 schedule event(s)  
[2026-06-23 15:19:53] production.INFO: SchedulerManifest: event command='php' 'artisan' bingwa:heartbeat expression=*/15 * * * *  
[2026-06-23 15:19:53] production.INFO: SchedulerManifest: event command='php' 'artisan' bingwa:sync-transactions expression=*/5 * * * *  
[2026-06-23 15:19:53] production.INFO: SchedulerManifest: event command='php' 'artisan' bingwa:process-auto-renewals expression=*/5 * * * *  
[2026-06-23 15:19:53] production.INFO: SchedulerManifest: event command='php' 'artisan' bingwa:fetch-airtime-balance expression=*/15 * * * *  
[2026-06-23 15:19:53] production.DEBUG: Airtime balance refresh job started. {"component":"airtime_balance","user_id":1} 
[2026-06-23 15:19:53] production.INFO: Bingwa airtime balance refresh started. {"component":"airtime_balance","user_id":1} 
[2026-06-23 15:19:53] production.DEBUG: Bingwa airtime USSD probe. {"component":"airtime_balance","sim_slot":1,"mode":"express","nativephp_call_available":true} 
[2026-06-23 15:19:53] production.DEBUG: USSD modem lock acquired. {"component":"ussd_modem","sim_slot":1,"operation":"airtime-refresh","wait_seconds":2,"lease_seconds":105} 
[2026-06-23 15:19:56] production.DEBUG: USSD modem lock released. {"component":"ussd_modem","sim_slot":1,"operation":"airtime-refresh"} 
[2026-06-23 15:19:56] production.DEBUG: Bingwa airtime USSD raw response. {"component":"airtime_balance","sim_slot":1,"response":"{\"success\":false,\"message\":\"Airtime Bal: 483.52KSH.Expire date:21-09-2026. Tariff:Uwezo . A SPECIAL NEW offer Awaits you! Dial *131# today and stay connected.\"}"} 
[2026-06-23 15:19:56] production.DEBUG: Bingwa airtime USSD message extracted. {"component":"airtime_balance","sim_slot":1,"message":"Airtime Bal: 483.52KSH.Expire date:21-09-2026. Tariff:Uwezo . A SPECIAL NEW offer Awaits you! Dial *131# today and stay connected."} 
[2026-06-23 15:19:56] production.DEBUG: Bingwa airtime balance parsed via Airtime Bal pattern. {"component":"airtime_balance","raw":"Airtime Bal: 483.52KSH.Expire date:21-09-2026. Tariff:Uwezo . A SPECIAL NEW offer Awaits you! Dial *131# today and stay connected.","parsed":"483.52"} 
[2026-06-23 15:19:56] production.DEBUG: Bingwa airtime balance refreshed. {"component":"airtime_balance","user_id":1,"sim_slot":1,"balance":483.52} 
[2026-06-23 15:19:56] production.DEBUG: Airtime balance refresh job finished. {"component":"airtime_balance","user_id":1} 
[2026-06-23 15:19:56] production.DEBUG: BackgroundTasks: found 4 schedule event(s)  
[2026-06-23 15:19:56] production.INFO: SchedulerManifest: event command='php' 'artisan' bingwa:heartbeat expression=*/15 * * * *  
[2026-06-23 15:19:56] production.INFO: SchedulerManifest: event command='php' 'artisan' bingwa:sync-transactions expression=*/5 * * * *  
[2026-06-23 15:19:56] production.INFO: SchedulerManifest: event command='php' 'artisan' bingwa:process-auto-renewals expression=*/5 * * * *  
[2026-06-23 15:19:56] production.INFO: SchedulerManifest: event command='php' 'artisan' bingwa:fetch-airtime-balance expression=*/15 * * * *  
[2026-06-23 15:20:45] production.DEBUG: Bingwa dashboard mount started. {"user_id":1} 
[2026-06-23 15:20:45] production.DEBUG: Bingwa dashboard airtime cache hydrated. {"user_id":1,"has_balance":true,"checked_at":"2026-06-23T15:19:56+03:00"} 
[2026-06-23 15:20:45] production.DEBUG: Bingwa dashboard airtime response ready. {"user_id":1,"balance":483.52,"checked_at":"23 Jun, 15:19"} 
[2026-06-23 15:20:45] production.DEBUG: BackgroundTasks: found 4 schedule event(s)  
[2026-06-23 15:20:45] production.INFO: SchedulerManifest: event command='php' 'artisan' bingwa:heartbeat expression=*/15 * * * *  
[2026-06-23 15:20:45] production.INFO: SchedulerManifest: event command='php' 'artisan' bingwa:sync-transactions expression=*/5 * * * *  
[2026-06-23 15:20:45] production.INFO: SchedulerManifest: event command='php' 'artisan' bingwa:process-auto-renewals expression=*/5 * * * *  
[2026-06-23 15:20:45] production.INFO: SchedulerManifest: event command='php' 'artisan' bingwa:fetch-airtime-balance expression=*/15 * * * *  
[2026-06-23 15:20:45] production.DEBUG: Bingwa dashboard airtime cache hydrated. {"user_id":1,"has_balance":true,"checked_at":"2026-06-23T15:19:56+03:00"} 
[2026-06-23 15:20:45] production.DEBUG: Subscription plans prefetch job started. {"component":"plans_prefetch","user_id":1} 
[2026-06-23 15:20:45] production.DEBUG: Subscription plans prefetch job completed successfully. {"component":"plans_prefetch","user_id":1} 
[2026-06-23 15:20:46] production.DEBUG: BackgroundTasks: found 4 schedule event(s)  
[2026-06-23 15:20:46] production.INFO: SchedulerManifest: event command='php' 'artisan' bingwa:heartbeat expression=*/15 * * * *  
[2026-06-23 15:20:46] production.INFO: SchedulerManifest: event command='php' 'artisan' bingwa:sync-transactions expression=*/5 * * * *  
[2026-06-23 15:20:46] production.INFO: SchedulerManifest: event command='php' 'artisan' bingwa:process-auto-renewals expression=*/5 * * * *  
[2026-06-23 15:20:46] production.INFO: SchedulerManifest: event command='php' 'artisan' bingwa:fetch-airtime-balance expression=*/15 * * * *  
[2026-06-23 15:20:46] production.DEBUG: Bingwa dashboard airtime cache hydrated. {"user_id":1,"has_balance":true,"checked_at":"2026-06-23T15:19:56+03:00"} 
[2026-06-23 15:20:47] production.DEBUG: Bingwa dashboard airtime cache hydrated. {"user_id":1,"has_balance":true,"checked_at":"2026-06-23T15:19:56+03:00"} 
[2026-06-23 15:20:48] production.DEBUG: Bingwa dashboard airtime cache hydrated. {"user_id":1,"has_balance":true,"checked_at":"2026-06-23T15:19:56+03:00"} 
[2026-06-23 15:20:48] production.DEBUG: Bingwa dashboard airtime cache hydrated. {"user_id":1,"has_balance":true,"checked_at":"2026-06-23T15:19:56+03:00"} 
[2026-06-23 15:20:49] production.DEBUG: Bingwa dashboard airtime cache hydrated. {"user_id":1,"has_balance":true,"checked_at":"2026-06-23T15:19:56+03:00"} 
[2026-06-23 15:20:49] production.DEBUG: Bingwa dashboard airtime cache hydrated. {"user_id":1,"has_balance":true,"checked_at":"2026-06-23T15:19:56+03:00"} 
[2026-06-23 15:20:49] production.DEBUG: Bingwa dashboard airtime cache hydrated. {"user_id":1,"has_balance":true,"checked_at":"2026-06-23T15:19:56+03:00"} 
[2026-06-23 15:20:50] production.DEBUG: Bingwa dashboard airtime cache hydrated. {"user_id":1,"has_balance":true,"checked_at":"2026-06-23T15:19:56+03:00"} 
[2026-06-23 15:20:50] production.DEBUG: Bingwa dashboard airtime cache hydrated. {"user_id":1,"has_balance":true,"checked_at":"2026-06-23T15:19:56+03:00"} 
[2026-06-23 15:20:55] production.DEBUG: Bingwa dashboard airtime cache hydrated. {"user_id":1,"has_balance":true,"checked_at":"2026-06-23T15:19:56+03:00"} 
[2026-06-23 15:20:55] production.DEBUG: Bingwa dashboard airtime cache hydrated. {"user_id":1,"has_balance":true,"checked_at":"2026-06-23T15:19:56+03:00"} 
[2026-06-23 15:21:00] production.DEBUG: Bingwa dashboard airtime cache hydrated. {"user_id":1,"has_balance":true,"checked_at":"2026-06-23T15:19:56+03:00"} 
[2026-06-23 15:21:00] production.DEBUG: Bingwa dashboard airtime cache hydrated. {"user_id":1,"has_balance":true,"checked_at":"2026-06-23T15:19:56+03:00"} 
[2026-06-23 15:21:05] production.DEBUG: Bingwa dashboard airtime cache hydrated. {"user_id":1,"has_balance":true,"checked_at":"2026-06-23T15:19:56+03:00"} 
[2026-06-23 15:21:05] production.DEBUG: Bingwa dashboard airtime cache hydrated. {"user_id":1,"has_balance":true,"checked_at":"2026-06-23T15:19:56+03:00"} 
[2026-06-23 15:21:10] production.DEBUG: Bingwa dashboard airtime cache hydrated. {"user_id":1,"has_balance":true,"checked_at":"2026-06-23T15:19:56+03:00"} 
[2026-06-23 15:21:10] production.DEBUG: Bingwa dashboard airtime cache hydrated. {"user_id":1,"has_balance":true,"checked_at":"2026-06-23T15:19:56+03:00"} 
[2026-06-23 15:21:15] production.DEBUG: Bingwa dashboard airtime cache hydrated. {"user_id":1,"has_balance":true,"checked_at":"2026-06-23T15:19:56+03:00"} 
[2026-06-23 15:21:15] production.DEBUG: Bingwa dashboard airtime cache hydrated. {"user_id":1,"has_balance":true,"checked_at":"2026-06-23T15:19:56+03:00"} 
[2026-06-23 15:21:19] production.DEBUG: BackgroundTasks: found 4 schedule event(s)  
[2026-06-23 15:21:19] production.INFO: SchedulerManifest: event command='php' 'artisan' bingwa:heartbeat expression=*/15 * * * *  
[2026-06-23 15:21:19] production.INFO: SchedulerManifest: event command='php' 'artisan' bingwa:sync-transactions expression=*/5 * * * *  
[2026-06-23 15:21:19] production.INFO: SchedulerManifest: event command='php' 'artisan' bingwa:process-auto-renewals expression=*/5 * * * *  
[2026-06-23 15:21:19] production.INFO: SchedulerManifest: event command='php' 'artisan' bingwa:fetch-airtime-balance expression=*/15 * * * *  
[2026-06-23 15:21:20] production.DEBUG: Bingwa dashboard airtime cache hydrated. {"user_id":1,"has_balance":true,"checked_at":"2026-06-23T15:19:56+03:00"} 
[2026-06-23 15:21:20] production.DEBUG: Bingwa dashboard airtime cache hydrated. {"user_id":1,"has_balance":true,"checked_at":"2026-06-23T15:19:56+03:00"} 
[2026-06-23 15:21:25] production.DEBUG: Bingwa dashboard airtime cache hydrated. {"user_id":1,"has_balance":true,"checked_at":"2026-06-23T15:19:56+03:00"} 
[2026-06-23 15:21:25] production.DEBUG: Bingwa dashboard airtime cache hydrated. {"user_id":1,"has_balance":true,"checked_at":"2026-06-23T15:19:56+03:00"} 
[2026-06-23 15:21:30] production.DEBUG: Bingwa dashboard airtime cache hydrated. {"user_id":1,"has_balance":true,"checked_at":"2026-06-23T15:19:56+03:00"} 
[2026-06-23 15:21:30] production.DEBUG: Bingwa dashboard airtime cache hydrated. {"user_id":1,"has_balance":true,"checked_at":"2026-06-23T15:19:56+03:00"} 
[2026-06-23 15:21:35] production.DEBUG: Bingwa dashboard airtime cache hydrated. {"user_id":1,"has_balance":true,"checked_at":"2026-06-23T15:19:56+03:00"} 
[2026-06-23 15:21:35] production.DEBUG: Bingwa dashboard airtime cache hydrated. {"user_id":1,"has_balance":true,"checked_at":"2026-06-23T15:19:56+03:00"} 
[2026-06-23 15:21:40] production.DEBUG: Bingwa dashboard airtime cache hydrated. {"user_id":1,"has_balance":true,"checked_at":"2026-06-23T15:19:56+03:00"} 
[2026-06-23 15:21:40] production.DEBUG: Bingwa dashboard airtime cache hydrated. {"user_id":1,"has_balance":true,"checked_at":"2026-06-23T15:19:56+03:00"} 
[2026-06-23 15:21:45] production.DEBUG: Bingwa dashboard airtime cache hydrated. {"user_id":1,"has_balance":true,"checked_at":"2026-06-23T15:19:56+03:00"} 
[2026-06-23 15:21:45] production.DEBUG: Bingwa dashboard airtime cache hydrated. {"user_id":1,"has_balance":true,"checked_at":"2026-06-23T15:19:56+03:00"} 
[2026-06-23 15:21:50] production.DEBUG: Bingwa dashboard airtime cache hydrated. {"user_id":1,"has_balance":true,"checked_at":"2026-06-23T15:19:56+03:00"} 
[2026-06-23 15:21:50] production.DEBUG: Bingwa dashboard airtime cache hydrated. {"user_id":1,"has_balance":true,"checked_at":"2026-06-23T15:19:56+03:00"} 
[2026-06-23 15:21:53] production.DEBUG: BackgroundTasks: found 4 schedule event(s)  
[2026-06-23 15:21:53] production.INFO: SchedulerManifest: event command='php' 'artisan' bingwa:heartbeat expression=*/15 * * * *  
[2026-06-23 15:21:53] production.INFO: SchedulerManifest: event command='php' 'artisan' bingwa:sync-transactions expression=*/5 * * * *  
[2026-06-23 15:21:53] production.INFO: SchedulerManifest: event command='php' 'artisan' bingwa:process-auto-renewals expression=*/5 * * * *  
[2026-06-23 15:21:53] production.INFO: SchedulerManifest: event command='php' 'artisan' bingwa:fetch-airtime-balance expression=*/15 * * * *  
[2026-06-23 15:21:55] production.DEBUG: Bingwa dashboard airtime cache hydrated. {"user_id":1,"has_balance":true,"checked_at":"2026-06-23T15:19:56+03:00"} 
[2026-06-23 15:21:55] production.DEBUG: Bingwa dashboard airtime cache hydrated. {"user_id":1,"has_balance":true,"checked_at":"2026-06-23T15:19:56+03:00"} 
[2026-06-23 15:22:00] production.DEBUG: Bingwa dashboard airtime cache hydrated. {"user_id":1,"has_balance":true,"checked_at":"2026-06-23T15:19:56+03:00"} 
[2026-06-23 15:22:00] production.DEBUG: Bingwa dashboard airtime cache hydrated. {"user_id":1,"has_balance":true,"checked_at":"2026-06-23T15:19:56+03:00"} 
[2026-06-23 15:22:05] production.DEBUG: Bingwa dashboard airtime cache hydrated. {"user_id":1,"has_balance":true,"checked_at":"2026-06-23T15:19:56+03:00"} 
[2026-06-23 15:22:05] production.DEBUG: Bingwa dashboard airtime cache hydrated. {"user_id":1,"has_balance":true,"checked_at":"2026-06-23T15:19:56+03:00"} 
[2026-06-23 15:22:10] production.DEBUG: Bingwa dashboard airtime cache hydrated. {"user_id":1,"has_balance":true,"checked_at":"2026-06-23T15:19:56+03:00"} 
[2026-06-23 15:22:10] production.DEBUG: Bingwa dashboard airtime cache hydrated. {"user_id":1,"has_balance":true,"checked_at":"2026-06-23T15:19:56+03:00"} 
[2026-06-23 15:22:15] production.DEBUG: Bingwa dashboard airtime cache hydrated. {"user_id":1,"has_balance":true,"checked_at":"2026-06-23T15:19:56+03:00"} 
[2026-06-23 15:22:15] production.DEBUG: Bingwa dashboard airtime cache hydrated. {"user_id":1,"has_balance":true,"checked_at":"2026-06-23T15:19:56+03:00"} 
[2026-06-23 15:22:20] production.DEBUG: Bingwa dashboard airtime cache hydrated. {"user_id":1,"has_balance":true,"checked_at":"2026-06-23T15:19:56+03:00"} 
[2026-06-23 15:22:20] production.DEBUG: Bingwa dashboard airtime cache hydrated. {"user_id":1,"has_balance":true,"checked_at":"2026-06-23T15:19:56+03:00"} 
[2026-06-23 15:22:25] production.DEBUG: Bingwa dashboard airtime cache hydrated. {"user_id":1,"has_balance":true,"checked_at":"2026-06-23T15:19:56+03:00"} 
[2026-06-23 15:22:25] production.DEBUG: Bingwa dashboard airtime cache hydrated. {"user_id":1,"has_balance":true,"checked_at":"2026-06-23T15:19:56+03:00"} 
[2026-06-23 15:22:26] production.DEBUG: BackgroundTasks: found 4 schedule event(s)  
[2026-06-23 15:22:26] production.INFO: SchedulerManifest: event command='php' 'artisan' bingwa:heartbeat expression=*/15 * * * *  
[2026-06-23 15:22:26] production.INFO: SchedulerManifest: event command='php' 'artisan' bingwa:sync-transactions expression=*/5 * * * *  
[2026-06-23 15:22:26] production.INFO: SchedulerManifest: event command='php' 'artisan' bingwa:process-auto-renewals expression=*/5 * * * *  
[2026-06-23 15:22:26] production.INFO: SchedulerManifest: event command='php' 'artisan' bingwa:fetch-airtime-balance expression=*/15 * * * *  
[2026-06-23 15:22:30] production.DEBUG: Bingwa dashboard airtime cache hydrated. {"user_id":1,"has_balance":true,"checked_at":"2026-06-23T15:19:56+03:00"} 
[2026-06-23 15:22:30] production.DEBUG: Bingwa dashboard airtime cache hydrated. {"user_id":1,"has_balance":true,"checked_at":"2026-06-23T15:19:56+03:00"} 
[2026-06-23 15:22:35] production.DEBUG: Bingwa dashboard airtime cache hydrated. {"user_id":1,"has_balance":true,"checked_at":"2026-06-23T15:19:56+03:00"} 
[2026-06-23 15:22:35] production.DEBUG: Bingwa dashboard airtime cache hydrated. {"user_id":1,"has_balance":true,"checked_at":"2026-06-23T15:19:56+03:00"} 
[2026-06-23 15:22:40] production.DEBUG: Bingwa dashboard airtime cache hydrated. {"user_id":1,"has_balance":true,"checked_at":"2026-06-23T15:19:56+03:00"} 
[2026-06-23 15:22:40] production.DEBUG: Bingwa dashboard airtime cache hydrated. {"user_id":1,"has_balance":true,"checked_at":"2026-06-23T15:19:56+03:00"} 
[2026-06-23 15:22:45] production.DEBUG: Bingwa dashboard airtime cache hydrated. {"user_id":1,"has_balance":true,"checked_at":"2026-06-23T15:19:56+03:00"} 
[2026-06-23 15:22:45] production.DEBUG: Bingwa dashboard airtime cache hydrated. {"user_id":1,"has_balance":true,"checked_at":"2026-06-23T15:19:56+03:00"} 
[2026-06-23 15:22:50] production.DEBUG: Bingwa dashboard airtime cache hydrated. {"user_id":1,"has_balance":true,"checked_at":"2026-06-23T15:19:56+03:00"} 
[2026-06-23 15:22:50] production.DEBUG: Bingwa dashboard airtime cache hydrated. {"user_id":1,"has_balance":true,"checked_at":"2026-06-23T15:19:56+03:00"} 
[2026-06-23 15:22:55] production.DEBUG: Bingwa dashboard airtime cache hydrated. {"user_id":1,"has_balance":true,"checked_at":"2026-06-23T15:19:56+03:00"} 
[2026-06-23 15:22:55] production.DEBUG: Bingwa dashboard airtime cache hydrated. {"user_id":1,"has_balance":true,"checked_at":"2026-06-23T15:19:56+03:00"} 
[2026-06-23 15:23:00] production.DEBUG: BackgroundTasks: found 4 schedule event(s)  
[2026-06-23 15:23:00] production.INFO: SchedulerManifest: event command='php' 'artisan' bingwa:heartbeat expression=*/15 * * * *  
[2026-06-23 15:23:00] production.INFO: SchedulerManifest: event command='php' 'artisan' bingwa:sync-transactions expression=*/5 * * * *  
[2026-06-23 15:23:00] production.INFO: SchedulerManifest: event command='php' 'artisan' bingwa:process-auto-renewals expression=*/5 * * * *  
[2026-06-23 15:23:00] production.INFO: SchedulerManifest: event command='php' 'artisan' bingwa:fetch-airtime-balance expression=*/15 * * * *  
[2026-06-23 15:23:00] production.DEBUG: Bingwa dashboard airtime cache hydrated. {"user_id":1,"has_balance":true,"checked_at":"2026-06-23T15:19:56+03:00"} 
[2026-06-23 15:23:00] production.DEBUG: Bingwa dashboard airtime cache hydrated. {"user_id":1,"has_balance":true,"checked_at":"2026-06-23T15:19:56+03:00"} 
[2026-06-23 15:23:05] production.DEBUG: Bingwa dashboard airtime cache hydrated. {"user_id":1,"has_balance":true,"checked_at":"2026-06-23T15:19:56+03:00"} 
[2026-06-23 15:23:05] production.DEBUG: Bingwa dashboard airtime cache hydrated. {"user_id":1,"has_balance":true,"checked_at":"2026-06-23T15:19:56+03:00"} 
[2026-06-23 15:23:10] production.DEBUG: Bingwa dashboard airtime cache hydrated. {"user_id":1,"has_balance":true,"checked_at":"2026-06-23T15:19:56+03:00"} 
[2026-06-23 15:23:10] production.DEBUG: Bingwa dashboard airtime cache hydrated. {"user_id":1,"has_balance":true,"checked_at":"2026-06-23T15:19:56+03:00"} 
[2026-06-23 15:23:15] production.DEBUG: Bingwa dashboard airtime cache hydrated. {"user_id":1,"has_balance":true,"checked_at":"2026-06-23T15:19:56+03:00"} 
[2026-06-23 15:23:15] production.DEBUG: Bingwa dashboard airtime cache hydrated. {"user_id":1,"has_balance":true,"checked_at":"2026-06-23T15:19:56+03:00"} 
[2026-06-23 15:23:20] production.DEBUG: Bingwa dashboard airtime cache hydrated. {"user_id":1,"has_balance":true,"checked_at":"2026-06-23T15:19:56+03:00"} 
[2026-06-23 15:23:20] production.DEBUG: Bingwa dashboard airtime cache hydrated. {"user_id":1,"has_balance":true,"checked_at":"2026-06-23T15:19:56+03:00"} 
[2026-06-23 15:23:25] production.DEBUG: Bingwa dashboard airtime cache hydrated. {"user_id":1,"has_balance":true,"checked_at":"2026-06-23T15:19:56+03:00"} 
[2026-06-23 15:23:25] production.DEBUG: Bingwa dashboard airtime cache hydrated. {"user_id":1,"has_balance":true,"checked_at":"2026-06-23T15:19:56+03:00"} 
[2026-06-23 15:23:30] production.DEBUG: Bingwa dashboard airtime cache hydrated. {"user_id":1,"has_balance":true,"checked_at":"2026-06-23T15:19:56+03:00"} 
[2026-06-23 15:23:30] production.DEBUG: Bingwa dashboard airtime cache hydrated. {"user_id":1,"has_balance":true,"checked_at":"2026-06-23T15:19:56+03:00"} 
[2026-06-23 15:23:34] production.DEBUG: BackgroundTasks: found 4 schedule event(s)  
[2026-06-23 15:23:34] production.INFO: SchedulerManifest: event command='php' 'artisan' bingwa:heartbeat expression=*/15 * * * *  
[2026-06-23 15:23:34] production.INFO: SchedulerManifest: event command='php' 'artisan' bingwa:sync-transactions expression=*/5 * * * *  
[2026-06-23 15:23:34] production.INFO: SchedulerManifest: event command='php' 'artisan' bingwa:process-auto-renewals expression=*/5 * * * *  
[2026-06-23 15:23:34] production.INFO: SchedulerManifest: event command='php' 'artisan' bingwa:fetch-airtime-balance expression=*/15 * * * *  
[2026-06-23 15:23:35] production.DEBUG: Bingwa dashboard airtime cache hydrated. {"user_id":1,"has_balance":true,"checked_at":"2026-06-23T15:19:56+03:00"} 
[2026-06-23 15:23:35] production.DEBUG: Bingwa dashboard airtime cache hydrated. {"user_id":1,"has_balance":true,"checked_at":"2026-06-23T15:19:56+03:00"} 
[2026-06-23 15:23:40] production.DEBUG: Bingwa dashboard airtime cache hydrated. {"user_id":1,"has_balance":true,"checked_at":"2026-06-23T15:19:56+03:00"} 
[2026-06-23 15:23:40] production.DEBUG: Bingwa dashboard airtime cache hydrated. {"user_id":1,"has_balance":true,"checked_at":"2026-06-23T15:19:56+03:00"} 
[2026-06-23 15:23:45] production.DEBUG: Bingwa dashboard airtime cache hydrated. {"user_id":1,"has_balance":true,"checked_at":"2026-06-23T15:19:56+03:00"} 
[2026-06-23 15:23:45] production.DEBUG: Bingwa dashboard airtime cache hydrated. {"user_id":1,"has_balance":true,"checked_at":"2026-06-23T15:19:56+03:00"} 
[2026-06-23 15:23:50] production.DEBUG: Bingwa dashboard airtime cache hydrated. {"user_id":1,"has_balance":true,"checked_at":"2026-06-23T15:19:56+03:00"} 
[2026-06-23 15:23:50] production.DEBUG: Bingwa dashboard airtime cache hydrated. {"user_id":1,"has_balance":true,"checked_at":"2026-06-23T15:19:56+03:00"} 
[2026-06-23 15:23:55] production.DEBUG: Bingwa dashboard airtime cache hydrated. {"user_id":1,"has_balance":true,"checked_at":"2026-06-23T15:19:56+03:00"} 
[2026-06-23 15:23:55] production.DEBUG: Bingwa dashboard airtime cache hydrated. {"user_id":1,"has_balance":true,"checked_at":"2026-06-23T15:19:56+03:00"} 
[2026-06-23 15:24:00] production.DEBUG: Bingwa dashboard airtime cache hydrated. {"user_id":1,"has_balance":true,"checked_at":"2026-06-23T15:19:56+03:00"} 
[2026-06-23 15:24:00] production.DEBUG: Bingwa dashboard airtime cache hydrated. {"user_id":1,"has_balance":true,"checked_at":"2026-06-23T15:19:56+03:00"} 
[2026-06-23 15:24:05] production.DEBUG: Bingwa dashboard airtime cache hydrated. {"user_id":1,"has_balance":true,"checked_at":"2026-06-23T15:19:56+03:00"} 
[2026-06-23 15:24:05] production.DEBUG: Bingwa dashboard airtime cache hydrated. {"user_id":1,"has_balance":true,"checked_at":"2026-06-23T15:19:56+03:00"} 
[2026-06-23 15:24:07] production.DEBUG: BackgroundTasks: found 4 schedule event(s)  
[2026-06-23 15:24:07] production.INFO: SchedulerManifest: event command='php' 'artisan' bingwa:heartbeat expression=*/15 * * * *  
[2026-06-23 15:24:07] production.INFO: SchedulerManifest: event command='php' 'artisan' bingwa:sync-transactions expression=*/5 * * * *  
[2026-06-23 15:24:07] production.INFO: SchedulerManifest: event command='php' 'artisan' bingwa:process-auto-renewals expression=*/5 * * * *  
[2026-06-23 15:24:07] production.INFO: SchedulerManifest: event command='php' 'artisan' bingwa:fetch-airtime-balance expression=*/15 * * * *  
[2026-06-23 15:24:10] production.DEBUG: Bingwa dashboard airtime cache hydrated. {"user_id":1,"has_balance":true,"checked_at":"2026-06-23T15:19:56+03:00"} 
[2026-06-23 15:24:10] production.DEBUG: Bingwa dashboard airtime cache hydrated. {"user_id":1,"has_balance":true,"checked_at":"2026-06-23T15:19:56+03:00"} 
[2026-06-23 15:24:15] production.DEBUG: Bingwa dashboard airtime cache hydrated. {"user_id":1,"has_balance":true,"checked_at":"2026-06-23T15:19:56+03:00"} 
[2026-06-23 15:24:15] production.DEBUG: Bingwa dashboard airtime cache hydrated. {"user_id":1,"has_balance":true,"checked_at":"2026-06-23T15:19:56+03:00"} 
[2026-06-23 15:24:20] production.DEBUG: Bingwa dashboard airtime cache hydrated. {"user_id":1,"has_balance":true,"checked_at":"2026-06-23T15:19:56+03:00"} 
[2026-06-23 15:24:20] production.DEBUG: Bingwa dashboard airtime cache hydrated. {"user_id":1,"has_balance":true,"checked_at":"2026-06-23T15:19:56+03:00"} 
[2026-06-23 15:24:25] production.DEBUG: Bingwa dashboard airtime cache hydrated. {"user_id":1,"has_balance":true,"checked_at":"2026-06-23T15:19:56+03:00"} 
[2026-06-23 15:24:25] production.DEBUG: Bingwa dashboard airtime cache hydrated. {"user_id":1,"has_balance":true,"checked_at":"2026-06-23T15:19:56+03:00"} 
[2026-06-23 15:24:30] production.DEBUG: Bingwa dashboard airtime cache hydrated. {"user_id":1,"has_balance":true,"checked_at":"2026-06-23T15:19:56+03:00"} 
[2026-06-23 15:24:30] production.DEBUG: Bingwa dashboard airtime cache hydrated. {"user_id":1,"has_balance":true,"checked_at":"2026-06-23T15:19:56+03:00"} 
[2026-06-23 15:24:35] production.DEBUG: Bingwa dashboard airtime cache hydrated. {"user_id":1,"has_balance":true,"checked_at":"2026-06-23T15:19:56+03:00"} 
[2026-06-23 15:24:35] production.DEBUG: Bingwa dashboard airtime cache hydrated. {"user_id":1,"has_balance":true,"checked_at":"2026-06-23T15:19:56+03:00"} 
[2026-06-23 15:24:40] production.DEBUG: Bingwa dashboard airtime cache hydrated. {"user_id":1,"has_balance":true,"checked_at":"2026-06-23T15:19:56+03:00"} 
[2026-06-23 15:24:40] production.DEBUG: Bingwa dashboard airtime cache hydrated. {"user_id":1,"has_balance":true,"checked_at":"2026-06-23T15:19:56+03:00"} 
[2026-06-23 15:24:41] production.DEBUG: BackgroundTasks: found 4 schedule event(s)  
[2026-06-23 15:24:41] production.INFO: SchedulerManifest: event command='php' 'artisan' bingwa:heartbeat expression=*/15 * * * *  
[2026-06-23 15:24:41] production.INFO: SchedulerManifest: event command='php' 'artisan' bingwa:sync-transactions expression=*/5 * * * *  
[2026-06-23 15:24:41] production.INFO: SchedulerManifest: event command='php' 'artisan' bingwa:process-auto-renewals expression=*/5 * * * *  
[2026-06-23 15:24:41] production.INFO: SchedulerManifest: event command='php' 'artisan' bingwa:fetch-airtime-balance expression=*/15 * * * *  
[2026-06-23 15:24:45] production.DEBUG: Bingwa dashboard airtime cache hydrated. {"user_id":1,"has_balance":true,"checked_at":"2026-06-23T15:19:56+03:00"} 
[2026-06-23 15:24:45] production.DEBUG: Bingwa dashboard airtime cache hydrated. {"user_id":1,"has_balance":true,"checked_at":"2026-06-23T15:19:56+03:00"} 
[2026-06-23 15:24:51] production.DEBUG: BackgroundTasks: found 4 schedule event(s)  
[2026-06-23 15:24:51] production.INFO: SchedulerManifest: event command='php' 'artisan' bingwa:heartbeat expression=*/15 * * * *  
[2026-06-23 15:24:51] production.INFO: SchedulerManifest: event command='php' 'artisan' bingwa:sync-transactions expression=*/5 * * * *  
[2026-06-23 15:24:51] production.INFO: SchedulerManifest: event command='php' 'artisan' bingwa:process-auto-renewals expression=*/5 * * * *  
[2026-06-23 15:24:51] production.INFO: SchedulerManifest: event command='php' 'artisan' bingwa:fetch-airtime-balance expression=*/15 * * * *  
[2026-06-23 15:24:51] production.DEBUG: Bingwa dashboard mount started. {"user_id":1} 
[2026-06-23 15:24:51] production.DEBUG: Bingwa dashboard airtime cache hydrated. {"user_id":1,"has_balance":true,"checked_at":"2026-06-23T15:19:56+03:00"} 
[2026-06-23 15:24:51] production.DEBUG: Bingwa dashboard airtime response ready. {"user_id":1,"balance":483.52,"checked_at":"23 Jun, 15:19"} 
[2026-06-23 15:24:52] production.DEBUG: BackgroundTasks: found 4 schedule event(s)  
[2026-06-23 15:24:52] production.INFO: SchedulerManifest: event command='php' 'artisan' bingwa:heartbeat expression=*/15 * * * *  
[2026-06-23 15:24:52] production.INFO: SchedulerManifest: event command='php' 'artisan' bingwa:sync-transactions expression=*/5 * * * *  
[2026-06-23 15:24:52] production.INFO: SchedulerManifest: event command='php' 'artisan' bingwa:process-auto-renewals expression=*/5 * * * *  
[2026-06-23 15:24:52] production.INFO: SchedulerManifest: event command='php' 'artisan' bingwa:fetch-airtime-balance expression=*/15 * * * *  
[2026-06-23 15:24:52] production.DEBUG: Subscription plans prefetch job started. {"component":"plans_prefetch","user_id":1} 
[2026-06-23 15:24:52] production.DEBUG: 🌐 Fetching plans from: https://backend.statum.co.ke/api/v1/subscription/plans/hybrid  
[2026-06-23 15:24:53] production.DEBUG: 📦 Plans response received {"plans_count":5} 
[2026-06-23 15:24:53] production.DEBUG: Subscription plans prefetch job completed successfully. {"component":"plans_prefetch","user_id":1} 
[2026-06-23 15:24:53] production.DEBUG: BackgroundTasks: found 4 schedule event(s)  
[2026-06-23 15:24:53] production.INFO: SchedulerManifest: event command='php' 'artisan' bingwa:heartbeat expression=*/15 * * * *  
[2026-06-23 15:24:53] production.INFO: SchedulerManifest: event command='php' 'artisan' bingwa:sync-transactions expression=*/5 * * * *  
[2026-06-23 15:24:53] production.INFO: SchedulerManifest: event command='php' 'artisan' bingwa:process-auto-renewals expression=*/5 * * * *  
[2026-06-23 15:24:53] production.INFO: SchedulerManifest: event command='php' 'artisan' bingwa:fetch-airtime-balance expression=*/15 * * * *  
[2026-06-23 15:24:56] production.DEBUG: Bingwa dashboard airtime cache hydrated. {"user_id":1,"has_balance":true,"checked_at":"2026-06-23T15:19:56+03:00"} 
[2026-06-23 15:24:56] production.DEBUG: Bingwa dashboard airtime cache hydrated. {"user_id":1,"has_balance":true,"checked_at":"2026-06-23T15:19:56+03:00"} 
[2026-06-23 15:25:01] production.DEBUG: Bingwa dashboard airtime cache hydrated. {"user_id":1,"has_balance":true,"checked_at":"2026-06-23T15:19:56+03:00"} 
[2026-06-23 15:25:01] production.DEBUG: Bingwa dashboard airtime cache hydrated. {"user_id":1,"has_balance":true,"checked_at":"2026-06-23T15:19:56+03:00"} 
[2026-06-23 15:25:06] production.DEBUG: Bingwa dashboard airtime cache hydrated. {"user_id":1,"has_balance":true,"checked_at":"2026-06-23T15:19:56+03:00"} 
[2026-06-23 15:25:06] production.DEBUG: Bingwa dashboard airtime cache hydrated. {"user_id":1,"has_balance":true,"checked_at":"2026-06-23T15:19:56+03:00"} 
[2026-06-23 15:25:11] production.DEBUG: Bingwa dashboard airtime cache hydrated. {"user_id":1,"has_balance":true,"checked_at":"2026-06-23T15:19:56+03:00"} 
[2026-06-23 15:25:11] production.DEBUG: Bingwa dashboard airtime cache hydrated. {"user_id":1,"has_balance":true,"checked_at":"2026-06-23T15:19:56+03:00"} 
[2026-06-23 15:25:16] production.DEBUG: Bingwa dashboard airtime cache hydrated. {"user_id":1,"has_balance":true,"checked_at":"2026-06-23T15:19:56+03:00"} 
[2026-06-23 15:25:16] production.DEBUG: Bingwa dashboard airtime cache hydrated. {"user_id":1,"has_balance":true,"checked_at":"2026-06-23T15:19:56+03:00"} 
[2026-06-23 15:25:21] production.DEBUG: Bingwa dashboard airtime cache hydrated. {"user_id":1,"has_balance":true,"checked_at":"2026-06-23T15:19:56+03:00"} 
[2026-06-23 15:25:21] production.DEBUG: Bingwa dashboard airtime cache hydrated. {"user_id":1,"has_balance":true,"checked_at":"2026-06-23T15:19:56+03:00"} 
[2026-06-23 15:25:26] production.DEBUG: Bingwa dashboard airtime cache hydrated. {"user_id":1,"has_balance":true,"checked_at":"2026-06-23T15:19:56+03:00"} 
[2026-06-23 15:25:26] production.DEBUG: Bingwa dashboard airtime cache hydrated. {"user_id":1,"has_balance":true,"checked_at":"2026-06-23T15:19:56+03:00"} 
[2026-06-23 15:25:27] production.DEBUG: BackgroundTasks: found 4 schedule event(s)  
[2026-06-23 15:25:27] production.INFO: SchedulerManifest: event command='php' 'artisan' bingwa:heartbeat expression=*/15 * * * *  
[2026-06-23 15:25:27] production.INFO: SchedulerManifest: event command='php' 'artisan' bingwa:sync-transactions expression=*/5 * * * *  
[2026-06-23 15:25:27] production.INFO: SchedulerManifest: event command='php' 'artisan' bingwa:process-auto-renewals expression=*/5 * * * *  
[2026-06-23 15:25:27] production.INFO: SchedulerManifest: event command='php' 'artisan' bingwa:fetch-airtime-balance expression=*/15 * * * *  
[2026-06-23 15:25:31] production.DEBUG: Bingwa dashboard airtime cache hydrated. {"user_id":1,"has_balance":true,"checked_at":"2026-06-23T15:19:56+03:00"} 
[2026-06-23 15:25:31] production.DEBUG: Bingwa dashboard airtime cache hydrated. {"user_id":1,"has_balance":true,"checked_at":"2026-06-23T15:19:56+03:00"} 
[2026-06-23 15:25:36] production.DEBUG: Bingwa dashboard airtime cache hydrated. {"user_id":1,"has_balance":true,"checked_at":"2026-06-23T15:19:56+03:00"} 
[2026-06-23 15:25:37] production.DEBUG: Bingwa dashboard airtime cache hydrated. {"user_id":1,"has_balance":true,"checked_at":"2026-06-23T15:19:56+03:00"} 
[2026-06-23 15:25:41] production.DEBUG: Bingwa dashboard airtime cache hydrated. {"user_id":1,"has_balance":true,"checked_at":"2026-06-23T15:19:56+03:00"} 
[2026-06-23 15:25:41] production.DEBUG: Bingwa dashboard airtime cache hydrated. {"user_id":1,"has_balance":true,"checked_at":"2026-06-23T15:19:56+03:00"} 
[2026-06-23 15:25:46] production.DEBUG: Bingwa dashboard airtime cache hydrated. {"user_id":1,"has_balance":true,"checked_at":"2026-06-23T15:19:56+03:00"} 
[2026-06-23 15:25:46] production.DEBUG: Bingwa dashboard airtime cache hydrated. {"user_id":1,"has_balance":true,"checked_at":"2026-06-23T15:19:56+03:00"} 
[2026-06-23 15:25:51] production.DEBUG: Bingwa dashboard airtime cache hydrated. {"user_id":1,"has_balance":true,"checked_at":"2026-06-23T15:19:56+03:00"} 
[2026-06-23 15:25:52] production.DEBUG: Bingwa dashboard airtime cache hydrated. {"user_id":1,"has_balance":true,"checked_at":"2026-06-23T15:19:56+03:00"} 
[2026-06-23 15:25:56] production.DEBUG: Bingwa dashboard airtime cache hydrated. {"user_id":1,"has_balance":true,"checked_at":"2026-06-23T15:19:56+03:00"} 
[2026-06-23 15:25:57] production.DEBUG: Bingwa dashboard airtime cache hydrated. {"user_id":1,"has_balance":true,"checked_at":"2026-06-23T15:19:56+03:00"} 
[2026-06-23 15:26:00] production.DEBUG: BackgroundTasks: found 4 schedule event(s)  
[2026-06-23 15:26:00] production.INFO: SchedulerManifest: event command='php' 'artisan' bingwa:heartbeat expression=*/15 * * * *  
[2026-06-23 15:26:00] production.INFO: SchedulerManifest: event command='php' 'artisan' bingwa:sync-transactions expression=*/5 * * * *  
[2026-06-23 15:26:00] production.INFO: SchedulerManifest: event command='php' 'artisan' bingwa:process-auto-renewals expression=*/5 * * * *  
[2026-06-23 15:26:00] production.INFO: SchedulerManifest: event command='php' 'artisan' bingwa:fetch-airtime-balance expression=*/15 * * * *  
[2026-06-23 15:26:01] production.DEBUG: Bingwa dashboard airtime cache hydrated. {"user_id":1,"has_balance":true,"checked_at":"2026-06-23T15:19:56+03:00"} 
[2026-06-23 15:26:01] production.DEBUG: Bingwa dashboard airtime cache hydrated. {"user_id":1,"has_balance":true,"checked_at":"2026-06-23T15:19:56+03:00"} 
[2026-06-23 15:26:06] production.DEBUG: Bingwa dashboard airtime cache hydrated. {"user_id":1,"has_balance":true,"checked_at":"2026-06-23T15:19:56+03:00"} 
[2026-06-23 15:26:07] production.DEBUG: Bingwa dashboard airtime cache hydrated. {"user_id":1,"has_balance":true,"checked_at":"2026-06-23T15:19:56+03:00"} 
[2026-06-23 15:26:11] production.DEBUG: Bingwa dashboard airtime cache hydrated. {"user_id":1,"has_balance":true,"checked_at":"2026-06-23T15:19:56+03:00"} 
[2026-06-23 15:26:11] production.DEBUG: Bingwa dashboard airtime cache hydrated. {"user_id":1,"has_balance":true,"checked_at":"2026-06-23T15:19:56+03:00"} 
[2026-06-23 15:26:16] production.DEBUG: Bingwa dashboard airtime cache hydrated. {"user_id":1,"has_balance":true,"checked_at":"2026-06-23T15:19:56+03:00"} 
[2026-06-23 15:26:17] production.DEBUG: Bingwa dashboard airtime cache hydrated. {"user_id":1,"has_balance":true,"checked_at":"2026-06-23T15:19:56+03:00"} 
[2026-06-23 15:26:20] production.DEBUG: Bingwa dashboard airtime cache hydrated. {"user_id":1,"has_balance":true,"checked_at":"2026-06-23T15:19:56+03:00"} 
[2026-06-23 15:26:21] production.DEBUG: Bingwa dashboard airtime cache hydrated. {"user_id":1,"has_balance":true,"checked_at":"2026-06-23T15:19:56+03:00"} 
[2026-06-23 15:26:22] production.DEBUG: Bingwa dashboard airtime cache hydrated. {"user_id":1,"has_balance":true,"checked_at":"2026-06-23T15:19:56+03:00"} 
[2026-06-23 15:26:26] production.DEBUG: Bingwa dashboard airtime cache hydrated. {"user_id":1,"has_balance":true,"checked_at":"2026-06-23T15:19:56+03:00"} 
[2026-06-23 15:26:27] production.DEBUG: Bingwa dashboard airtime cache hydrated. {"user_id":1,"has_balance":true,"checked_at":"2026-06-23T15:19:56+03:00"} 
[2026-06-23 15:26:31] production.DEBUG: Bingwa dashboard airtime cache hydrated. {"user_id":1,"has_balance":true,"checked_at":"2026-06-23T15:19:56+03:00"} 
[2026-06-23 15:26:32] production.DEBUG: Bingwa dashboard airtime cache hydrated. {"user_id":1,"has_balance":true,"checked_at":"2026-06-23T15:19:56+03:00"} 
[2026-06-23 15:26:34] production.DEBUG: BackgroundTasks: found 4 schedule event(s)  
[2026-06-23 15:26:34] production.INFO: SchedulerManifest: event command='php' 'artisan' bingwa:heartbeat expression=*/15 * * * *  
[2026-06-23 15:26:34] production.INFO: SchedulerManifest: event command='php' 'artisan' bingwa:sync-transactions expression=*/5 * * * *  
[2026-06-23 15:26:34] production.INFO: SchedulerManifest: event command='php' 'artisan' bingwa:process-auto-renewals expression=*/5 * * * *  
[2026-06-23 15:26:34] production.INFO: SchedulerManifest: event command='php' 'artisan' bingwa:fetch-airtime-balance expression=*/15 * * * *  
[2026-06-23 15:26:36] production.DEBUG: Bingwa dashboard airtime cache hydrated. {"user_id":1,"has_balance":true,"checked_at":"2026-06-23T15:19:56+03:00"} 
[2026-06-23 15:26:37] production.DEBUG: Bingwa dashboard airtime cache hydrated. {"user_id":1,"has_balance":true,"checked_at":"2026-06-23T15:19:56+03:00"} 
[2026-06-23 15:26:41] production.DEBUG: Bingwa dashboard airtime cache hydrated. {"user_id":1,"has_balance":true,"checked_at":"2026-06-23T15:19:56+03:00"} 
[2026-06-23 15:26:42] production.DEBUG: Bingwa dashboard airtime cache hydrated. {"user_id":1,"has_balance":true,"checked_at":"2026-06-23T15:19:56+03:00"} 
[2026-06-23 15:26:46] production.DEBUG: Bingwa dashboard airtime cache hydrated. {"user_id":1,"has_balance":true,"checked_at":"2026-06-23T15:19:56+03:00"} 
[2026-06-23 15:26:47] production.DEBUG: Bingwa dashboard airtime cache hydrated. {"user_id":1,"has_balance":true,"checked_at":"2026-06-23T15:19:56+03:00"} 
[2026-06-23 15:26:51] production.DEBUG: Bingwa dashboard airtime cache hydrated. {"user_id":1,"has_balance":true,"checked_at":"2026-06-23T15:19:56+03:00"} 
[2026-06-23 15:26:51] production.DEBUG: Bingwa dashboard airtime cache hydrated. {"user_id":1,"has_balance":true,"checked_at":"2026-06-23T15:19:56+03:00"} 
[2026-06-23 15:26:56] production.DEBUG: Bingwa dashboard airtime cache hydrated. {"user_id":1,"has_balance":true,"checked_at":"2026-06-23T15:19:56+03:00"} 
[2026-06-23 15:26:57] production.DEBUG: Bingwa dashboard airtime cache hydrated. {"user_id":1,"has_balance":true,"checked_at":"2026-06-23T15:19:56+03:00"} 
[2026-06-23 15:27:01] production.DEBUG: Bingwa dashboard airtime cache hydrated. {"user_id":1,"has_balance":true,"checked_at":"2026-06-23T15:19:56+03:00"} 
[2026-06-23 15:27:02] production.DEBUG: Bingwa dashboard airtime cache hydrated. {"user_id":1,"has_balance":true,"checked_at":"2026-06-23T15:19:56+03:00"} 
[2026-06-23 15:27:06] production.DEBUG: Bingwa dashboard airtime cache hydrated. {"user_id":1,"has_balance":true,"checked_at":"2026-06-23T15:19:56+03:00"} 
[2026-06-23 15:27:06] production.DEBUG: Bingwa dashboard airtime cache hydrated. {"user_id":1,"has_balance":true,"checked_at":"2026-06-23T15:19:56+03:00"} 
[2026-06-23 15:27:07] production.DEBUG: BackgroundTasks: found 4 schedule event(s)  
[2026-06-23 15:27:07] production.INFO: SchedulerManifest: event command='php' 'artisan' bingwa:heartbeat expression=*/15 * * * *  
[2026-06-23 15:27:07] production.INFO: SchedulerManifest: event command='php' 'artisan' bingwa:sync-transactions expression=*/5 * * * *  
[2026-06-23 15:27:07] production.INFO: SchedulerManifest: event command='php' 'artisan' bingwa:process-auto-renewals expression=*/5 * * * *  
[2026-06-23 15:27:07] production.INFO: SchedulerManifest: event command='php' 'artisan' bingwa:fetch-airtime-balance expression=*/15 * * * *  
[2026-06-23 15:27:11] production.DEBUG: Bingwa dashboard airtime cache hydrated. {"user_id":1,"has_balance":true,"checked_at":"2026-06-23T15:19:56+03:00"} 
[2026-06-23 15:27:11] production.DEBUG: Bingwa dashboard airtime cache hydrated. {"user_id":1,"has_balance":true,"checked_at":"2026-06-23T15:19:56+03:00"} 
[2026-06-23 15:27:16] production.DEBUG: Bingwa dashboard airtime cache hydrated. {"user_id":1,"has_balance":true,"checked_at":"2026-06-23T15:19:56+03:00"} 
[2026-06-23 15:27:17] production.DEBUG: Bingwa dashboard airtime cache hydrated. {"user_id":1,"has_balance":true,"checked_at":"2026-06-23T15:19:56+03:00"} 
[2026-06-23 15:27:21] production.DEBUG: Bingwa dashboard airtime cache hydrated. {"user_id":1,"has_balance":true,"checked_at":"2026-06-23T15:19:56+03:00"} 
[2026-06-23 15:27:22] production.DEBUG: Bingwa dashboard airtime cache hydrated. {"user_id":1,"has_balance":true,"checked_at":"2026-06-23T15:19:56+03:00"} 
[2026-06-23 15:27:26] production.DEBUG: Bingwa dashboard airtime cache hydrated. {"user_id":1,"has_balance":true,"checked_at":"2026-06-23T15:19:56+03:00"} 
[2026-06-23 15:27:27] production.DEBUG: Bingwa dashboard airtime cache hydrated. {"user_id":1,"has_balance":true,"checked_at":"2026-06-23T15:19:56+03:00"} 
[2026-06-23 15:27:31] production.DEBUG: Bingwa dashboard airtime cache hydrated. {"user_id":1,"has_balance":true,"checked_at":"2026-06-23T15:19:56+03:00"} 
[2026-06-23 15:27:31] production.DEBUG: Bingwa dashboard airtime cache hydrated. {"user_id":1,"has_balance":true,"checked_at":"2026-06-23T15:19:56+03:00"} 
[2026-06-23 15:27:36] production.DEBUG: Bingwa dashboard airtime cache hydrated. {"user_id":1,"has_balance":true,"checked_at":"2026-06-23T15:19:56+03:00"} 
[2026-06-23 15:27:37] production.DEBUG: Bingwa dashboard airtime cache hydrated. {"user_id":1,"has_balance":true,"checked_at":"2026-06-23T15:19:56+03:00"} 
[2026-06-23 15:27:41] production.DEBUG: BackgroundTasks: found 4 schedule event(s)  
[2026-06-23 15:27:41] production.INFO: SchedulerManifest: event command='php' 'artisan' bingwa:heartbeat expression=*/15 * * * *  
[2026-06-23 15:27:41] production.INFO: SchedulerManifest: event command='php' 'artisan' bingwa:sync-transactions expression=*/5 * * * *  
[2026-06-23 15:27:41] production.INFO: SchedulerManifest: event command='php' 'artisan' bingwa:process-auto-renewals expression=*/5 * * * *  
[2026-06-23 15:27:41] production.INFO: SchedulerManifest: event command='php' 'artisan' bingwa:fetch-airtime-balance expression=*/15 * * * *  
[2026-06-23 15:27:41] production.DEBUG: Bingwa dashboard airtime cache hydrated. {"user_id":1,"has_balance":true,"checked_at":"2026-06-23T15:19:56+03:00"} 
[2026-06-23 15:27:41] production.DEBUG: Bingwa dashboard airtime cache hydrated. {"user_id":1,"has_balance":true,"checked_at":"2026-06-23T15:19:56+03:00"} 
[2026-06-23 15:27:46] production.DEBUG: Bingwa dashboard airtime cache hydrated. {"user_id":1,"has_balance":true,"checked_at":"2026-06-23T15:19:56+03:00"} 
[2026-06-23 15:27:47] production.DEBUG: Bingwa dashboard airtime cache hydrated. {"user_id":1,"has_balance":true,"checked_at":"2026-06-23T15:19:56+03:00"} 
[2026-06-23 15:27:51] production.DEBUG: Bingwa dashboard airtime cache hydrated. {"user_id":1,"has_balance":true,"checked_at":"2026-06-23T15:19:56+03:00"} 
[2026-06-23 15:27:52] production.DEBUG: Bingwa dashboard airtime cache hydrated. {"user_id":1,"has_balance":true,"checked_at":"2026-06-23T15:19:56+03:00"} 
[2026-06-23 15:27:56] production.DEBUG: Bingwa dashboard airtime cache hydrated. {"user_id":1,"has_balance":true,"checked_at":"2026-06-23T15:19:56+03:00"} 
[2026-06-23 15:27:56] production.DEBUG: Bingwa dashboard airtime cache hydrated. {"user_id":1,"has_balance":true,"checked_at":"2026-06-23T15:19:56+03:00"} 
[2026-06-23 15:28:01] production.DEBUG: Bingwa dashboard airtime cache hydrated. {"user_id":1,"has_balance":true,"checked_at":"2026-06-23T15:19:56+03:00"} 
[2026-06-23 15:28:02] production.DEBUG: Bingwa dashboard airtime cache hydrated. {"user_id":1,"has_balance":true,"checked_at":"2026-06-23T15:19:56+03:00"} 
[2026-06-23 15:28:06] production.DEBUG: Bingwa dashboard airtime cache hydrated. {"user_id":1,"has_balance":true,"checked_at":"2026-06-23T15:19:56+03:00"} 
[2026-06-23 15:28:06] production.DEBUG: Bingwa dashboard airtime cache hydrated. {"user_id":1,"has_balance":true,"checked_at":"2026-06-23T15:19:56+03:00"} 
[2026-06-23 15:28:11] production.DEBUG: Bingwa dashboard airtime cache hydrated. {"user_id":1,"has_balance":true,"checked_at":"2026-06-23T15:19:56+03:00"} 
[2026-06-23 15:28:11] production.DEBUG: Bingwa dashboard airtime cache hydrated. {"user_id":1,"has_balance":true,"checked_at":"2026-06-23T15:19:56+03:00"} 
[2026-06-23 15:28:15] production.DEBUG: BackgroundTasks: found 4 schedule event(s)  
[2026-06-23 15:28:15] production.INFO: SchedulerManifest: event command='php' 'artisan' bingwa:heartbeat expression=*/15 * * * *  
[2026-06-23 15:28:15] production.INFO: SchedulerManifest: event command='php' 'artisan' bingwa:sync-transactions expression=*/5 * * * *  
[2026-06-23 15:28:15] production.INFO: SchedulerManifest: event command='php' 'artisan' bingwa:process-auto-renewals expression=*/5 * * * *  
[2026-06-23 15:28:15] production.INFO: SchedulerManifest: event command='php' 'artisan' bingwa:fetch-airtime-balance expression=*/15 * * * *  
[2026-06-23 15:28:16] production.DEBUG: Bingwa dashboard airtime cache hydrated. {"user_id":1,"has_balance":true,"checked_at":"2026-06-23T15:19:56+03:00"} 
[2026-06-23 15:28:16] production.DEBUG: Bingwa dashboard airtime cache hydrated. {"user_id":1,"has_balance":true,"checked_at":"2026-06-23T15:19:56+03:00"} 
[2026-06-23 15:28:21] production.DEBUG: Bingwa dashboard airtime cache hydrated. {"user_id":1,"has_balance":true,"checked_at":"2026-06-23T15:19:56+03:00"} 
[2026-06-23 15:28:22] production.DEBUG: Bingwa dashboard airtime cache hydrated. {"user_id":1,"has_balance":true,"checked_at":"2026-06-23T15:19:56+03:00"} 
[2026-06-23 15:28:26] production.DEBUG: Bingwa dashboard airtime cache hydrated. {"user_id":1,"has_balance":true,"checked_at":"2026-06-23T15:19:56+03:00"} 
[2026-06-23 15:28:27] production.DEBUG: Bingwa dashboard airtime cache hydrated. {"user_id":1,"has_balance":true,"checked_at":"2026-06-23T15:19:56+03:00"} 
[2026-06-23 15:28:31] production.DEBUG: Bingwa dashboard airtime cache hydrated. {"user_id":1,"has_balance":true,"checked_at":"2026-06-23T15:19:56+03:00"} 
[2026-06-23 15:28:32] production.DEBUG: Bingwa dashboard airtime cache hydrated. {"user_id":1,"has_balance":true,"checked_at":"2026-06-23T15:19:56+03:00"} 
[2026-06-23 15:28:36] production.DEBUG: Bingwa dashboard airtime cache hydrated. {"user_id":1,"has_balance":true,"checked_at":"2026-06-23T15:19:56+03:00"} 
[2026-06-23 15:28:36] production.DEBUG: Bingwa dashboard airtime cache hydrated. {"user_id":1,"has_balance":true,"checked_at":"2026-06-23T15:19:56+03:00"} 
[2026-06-23 15:28:41] production.DEBUG: Bingwa dashboard airtime cache hydrated. {"user_id":1,"has_balance":true,"checked_at":"2026-06-23T15:19:56+03:00"} 
[2026-06-23 15:28:41] production.DEBUG: Bingwa dashboard airtime cache hydrated. {"user_id":1,"has_balance":true,"checked_at":"2026-06-23T15:19:56+03:00"} 
[2026-06-23 15:28:46] production.DEBUG: Bingwa dashboard airtime cache hydrated. {"user_id":1,"has_balance":true,"checked_at":"2026-06-23T15:19:56+03:00"} 
[2026-06-23 15:28:46] production.DEBUG: Bingwa dashboard airtime cache hydrated. {"user_id":1,"has_balance":true,"checked_at":"2026-06-23T15:19:56+03:00"} 
[2026-06-23 15:28:48] production.DEBUG: BackgroundTasks: found 4 schedule event(s)  
[2026-06-23 15:28:48] production.INFO: SchedulerManifest: event command='php' 'artisan' bingwa:heartbeat expression=*/15 * * * *  
[2026-06-23 15:28:48] production.INFO: SchedulerManifest: event command='php' 'artisan' bingwa:sync-transactions expression=*/5 * * * *  
[2026-06-23 15:28:48] production.INFO: SchedulerManifest: event command='php' 'artisan' bingwa:process-auto-renewals expression=*/5 * * * *  
[2026-06-23 15:28:48] production.INFO: SchedulerManifest: event command='php' 'artisan' bingwa:fetch-airtime-balance expression=*/15 * * * *  
[2026-06-23 15:28:51] production.DEBUG: Bingwa dashboard airtime cache hydrated. {"user_id":1,"has_balance":true,"checked_at":"2026-06-23T15:19:56+03:00"} 
[2026-06-23 15:28:51] production.DEBUG: Bingwa dashboard airtime cache hydrated. {"user_id":1,"has_balance":true,"checked_at":"2026-06-23T15:19:56+03:00"} 
[2026-06-23 15:28:56] production.DEBUG: Bingwa dashboard airtime cache hydrated. {"user_id":1,"has_balance":true,"checked_at":"2026-06-23T15:19:56+03:00"} 
[2026-06-23 15:28:57] production.DEBUG: Bingwa dashboard airtime cache hydrated. {"user_id":1,"has_balance":true,"checked_at":"2026-06-23T15:19:56+03:00"} 
[2026-06-23 15:29:01] production.DEBUG: Bingwa dashboard airtime cache hydrated. {"user_id":1,"has_balance":true,"checked_at":"2026-06-23T15:19:56+03:00"} 
[2026-06-23 15:29:02] production.DEBUG: Bingwa dashboard airtime cache hydrated. {"user_id":1,"has_balance":true,"checked_at":"2026-06-23T15:19:56+03:00"} 
[2026-06-23 15:29:06] production.DEBUG: Bingwa dashboard airtime cache hydrated. {"user_id":1,"has_balance":true,"checked_at":"2026-06-23T15:19:56+03:00"} 
[2026-06-23 15:29:06] production.DEBUG: Bingwa dashboard airtime cache hydrated. {"user_id":1,"has_balance":true,"checked_at":"2026-06-23T15:19:56+03:00"} 
[2026-06-23 15:29:11] production.DEBUG: Bingwa dashboard airtime cache hydrated. {"user_id":1,"has_balance":true,"checked_at":"2026-06-23T15:19:56+03:00"} 
[2026-06-23 15:29:12] production.DEBUG: Bingwa dashboard airtime cache hydrated. {"user_id":1,"has_balance":true,"checked_at":"2026-06-23T15:19:56+03:00"} 
[2026-06-23 15:29:16] production.DEBUG: Bingwa dashboard airtime cache hydrated. {"user_id":1,"has_balance":true,"checked_at":"2026-06-23T15:19:56+03:00"} 
[2026-06-23 15:29:17] production.DEBUG: Bingwa dashboard airtime cache hydrated. {"user_id":1,"has_balance":true,"checked_at":"2026-06-23T15:19:56+03:00"} 
[2026-06-23 15:29:21] production.DEBUG: Bingwa dashboard airtime cache hydrated. {"user_id":1,"has_balance":true,"checked_at":"2026-06-23T15:19:56+03:00"} 
[2026-06-23 15:29:22] production.DEBUG: Bingwa dashboard airtime cache hydrated. {"user_id":1,"has_balance":true,"checked_at":"2026-06-23T15:19:56+03:00"} 
[2026-06-23 15:29:22] production.DEBUG: BackgroundTasks: found 4 schedule event(s)  
[2026-06-23 15:29:22] production.INFO: SchedulerManifest: event command='php' 'artisan' bingwa:heartbeat expression=*/15 * * * *  
[2026-06-23 15:29:22] production.INFO: SchedulerManifest: event command='php' 'artisan' bingwa:sync-transactions expression=*/5 * * * *  
[2026-06-23 15:29:22] production.INFO: SchedulerManifest: event command='php' 'artisan' bingwa:process-auto-renewals expression=*/5 * * * *  
[2026-06-23 15:29:22] production.INFO: SchedulerManifest: event command='php' 'artisan' bingwa:fetch-airtime-balance expression=*/15 * * * *  
[2026-06-23 15:29:26] production.DEBUG: Bingwa dashboard airtime cache hydrated. {"user_id":1,"has_balance":true,"checked_at":"2026-06-23T15:19:56+03:00"} 
[2026-06-23 15:29:27] production.DEBUG: Bingwa dashboard airtime cache hydrated. {"user_id":1,"has_balance":true,"checked_at":"2026-06-23T15:19:56+03:00"} 
[2026-06-23 15:29:31] production.DEBUG: Bingwa dashboard airtime cache hydrated. {"user_id":1,"has_balance":true,"checked_at":"2026-06-23T15:19:56+03:00"} 
[2026-06-23 15:29:31] production.DEBUG: Bingwa dashboard airtime cache hydrated. {"user_id":1,"has_balance":true,"checked_at":"2026-06-23T15:19:56+03:00"} 
[2026-06-23 15:29:36] production.DEBUG: Bingwa dashboard airtime cache hydrated. {"user_id":1,"has_balance":true,"checked_at":"2026-06-23T15:19:56+03:00"} 
[2026-06-23 15:29:36] production.DEBUG: Bingwa dashboard airtime cache hydrated. {"user_id":1,"has_balance":true,"checked_at":"2026-06-23T15:19:56+03:00"} 
[2026-06-23 15:29:41] production.DEBUG: Bingwa dashboard airtime cache hydrated. {"user_id":1,"has_balance":true,"checked_at":"2026-06-23T15:19:56+03:00"} 
[2026-06-23 15:29:42] production.DEBUG: Bingwa dashboard airtime cache hydrated. {"user_id":1,"has_balance":true,"checked_at":"2026-06-23T15:19:56+03:00"} 
[2026-06-23 15:29:46] production.DEBUG: Bingwa dashboard airtime cache hydrated. {"user_id":1,"has_balance":true,"checked_at":"2026-06-23T15:19:56+03:00"} 
[2026-06-23 15:29:46] production.DEBUG: Bingwa dashboard airtime cache hydrated. {"user_id":1,"has_balance":true,"checked_at":"2026-06-23T15:19:56+03:00"} 
[2026-06-23 15:29:51] production.DEBUG: Bingwa dashboard airtime cache hydrated. {"user_id":1,"has_balance":true,"checked_at":"2026-06-23T15:19:56+03:00"} 
[2026-06-23 15:29:51] production.DEBUG: Bingwa dashboard airtime cache hydrated. {"user_id":1,"has_balance":true,"checked_at":"2026-06-23T15:19:56+03:00"} 
[2026-06-23 15:29:52] production.DEBUG: Bingwa dashboard airtime cache hydrated. {"user_id":1,"has_balance":true,"checked_at":"2026-06-23T15:19:56+03:00"} 
[2026-06-23 15:29:52] production.DEBUG: Bingwa dashboard airtime refresh requested synchronously. {"user_id":1} 
[2026-06-23 15:29:52] production.INFO: Bingwa airtime balance refresh started. {"component":"airtime_balance","user_id":1} 
[2026-06-23 15:29:52] production.DEBUG: Bingwa airtime USSD probe. {"component":"airtime_balance","sim_slot":1,"mode":"express","nativephp_call_available":true} 
[2026-06-23 15:29:52] production.DEBUG: USSD modem lock acquired. {"component":"ussd_modem","sim_slot":1,"operation":"airtime-refresh","wait_seconds":2,"lease_seconds":105} 
[2026-06-23 15:29:54] production.DEBUG: USSD modem lock released. {"component":"ussd_modem","sim_slot":1,"operation":"airtime-refresh"} 
[2026-06-23 15:29:54] production.DEBUG: Bingwa airtime USSD raw response. {"component":"airtime_balance","sim_slot":1,"response":"{\"success\":false,\"message\":\"Airtime Bal: 483.52KSH.Expire date:21-09-2026. Tariff:Uwezo . A SPECIAL NEW offer Awaits you! Dial *131# today and stay connected.\"}"} 
[2026-06-23 15:29:54] production.DEBUG: Bingwa airtime USSD message extracted. {"component":"airtime_balance","sim_slot":1,"message":"Airtime Bal: 483.52KSH.Expire date:21-09-2026. Tariff:Uwezo . A SPECIAL NEW offer Awaits you! Dial *131# today and stay connected."} 
[2026-06-23 15:29:54] production.DEBUG: Bingwa airtime balance parsed via Airtime Bal pattern. {"component":"airtime_balance","raw":"Airtime Bal: 483.52KSH.Expire date:21-09-2026. Tariff:Uwezo . A SPECIAL NEW offer Awaits you! Dial *131# today and stay connected.","parsed":"483.52"} 
[2026-06-23 15:29:54] production.DEBUG: Bingwa airtime balance refreshed. {"component":"airtime_balance","user_id":1,"sim_slot":1,"balance":483.52} 
[2026-06-23 15:29:54] production.DEBUG: Bingwa dashboard airtime cache hydrated. {"user_id":1,"has_balance":true,"checked_at":"2026-06-23T15:29:54+03:00"} 
[2026-06-23 15:34:59] production.DEBUG: BackgroundTasks: found 4 schedule event(s)  
[2026-06-23 15:34:59] production.INFO: SchedulerManifest: event command='php' 'artisan' bingwa:heartbeat expression=*/15 * * * *  
[2026-06-23 15:34:59] production.INFO: SchedulerManifest: event command='php' 'artisan' bingwa:sync-transactions expression=*/5 * * * *  
[2026-06-23 15:34:59] production.INFO: SchedulerManifest: event command='php' 'artisan' bingwa:process-auto-renewals expression=*/5 * * * *  
[2026-06-23 15:34:59] production.INFO: SchedulerManifest: event command='php' 'artisan' bingwa:fetch-airtime-balance expression=*/15 * * * *  
[2026-06-23 15:34:59] production.DEBUG: Bingwa heartbeat command dispatching job. {"user_id":1,"registration_id":1} 
[2026-06-23 15:34:59] production.INFO: Bingwa heartbeat job queued. {"user_id":1,"registration_id":1} 
[2026-06-23 15:34:59] production.DEBUG: BackgroundTasks: found 4 schedule event(s)  
[2026-06-23 15:34:59] production.INFO: SchedulerManifest: event command='php' 'artisan' bingwa:heartbeat expression=*/15 * * * *  
[2026-06-23 15:34:59] production.INFO: SchedulerManifest: event command='php' 'artisan' bingwa:sync-transactions expression=*/5 * * * *  
[2026-06-23 15:34:59] production.INFO: SchedulerManifest: event command='php' 'artisan' bingwa:process-auto-renewals expression=*/5 * * * *  
[2026-06-23 15:34:59] production.INFO: SchedulerManifest: event command='php' 'artisan' bingwa:fetch-airtime-balance expression=*/15 * * * *  
[2026-06-23 15:34:59] production.DEBUG: Auto-renewal processing command started. {"component":"auto_renewal"} 
[2026-06-23 15:34:59] production.DEBUG: Auto-renewal processing command dispatching jobs. {"component":"auto_renewal","user_id":1} 
[2026-06-23 15:34:59] production.DEBUG: Auto-renewal processing started. {"component":"auto_renewal","user_id":1} 
[2026-06-23 15:34:59] production.DEBUG: Bingwa transaction processing job dispatched. {"user_id":1} 
[2026-06-23 15:34:59] production.INFO: Auto-renewal processing command finished. {"queued":0,"rescheduled":0,"failed":0,"users":[],"component":"auto_renewal","user_id":1} 
[2026-06-23 15:35:00] production.DEBUG: BackgroundTasks: found 4 schedule event(s)  
[2026-06-23 15:35:00] production.INFO: SchedulerManifest: event command='php' 'artisan' bingwa:heartbeat expression=*/15 * * * *  
[2026-06-23 15:35:00] production.INFO: SchedulerManifest: event command='php' 'artisan' bingwa:sync-transactions expression=*/5 * * * *  
[2026-06-23 15:35:00] production.INFO: SchedulerManifest: event command='php' 'artisan' bingwa:process-auto-renewals expression=*/5 * * * *  
[2026-06-23 15:35:00] production.INFO: SchedulerManifest: event command='php' 'artisan' bingwa:fetch-airtime-balance expression=*/15 * * * *  
[2026-06-23 15:35:00] production.INFO: 🔄 Starting Bingwa transactions sync... {"command":"bingwa:sync-transactions"} 
[2026-06-23 15:35:00] production.DEBUG: Bingwa transactions sync dispatching background job.  
[2026-06-23 15:35:00] production.INFO: ✅ Sync job queued successfully. {"queued":true,"user_id":1} 
[2026-06-23 15:35:00] production.DEBUG: BackgroundTasks: found 4 schedule event(s)  
[2026-06-23 15:35:00] production.INFO: SchedulerManifest: event command='php' 'artisan' bingwa:heartbeat expression=*/15 * * * *  
[2026-06-23 15:35:00] production.INFO: SchedulerManifest: event command='php' 'artisan' bingwa:sync-transactions expression=*/5 * * * *  
[2026-06-23 15:35:00] production.INFO: SchedulerManifest: event command='php' 'artisan' bingwa:process-auto-renewals expression=*/5 * * * *  
[2026-06-23 15:35:00] production.INFO: SchedulerManifest: event command='php' 'artisan' bingwa:fetch-airtime-balance expression=*/15 * * * *  
[2026-06-23 15:35:01] production.INFO: Starting automated airtime balance refresh command... {"component":"airtime_balance","command":"bingwa:fetch-airtime-balance"} 
[2026-06-23 15:35:01] production.INFO: Dispatching RefreshAirtimeBalanceJob. {"component":"airtime_balance","user_id":1} 
[2026-06-23 15:35:01] production.DEBUG: BackgroundTasks: found 4 schedule event(s)  
[2026-06-23 15:35:01] production.INFO: SchedulerManifest: event command='php' 'artisan' bingwa:heartbeat expression=*/15 * * * *  
[2026-06-23 15:35:01] production.INFO: SchedulerManifest: event command='php' 'artisan' bingwa:sync-transactions expression=*/5 * * * *  
[2026-06-23 15:35:01] production.INFO: SchedulerManifest: event command='php' 'artisan' bingwa:process-auto-renewals expression=*/5 * * * *  
[2026-06-23 15:35:01] production.INFO: SchedulerManifest: event command='php' 'artisan' bingwa:fetch-airtime-balance expression=*/15 * * * *  
[2026-06-23 15:35:01] production.DEBUG: Bingwa FCM sync job started. {"component":"fcm_sync","user_id":1,"flow_id":"4bb2140d-fd59-467c-b9e9-c3fb9db13485","attempt":1,"tries":0} 
[2026-06-23 15:35:01] production.DEBUG: Bingwa FCM permission status checked in backend job. {"component":"fcm_sync","user_id":1,"flow_id":"4bb2140d-fd59-467c-b9e9-c3fb9db13485","permission_status":"granted"} 
[2026-06-23 15:35:01] production.DEBUG: Skipped PushNotifications::enroll() as RequestPermission is not available in this context (e.g. queue worker). {"component":"fcm_sync","user_id":1,"flow_id":"4bb2140d-fd59-467c-b9e9-c3fb9db13485"} 
[2026-06-23 15:35:01] production.DEBUG: Bingwa FCM token resolved in backend job. {"component":"fcm_sync","user_id":1,"flow_id":"4bb2140d-fd59-467c-b9e9-c3fb9db13485","token_hash":"4c79b2aace04d2145956a8fe45cb5229480abe9b30c1e09b3821ea760f674e99"} 
[2026-06-23 15:35:01] production.DEBUG: Bingwa FCM sync request started. {"user_id":1,"flow_id":"4bb2140d-fd59-467c-b9e9-c3fb9db13485","device_token_hash":"464ec13405960eb0","fcm_token_hash":"4c79b2aace04d214","url":"https://backend.statum.co.ke/api/v1/auth/device/fcm-token"} 
[2026-06-23 15:35:04] production.DEBUG: Bingwa FCM sync attempt completed. {"user_id":1,"flow_id":"4bb2140d-fd59-467c-b9e9-c3fb9db13485","attempt":1,"status":200} 
[2026-06-23 15:35:04] production.DEBUG: Bingwa FCM backend response received. {"user_id":1,"flow_id":"4bb2140d-fd59-467c-b9e9-c3fb9db13485","status":200,"body":{"status":"ok","message":"FCM token updated.","device_id":31}} 
[2026-06-23 15:35:04] production.DEBUG: Bingwa FCM token sync completed successfully. {"user_id":1,"flow_id":"4bb2140d-fd59-467c-b9e9-c3fb9db13485","device_id":31} 
[2026-06-23 15:35:04] production.DEBUG: Bingwa FCM backend POST confirmed. {"user_id":1,"flow_id":"4bb2140d-fd59-467c-b9e9-c3fb9db13485","device_id":31} 
[2026-06-23 15:35:04] production.DEBUG: Bingwa FCM sync job completed successfully. {"component":"fcm_sync","user_id":1,"flow_id":"4bb2140d-fd59-467c-b9e9-c3fb9db13485"} 
[2026-06-23 15:35:04] production.DEBUG: BackgroundTasks: found 4 schedule event(s)  
[2026-06-23 15:35:04] production.INFO: SchedulerManifest: event command='php' 'artisan' bingwa:heartbeat expression=*/15 * * * *  
[2026-06-23 15:35:04] production.INFO: SchedulerManifest: event command='php' 'artisan' bingwa:sync-transactions expression=*/5 * * * *  
[2026-06-23 15:35:04] production.INFO: SchedulerManifest: event command='php' 'artisan' bingwa:process-auto-renewals expression=*/5 * * * *  
[2026-06-23 15:35:04] production.INFO: SchedulerManifest: event command='php' 'artisan' bingwa:fetch-airtime-balance expression=*/15 * * * *  
[2026-06-23 15:35:04] production.DEBUG: Bingwa heartbeat job started. {"component":"heartbeat","user_id":1} 
[2026-06-23 15:35:04] production.INFO: Bingwa heartbeat request starting. {"component":"heartbeat","user_id":1,"registration_id":1,"backend_device_id":31,"base_url":"https://backend.statum.co.ke"} 
[2026-06-23 15:35:05] production.INFO: Bingwa heartbeat accepted by backend. {"component":"heartbeat","user_id":1,"registration_id":1,"backend_device_id":31,"status":200,"response_body":"{\"status\":\"ok\",\"heartbeat_interval_seconds\":300,\"server_time\":\"2026-06-23T15:35:05+03:00\"}","recorded_at":"2026-06-23T12:35:05.769607Z"} 
[2026-06-23 15:35:05] production.DEBUG: Bingwa heartbeat job finished. {"component":"heartbeat","user_id":1,"sent":true} 
[2026-06-23 15:35:06] production.DEBUG: BackgroundTasks: found 4 schedule event(s)  
[2026-06-23 15:35:06] production.INFO: SchedulerManifest: event command='php' 'artisan' bingwa:heartbeat expression=*/15 * * * *  
[2026-06-23 15:35:06] production.INFO: SchedulerManifest: event command='php' 'artisan' bingwa:sync-transactions expression=*/5 * * * *  
[2026-06-23 15:35:06] production.INFO: SchedulerManifest: event command='php' 'artisan' bingwa:process-auto-renewals expression=*/5 * * * *  
[2026-06-23 15:35:06] production.INFO: SchedulerManifest: event command='php' 'artisan' bingwa:fetch-airtime-balance expression=*/15 * * * *  
[2026-06-23 15:35:06] production.DEBUG: Bingwa USSD processor job started. {"user_id":1,"flow_id":"57e10bfd-427c-477c-9082-41db79da2e71","attempt":1,"tries":3} 
[2026-06-23 15:35:06] production.DEBUG: Bingwa USSD processor found no queued transaction. {"user_id":1,"flow_id":"57e10bfd-427c-477c-9082-41db79da2e71"} 
[2026-06-23 15:35:06] production.DEBUG: Bingwa USSD processor job finished. {"user_id":1,"flow_id":"57e10bfd-427c-477c-9082-41db79da2e71","processed":0} 
[2026-06-23 15:35:06] production.DEBUG: BackgroundTasks: found 4 schedule event(s)  
[2026-06-23 15:35:06] production.INFO: SchedulerManifest: event command='php' 'artisan' bingwa:heartbeat expression=*/15 * * * *  
[2026-06-23 15:35:06] production.INFO: SchedulerManifest: event command='php' 'artisan' bingwa:sync-transactions expression=*/5 * * * *  
[2026-06-23 15:35:06] production.INFO: SchedulerManifest: event command='php' 'artisan' bingwa:process-auto-renewals expression=*/5 * * * *  
[2026-06-23 15:35:06] production.INFO: SchedulerManifest: event command='php' 'artisan' bingwa:fetch-airtime-balance expression=*/15 * * * *  
[2026-06-23 15:35:07] production.DEBUG: Bingwa transaction sync job started. {"component":"transaction_sync","user_id":1,"push_data":[],"unique_id":"bingwa-sync-transactions:1"} 
[2026-06-23 15:35:07] production.DEBUG: Bingwa transaction sync started. {"component":"transaction_sync","user_id":1,"limit":10,"only_service":null,"registration_id":1,"backend_device_id":31} 
[2026-06-23 15:35:08] production.INFO: Bingwa transaction sync endpoint response received. {"component":"transaction_sync","user_id":1,"endpoint":"data_bundles","url":"https://backend.statum.co.ke/api/v1/jobs/next/data_bundles","status":204,"response_body":""} 
[2026-06-23 15:35:08] production.INFO: Bingwa transaction sync endpoint response received. {"component":"transaction_sync","user_id":1,"endpoint":"sms","url":"https://backend.statum.co.ke/api/v1/jobs/next/sms","status":204,"response_body":""} 
[2026-06-23 15:35:08] production.INFO: Bingwa transaction sync endpoint response received. {"component":"transaction_sync","user_id":1,"endpoint":"airtime","url":"https://backend.statum.co.ke/api/v1/jobs/next/airtime","status":204,"response_body":""} 
[2026-06-23 15:35:08] production.DEBUG: Bingwa transaction sync finished fetching jobs. {"component":"transaction_sync","user_id":1,"synced_so_far":0,"skipped_so_far":0,"failed_so_far":0,"push_data":[]} 
[2026-06-23 15:35:08] production.INFO: Bingwa transaction sync completed. {"component":"transaction_sync","user_id":1,"synced":0,"skipped":0,"failed":0} 
[2026-06-23 15:35:08] production.DEBUG: Bingwa transaction sync job finished fetching. {"component":"transaction_sync","user_id":1,"synced":0,"skipped":0,"failed":0,"push_data":[]} 
[2026-06-23 15:35:08] production.DEBUG: BackgroundTasks: found 4 schedule event(s)  
[2026-06-23 15:35:08] production.INFO: SchedulerManifest: event command='php' 'artisan' bingwa:heartbeat expression=*/15 * * * *  
[2026-06-23 15:35:08] production.INFO: SchedulerManifest: event command='php' 'artisan' bingwa:sync-transactions expression=*/5 * * * *  
[2026-06-23 15:35:08] production.INFO: SchedulerManifest: event command='php' 'artisan' bingwa:process-auto-renewals expression=*/5 * * * *  
[2026-06-23 15:35:08] production.INFO: SchedulerManifest: event command='php' 'artisan' bingwa:fetch-airtime-balance expression=*/15 * * * *  
[2026-06-23 15:35:08] production.DEBUG: Airtime balance refresh job started. {"component":"airtime_balance","user_id":1} 
[2026-06-23 15:35:08] production.INFO: Bingwa airtime balance refresh started. {"component":"airtime_balance","user_id":1} 
[2026-06-23 15:35:08] production.DEBUG: Bingwa airtime USSD probe. {"component":"airtime_balance","sim_slot":1,"mode":"express","nativephp_call_available":true} 
[2026-06-23 15:35:08] production.DEBUG: USSD modem lock acquired. {"component":"ussd_modem","sim_slot":1,"operation":"airtime-refresh","wait_seconds":2,"lease_seconds":105} 
[2026-06-23 15:35:11] production.DEBUG: USSD modem lock released. {"component":"ussd_modem","sim_slot":1,"operation":"airtime-refresh"} 
[2026-06-23 15:35:11] production.DEBUG: Bingwa airtime USSD raw response. {"component":"airtime_balance","sim_slot":1,"response":"{\"success\":false,\"message\":\"Airtime Bal: 483.52KSH.Expire date:21-09-2026. Tariff:Uwezo . A SPECIAL NEW offer Awaits you! Dial *131# today and stay connected.\"}"} 
[2026-06-23 15:35:11] production.DEBUG: Bingwa airtime USSD message extracted. {"component":"airtime_balance","sim_slot":1,"message":"Airtime Bal: 483.52KSH.Expire date:21-09-2026. Tariff:Uwezo . A SPECIAL NEW offer Awaits you! Dial *131# today and stay connected."} 
[2026-06-23 15:35:11] production.DEBUG: Bingwa airtime balance parsed via Airtime Bal pattern. {"component":"airtime_balance","raw":"Airtime Bal: 483.52KSH.Expire date:21-09-2026. Tariff:Uwezo . A SPECIAL NEW offer Awaits you! Dial *131# today and stay connected.","parsed":"483.52"} 
[2026-06-23 15:35:11] production.DEBUG: Bingwa airtime balance refreshed. {"component":"airtime_balance","user_id":1,"sim_slot":1,"balance":483.52} 
[2026-06-23 15:35:11] production.DEBUG: Airtime balance refresh job finished. {"component":"airtime_balance","user_id":1} 
[2026-06-23 15:35:11] production.DEBUG: BackgroundTasks: found 4 schedule event(s)  
[2026-06-23 15:35:11] production.INFO: SchedulerManifest: event command='php' 'artisan' bingwa:heartbeat expression=*/15 * * * *  
[2026-06-23 15:35:11] production.INFO: SchedulerManifest: event command='php' 'artisan' bingwa:sync-transactions expression=*/5 * * * *  
[2026-06-23 15:35:11] production.INFO: SchedulerManifest: event command='php' 'artisan' bingwa:process-auto-renewals expression=*/5 * * * *  
[2026-06-23 15:35:11] production.INFO: SchedulerManifest: event command='php' 'artisan' bingwa:fetch-airtime-balance expression=*/15 * * * *  
[2026-06-23 15:35:45] production.DEBUG: BackgroundTasks: found 4 schedule event(s)  
[2026-06-23 15:35:45] production.INFO: SchedulerManifest: event command='php' 'artisan' bingwa:heartbeat expression=*/15 * * * *  
[2026-06-23 15:35:45] production.INFO: SchedulerManifest: event command='php' 'artisan' bingwa:sync-transactions expression=*/5 * * * *  
[2026-06-23 15:35:45] production.INFO: SchedulerManifest: event command='php' 'artisan' bingwa:process-auto-renewals expression=*/5 * * * *  
[2026-06-23 15:35:45] production.INFO: SchedulerManifest: event command='php' 'artisan' bingwa:fetch-airtime-balance expression=*/15 * * * *  
[2026-06-23 15:36:20] production.DEBUG: BackgroundTasks: found 4 schedule event(s)  
[2026-06-23 15:36:20] production.INFO: SchedulerManifest: event command='php' 'artisan' bingwa:heartbeat expression=*/15 * * * *  
[2026-06-23 15:36:20] production.INFO: SchedulerManifest: event command='php' 'artisan' bingwa:sync-transactions expression=*/5 * * * *  
[2026-06-23 15:36:20] production.INFO: SchedulerManifest: event command='php' 'artisan' bingwa:process-auto-renewals expression=*/5 * * * *  
[2026-06-23 15:36:20] production.INFO: SchedulerManifest: event command='php' 'artisan' bingwa:fetch-airtime-balance expression=*/15 * * * *  
[2026-06-23 15:36:54] production.DEBUG: BackgroundTasks: found 4 schedule event(s)  
[2026-06-23 15:36:54] production.INFO: SchedulerManifest: event command='php' 'artisan' bingwa:heartbeat expression=*/15 * * * *  
[2026-06-23 15:36:54] production.INFO: SchedulerManifest: event command='php' 'artisan' bingwa:sync-transactions expression=*/5 * * * *  
[2026-06-23 15:36:54] production.INFO: SchedulerManifest: event command='php' 'artisan' bingwa:process-auto-renewals expression=*/5 * * * *  
[2026-06-23 15:36:54] production.INFO: SchedulerManifest: event command='php' 'artisan' bingwa:fetch-airtime-balance expression=*/15 * * * *  
[2026-06-23 15:37:29] production.DEBUG: BackgroundTasks: found 4 schedule event(s)  
[2026-06-23 15:37:29] production.INFO: SchedulerManifest: event command='php' 'artisan' bingwa:heartbeat expression=*/15 * * * *  
[2026-06-23 15:37:29] production.INFO: SchedulerManifest: event command='php' 'artisan' bingwa:sync-transactions expression=*/5 * * * *  
[2026-06-23 15:37:29] production.INFO: SchedulerManifest: event command='php' 'artisan' bingwa:process-auto-renewals expression=*/5 * * * *  
[2026-06-23 15:37:29] production.INFO: SchedulerManifest: event command='php' 'artisan' bingwa:fetch-airtime-balance expression=*/15 * * * *  
[2026-06-23 15:37:35] production.DEBUG: BackgroundTasks: found 4 schedule event(s)  
[2026-06-23 15:37:35] production.INFO: SchedulerManifest: event command='php' 'artisan' bingwa:heartbeat expression=*/15 * * * *  
[2026-06-23 15:37:35] production.INFO: SchedulerManifest: event command='php' 'artisan' bingwa:sync-transactions expression=*/5 * * * *  
[2026-06-23 15:37:35] production.INFO: SchedulerManifest: event command='php' 'artisan' bingwa:process-auto-renewals expression=*/5 * * * *  
[2026-06-23 15:37:35] production.INFO: SchedulerManifest: event command='php' 'artisan' bingwa:fetch-airtime-balance expression=*/15 * * * *  
[2026-06-23 15:37:35] production.DEBUG: Bingwa dashboard mount started. {"user_id":1} 
[2026-06-23 15:37:35] production.DEBUG: Bingwa dashboard airtime cache hydrated. {"user_id":1,"has_balance":true,"checked_at":"2026-06-23T15:35:11+03:00"} 
[2026-06-23 15:37:35] production.DEBUG: Bingwa dashboard airtime response ready. {"user_id":1,"balance":483.52,"checked_at":"23 Jun, 15:35"} 
[2026-06-23 15:37:35] production.DEBUG: BackgroundTasks: found 4 schedule event(s)  
[2026-06-23 15:37:35] production.INFO: SchedulerManifest: event command='php' 'artisan' bingwa:heartbeat expression=*/15 * * * *  
[2026-06-23 15:37:35] production.INFO: SchedulerManifest: event command='php' 'artisan' bingwa:sync-transactions expression=*/5 * * * *  
[2026-06-23 15:37:35] production.INFO: SchedulerManifest: event command='php' 'artisan' bingwa:process-auto-renewals expression=*/5 * * * *  
[2026-06-23 15:37:35] production.INFO: SchedulerManifest: event command='php' 'artisan' bingwa:fetch-airtime-balance expression=*/15 * * * *  
[2026-06-23 15:37:35] production.DEBUG: Subscription plans prefetch job started. {"component":"plans_prefetch","user_id":1} 
[2026-06-23 15:37:35] production.DEBUG: 🌐 Fetching plans from: https://backend.statum.co.ke/api/v1/subscription/plans/hybrid  
[2026-06-23 15:37:37] production.DEBUG: 📦 Plans response received {"plans_count":5} 
[2026-06-23 15:37:37] production.DEBUG: Subscription plans prefetch job completed successfully. {"component":"plans_prefetch","user_id":1} 
[2026-06-23 15:37:37] production.DEBUG: BackgroundTasks: found 4 schedule event(s)  
[2026-06-23 15:37:37] production.INFO: SchedulerManifest: event command='php' 'artisan' bingwa:heartbeat expression=*/15 * * * *  
[2026-06-23 15:37:37] production.INFO: SchedulerManifest: event command='php' 'artisan' bingwa:sync-transactions expression=*/5 * * * *  
[2026-06-23 15:37:37] production.INFO: SchedulerManifest: event command='php' 'artisan' bingwa:process-auto-renewals expression=*/5 * * * *  
[2026-06-23 15:37:37] production.INFO: SchedulerManifest: event command='php' 'artisan' bingwa:fetch-airtime-balance expression=*/15 * * * *  
[2026-06-23 15:37:40] production.DEBUG: Bingwa dashboard airtime cache hydrated. {"user_id":1,"has_balance":true,"checked_at":"2026-06-23T15:35:11+03:00"} 
[2026-06-23 15:37:40] production.DEBUG: Bingwa dashboard airtime cache hydrated. {"user_id":1,"has_balance":true,"checked_at":"2026-06-23T15:35:11+03:00"} 
[2026-06-23 15:37:45] production.DEBUG: Bingwa dashboard airtime cache hydrated. {"user_id":1,"has_balance":true,"checked_at":"2026-06-23T15:35:11+03:00"} 
[2026-06-23 15:37:45] production.DEBUG: Bingwa dashboard airtime cache hydrated. {"user_id":1,"has_balance":true,"checked_at":"2026-06-23T15:35:11+03:00"} 
[2026-06-23 15:37:50] production.DEBUG: Bingwa dashboard airtime cache hydrated. {"user_id":1,"has_balance":true,"checked_at":"2026-06-23T15:35:11+03:00"} 
[2026-06-23 15:37:50] production.DEBUG: Bingwa dashboard airtime cache hydrated. {"user_id":1,"has_balance":true,"checked_at":"2026-06-23T15:35:11+03:00"} 
[2026-06-23 15:37:55] production.DEBUG: Bingwa dashboard airtime cache hydrated. {"user_id":1,"has_balance":true,"checked_at":"2026-06-23T15:35:11+03:00"} 
[2026-06-23 15:37:55] production.DEBUG: Bingwa dashboard airtime cache hydrated. {"user_id":1,"has_balance":true,"checked_at":"2026-06-23T15:35:11+03:00"} 
[2026-06-23 15:38:00] production.DEBUG: Bingwa dashboard airtime cache hydrated. {"user_id":1,"has_balance":true,"checked_at":"2026-06-23T15:35:11+03:00"} 
[2026-06-23 15:38:00] production.DEBUG: Bingwa dashboard airtime cache hydrated. {"user_id":1,"has_balance":true,"checked_at":"2026-06-23T15:35:11+03:00"} 
[2026-06-23 15:38:05] production.DEBUG: Bingwa dashboard airtime cache hydrated. {"user_id":1,"has_balance":true,"checked_at":"2026-06-23T15:35:11+03:00"} 
[2026-06-23 15:38:05] production.DEBUG: Bingwa dashboard airtime cache hydrated. {"user_id":1,"has_balance":true,"checked_at":"2026-06-23T15:35:11+03:00"} 
[2026-06-23 15:38:10] production.DEBUG: Bingwa dashboard airtime cache hydrated. {"user_id":1,"has_balance":true,"checked_at":"2026-06-23T15:35:11+03:00"} 
[2026-06-23 15:38:10] production.DEBUG: Bingwa dashboard airtime cache hydrated. {"user_id":1,"has_balance":true,"checked_at":"2026-06-23T15:35:11+03:00"} 
[2026-06-23 15:38:10] production.DEBUG: BackgroundTasks: found 4 schedule event(s)  
[2026-06-23 15:38:10] production.INFO: SchedulerManifest: event command='php' 'artisan' bingwa:heartbeat expression=*/15 * * * *  
[2026-06-23 15:38:10] production.INFO: SchedulerManifest: event command='php' 'artisan' bingwa:sync-transactions expression=*/5 * * * *  
[2026-06-23 15:38:10] production.INFO: SchedulerManifest: event command='php' 'artisan' bingwa:process-auto-renewals expression=*/5 * * * *  
[2026-06-23 15:38:10] production.INFO: SchedulerManifest: event command='php' 'artisan' bingwa:fetch-airtime-balance expression=*/15 * * * *  
[2026-06-23 15:38:15] production.DEBUG: Bingwa dashboard airtime cache hydrated. {"user_id":1,"has_balance":true,"checked_at":"2026-06-23T15:35:11+03:00"} 
[2026-06-23 15:38:15] production.DEBUG: Bingwa dashboard airtime cache hydrated. {"user_id":1,"has_balance":true,"checked_at":"2026-06-23T15:35:11+03:00"} 
[2026-06-23 15:38:20] production.DEBUG: Bingwa dashboard airtime cache hydrated. {"user_id":1,"has_balance":true,"checked_at":"2026-06-23T15:35:11+03:00"} 
[2026-06-23 15:38:20] production.DEBUG: Bingwa dashboard airtime cache hydrated. {"user_id":1,"has_balance":true,"checked_at":"2026-06-23T15:35:11+03:00"} 
[2026-06-23 15:38:25] production.DEBUG: Bingwa dashboard airtime cache hydrated. {"user_id":1,"has_balance":true,"checked_at":"2026-06-23T15:35:11+03:00"} 
[2026-06-23 15:38:25] production.DEBUG: Bingwa dashboard airtime cache hydrated. {"user_id":1,"has_balance":true,"checked_at":"2026-06-23T15:35:11+03:00"} 
[2026-06-23 15:38:30] production.DEBUG: Bingwa dashboard airtime cache hydrated. {"user_id":1,"has_balance":true,"checked_at":"2026-06-23T15:35:11+03:00"} 
[2026-06-23 15:38:30] production.DEBUG: Bingwa dashboard airtime cache hydrated. {"user_id":1,"has_balance":true,"checked_at":"2026-06-23T15:35:11+03:00"} 
[2026-06-23 15:38:35] production.DEBUG: Bingwa dashboard airtime cache hydrated. {"user_id":1,"has_balance":true,"checked_at":"2026-06-23T15:35:11+03:00"} 
[2026-06-23 15:38:35] production.DEBUG: Bingwa dashboard airtime cache hydrated. {"user_id":1,"has_balance":true,"checked_at":"2026-06-23T15:35:11+03:00"} 
[2026-06-23 15:38:40] production.DEBUG: Bingwa dashboard airtime cache hydrated. {"user_id":1,"has_balance":true,"checked_at":"2026-06-23T15:35:11+03:00"} 
[2026-06-23 15:38:40] production.DEBUG: Bingwa dashboard airtime cache hydrated. {"user_id":1,"has_balance":true,"checked_at":"2026-06-23T15:35:11+03:00"} 
[2026-06-23 15:38:44] production.DEBUG: BackgroundTasks: found 4 schedule event(s)  
[2026-06-23 15:38:44] production.INFO: SchedulerManifest: event command='php' 'artisan' bingwa:heartbeat expression=*/15 * * * *  
[2026-06-23 15:38:44] production.INFO: SchedulerManifest: event command='php' 'artisan' bingwa:sync-transactions expression=*/5 * * * *  
[2026-06-23 15:38:44] production.INFO: SchedulerManifest: event command='php' 'artisan' bingwa:process-auto-renewals expression=*/5 * * * *  
[2026-06-23 15:38:44] production.INFO: SchedulerManifest: event command='php' 'artisan' bingwa:fetch-airtime-balance expression=*/15 * * * *  
[2026-06-23 15:38:45] production.DEBUG: Bingwa dashboard airtime cache hydrated. {"user_id":1,"has_balance":true,"checked_at":"2026-06-23T15:35:11+03:00"} 
[2026-06-23 15:38:45] production.DEBUG: Bingwa dashboard airtime cache hydrated. {"user_id":1,"has_balance":true,"checked_at":"2026-06-23T15:35:11+03:00"} 
[2026-06-23 15:38:50] production.DEBUG: Bingwa dashboard airtime cache hydrated. {"user_id":1,"has_balance":true,"checked_at":"2026-06-23T15:35:11+03:00"} 
[2026-06-23 15:38:50] production.DEBUG: Bingwa dashboard airtime cache hydrated. {"user_id":1,"has_balance":true,"checked_at":"2026-06-23T15:35:11+03:00"} 
[2026-06-23 15:38:55] production.DEBUG: Bingwa dashboard airtime cache hydrated. {"user_id":1,"has_balance":true,"checked_at":"2026-06-23T15:35:11+03:00"} 
[2026-06-23 15:38:55] production.DEBUG: Bingwa dashboard airtime cache hydrated. {"user_id":1,"has_balance":true,"checked_at":"2026-06-23T15:35:11+03:00"} 
[2026-06-23 15:39:05] production.DEBUG: Bingwa dashboard mount started. {"user_id":1} 
[2026-06-23 15:39:05] production.DEBUG: Bingwa dashboard airtime cache hydrated. {"user_id":1,"has_balance":true,"checked_at":"2026-06-23T15:35:11+03:00"} 
[2026-06-23 15:39:05] production.DEBUG: Bingwa dashboard airtime response ready. {"user_id":1,"balance":483.52,"checked_at":"23 Jun, 15:35"} 
[2026-06-23 15:39:06] production.DEBUG: BackgroundTasks: found 4 schedule event(s)  
[2026-06-23 15:39:06] production.INFO: SchedulerManifest: event command='php' 'artisan' bingwa:heartbeat expression=*/15 * * * *  
[2026-06-23 15:39:06] production.INFO: SchedulerManifest: event command='php' 'artisan' bingwa:sync-transactions expression=*/5 * * * *  
[2026-06-23 15:39:06] production.INFO: SchedulerManifest: event command='php' 'artisan' bingwa:process-auto-renewals expression=*/5 * * * *  
[2026-06-23 15:39:06] production.INFO: SchedulerManifest: event command='php' 'artisan' bingwa:fetch-airtime-balance expression=*/15 * * * *  
[2026-06-23 15:39:06] production.DEBUG: Subscription plans prefetch job started. {"component":"plans_prefetch","user_id":1} 
[2026-06-23 15:39:06] production.DEBUG: Subscription plans prefetch job completed successfully. {"component":"plans_prefetch","user_id":1} 
[2026-06-23 15:39:06] production.DEBUG: BackgroundTasks: found 4 schedule event(s)  
[2026-06-23 15:39:06] production.INFO: SchedulerManifest: event command='php' 'artisan' bingwa:heartbeat expression=*/15 * * * *  
[2026-06-23 15:39:06] production.INFO: SchedulerManifest: event command='php' 'artisan' bingwa:sync-transactions expression=*/5 * * * *  
[2026-06-23 15:39:06] production.INFO: SchedulerManifest: event command='php' 'artisan' bingwa:process-auto-renewals expression=*/5 * * * *  
[2026-06-23 15:39:06] production.INFO: SchedulerManifest: event command='php' 'artisan' bingwa:fetch-airtime-balance expression=*/15 * * * *  
[2026-06-23 15:39:11] production.DEBUG: Bingwa dashboard airtime cache hydrated. {"user_id":1,"has_balance":true,"checked_at":"2026-06-23T15:35:11+03:00"} 
[2026-06-23 15:39:11] production.DEBUG: Bingwa dashboard airtime cache hydrated. {"user_id":1,"has_balance":true,"checked_at":"2026-06-23T15:35:11+03:00"} 
[2026-06-23 15:39:16] production.DEBUG: Bingwa dashboard airtime cache hydrated. {"user_id":1,"has_balance":true,"checked_at":"2026-06-23T15:35:11+03:00"} 
[2026-06-23 15:39:16] production.DEBUG: Bingwa dashboard airtime cache hydrated. {"user_id":1,"has_balance":true,"checked_at":"2026-06-23T15:35:11+03:00"} 
[2026-06-23 15:39:26] production.DEBUG: Bingwa dashboard airtime cache hydrated. {"user_id":1,"has_balance":true,"checked_at":"2026-06-23T15:35:11+03:00"} 
[2026-06-23 15:39:26] production.DEBUG: Bingwa dashboard airtime cache hydrated. {"user_id":1,"has_balance":true,"checked_at":"2026-06-23T15:35:11+03:00"} 
[2026-06-23 15:39:40] production.DEBUG: BackgroundTasks: found 4 schedule event(s)  
[2026-06-23 15:39:40] production.INFO: SchedulerManifest: event command='php' 'artisan' bingwa:heartbeat expression=*/15 * * * *  
[2026-06-23 15:39:40] production.INFO: SchedulerManifest: event command='php' 'artisan' bingwa:sync-transactions expression=*/5 * * * *  
[2026-06-23 15:39:40] production.INFO: SchedulerManifest: event command='php' 'artisan' bingwa:process-auto-renewals expression=*/5 * * * *  
[2026-06-23 15:39:40] production.INFO: SchedulerManifest: event command='php' 'artisan' bingwa:fetch-airtime-balance expression=*/15 * * * *  
[2026-06-23 15:39:51] production.DEBUG: ⚡ Livewire: loadPlans triggered  
[2026-06-23 15:39:59] production.DEBUG: Bingwa transaction processing job dispatched. {"user_id":1} 
[2026-06-23 15:40:00] production.DEBUG: BackgroundTasks: found 4 schedule event(s)  
[2026-06-23 15:40:00] production.INFO: SchedulerManifest: event command='php' 'artisan' bingwa:heartbeat expression=*/15 * * * *  
[2026-06-23 15:40:00] production.INFO: SchedulerManifest: event command='php' 'artisan' bingwa:sync-transactions expression=*/5 * * * *  
[2026-06-23 15:40:00] production.INFO: SchedulerManifest: event command='php' 'artisan' bingwa:process-auto-renewals expression=*/5 * * * *  
[2026-06-23 15:40:00] production.INFO: SchedulerManifest: event command='php' 'artisan' bingwa:fetch-airtime-balance expression=*/15 * * * *  
[2026-06-23 15:40:00] production.DEBUG: Bingwa USSD processor job started. {"user_id":1,"flow_id":"bd836b27-d853-4664-aeb7-9c647475e770","attempt":1,"tries":3} 
[2026-06-23 15:40:00] production.INFO: 📤 USSD payload ready for job #2 {"code":"*180*5*2*0721553678*5*1#","mode":"express","sim_slot":1} 
[2026-06-23 15:40:00] production.DEBUG: Bingwa USSD processor claim result. {"user_id":1,"flow_id":"bd836b27-d853-4664-aeb7-9c647475e770","transaction_id":2,"claimed":true} 
[2026-06-23 15:40:00] production.INFO: 📡 [BRIDGE DISPATCH] Sending USSD to Android Hardware (Async) {"transaction_id":2,"code":"*180*5*2*0721553678*5*1#","sim_slot":1,"mode":"express","timeout_seconds":90} 
[2026-06-23 15:40:00] production.DEBUG: Bingwa USSD dispatch response received. {"flow_id":"bd836b27-d853-4664-aeb7-9c647475e770","transaction_id":"176","id":2,"response":"{\"success\":true,\"message\":\"Dispatched to hardware\"}"} 
[2026-06-23 15:40:00] production.DEBUG: Bingwa USSD bridge response decoded. {"flow_id":"bd836b27-d853-4664-aeb7-9c647475e770","transaction_id":"176","id":2,"success":true,"message":"Dispatched to hardware"} 
[2026-06-23 15:40:00] production.INFO: Bingwa USSD bridge accepted the dispatch. {"flow_id":"bd836b27-d853-4664-aeb7-9c647475e770","transaction_id":"176","id":2} 
[2026-06-23 15:40:00] production.DEBUG: Bingwa USSD processor dispatched transaction asynchronously. {"user_id":1,"flow_id":"bd836b27-d853-4664-aeb7-9c647475e770","transaction_id":2} 
[2026-06-23 15:40:00] production.DEBUG: Bingwa USSD processor job finished. {"user_id":1,"flow_id":"bd836b27-d853-4664-aeb7-9c647475e770","processed":1} 
[2026-06-23 15:40:00] production.DEBUG: BackgroundTasks: found 4 schedule event(s)  
[2026-06-23 15:40:00] production.INFO: SchedulerManifest: event command='php' 'artisan' bingwa:heartbeat expression=*/15 * * * *  
[2026-06-23 15:40:00] production.INFO: SchedulerManifest: event command='php' 'artisan' bingwa:sync-transactions expression=*/5 * * * *  
[2026-06-23 15:40:00] production.INFO: SchedulerManifest: event command='php' 'artisan' bingwa:process-auto-renewals expression=*/5 * * * *  
[2026-06-23 15:40:00] production.INFO: SchedulerManifest: event command='php' 'artisan' bingwa:fetch-airtime-balance expression=*/15 * * * *  
[2026-06-23 15:40:03] production.DEBUG: CompleteTransactionCommand started. {"component":"transaction_completion","transaction_id":2,"status":"failed","callback_token":"abb904c6-757f-4cff-8344-828aac2b0244"} 
[2026-06-23 15:40:03] production.DEBUG: Bingwa transaction completion started. {"transaction_id":2,"transaction_key":"176","status":"failed","callback_token":"abb904c6-757f-4cff-8344-828aac2b0244"} 
[2026-06-23 15:40:03] production.INFO: Auto-reply skipped because no active rule matched the transaction outcome. {"transaction_id":2,"status":"failed","trigger_condition":"already_recommended"} 
[2026-06-23 15:40:03] production.DEBUG: Queueing remote transaction status update. {"transaction_id":2,"remote_transaction_id":"176","status":"failed","user_id":1} 
[2026-06-23 15:40:03] production.DEBUG: Remote transaction status update job started. {"remote_transaction_id":"176","status":"failed","user_id":1,"executed_at":"2026-06-23T15:40:03+03:00"} 
[2026-06-23 15:40:04] production.DEBUG: Remote transaction status update response received. {"remote_transaction_id":"176","status":409,"body":"{\"error\":\"invalid_state\"}","payload":{"status":"failed","executed_at":"2026-06-23T15:40:03+03:00","ussd_response":"Recommendation failed. The customer 0721553678 has already been recommended. Kindly recommend to another customer. Thank you","execution_time_ms":380,"failure_code":"INVALID_RECIPIENT"}} 
[2026-06-23 15:40:04] production.WARNING: Autoreach backend returned 409 Conflict for transaction 176. Transaction might not be in dispatched/executing state. {"body":"{\"error\":\"invalid_state\"}","payload":{"status":"failed","executed_at":"2026-06-23T15:40:03+03:00","ussd_response":"Recommendation failed. The customer 0721553678 has already been recommended. Kindly recommend to another customer. Thank you","execution_time_ms":380,"failure_code":"INVALID_RECIPIENT"}} 
[2026-06-23 15:40:04] production.DEBUG: Remote transaction status update dispatched synchronously. {"transaction_id":2,"remote_transaction_id":"176","status":"failed"} 
[2026-06-23 15:40:04] production.DEBUG: Bingwa callback delivery recorded. {"transaction_id":2,"transaction_key":"176","callback_token":"abb904c6-757f-4cff-8344-828aac2b0244","status":"failed","message":"Recommendation failed. The customer 0721553678 has already been recommended. Kindly recommend to another customer. Thank you"} 
[2026-06-23 15:40:04] production.DEBUG: Bingwa transaction processing job dispatched. {"user_id":1} 
[2026-06-23 15:40:04] production.INFO: Bingwa transaction completion finished. {"transaction_id":2,"transaction_key":"176","status":"failed","callback_token":"abb904c6-757f-4cff-8344-828aac2b0244","message":"Recommendation failed. The customer 0721553678 has already been recommended. Kindly recommend to another customer. Thank you"} 
[2026-06-23 15:40:04] production.DEBUG: CompleteTransactionCommand finished. {"component":"transaction_completion","transaction_id":2,"status":"failed","completed":true} 
[2026-06-23 15:40:04] production.DEBUG: BackgroundTasks: found 4 schedule event(s)  
[2026-06-23 15:40:04] production.INFO: SchedulerManifest: event command='php' 'artisan' bingwa:heartbeat expression=*/15 * * * *  
[2026-06-23 15:40:04] production.INFO: SchedulerManifest: event command='php' 'artisan' bingwa:sync-transactions expression=*/5 * * * *  
[2026-06-23 15:40:04] production.INFO: SchedulerManifest: event command='php' 'artisan' bingwa:process-auto-renewals expression=*/5 * * * *  
[2026-06-23 15:40:04] production.INFO: SchedulerManifest: event command='php' 'artisan' bingwa:fetch-airtime-balance expression=*/15 * * * *  
[2026-06-23 15:40:04] production.DEBUG: Bingwa USSD processor job started. {"user_id":1,"flow_id":"f832dd7a-ade7-4159-a78c-e7f4a666a9ed","attempt":1,"tries":3} 
[2026-06-23 15:40:04] production.INFO: 📤 USSD payload ready for job #3 {"code":"*180*5*2*0721553678*5*1#","mode":"express","sim_slot":1} 
[2026-06-23 15:40:04] production.DEBUG: Bingwa USSD processor claim result. {"user_id":1,"flow_id":"f832dd7a-ade7-4159-a78c-e7f4a666a9ed","transaction_id":3,"claimed":true} 
[2026-06-23 15:40:04] production.INFO: 📡 [BRIDGE DISPATCH] Sending USSD to Android Hardware (Async) {"transaction_id":3,"code":"*180*5*2*0721553678*5*1#","sim_slot":1,"mode":"express","timeout_seconds":90} 
[2026-06-23 15:40:04] production.DEBUG: Bingwa USSD dispatch response received. {"flow_id":"f832dd7a-ade7-4159-a78c-e7f4a666a9ed","transaction_id":"177","id":3,"response":"{\"success\":true,\"message\":\"Dispatched to hardware\"}"} 
[2026-06-23 15:40:04] production.DEBUG: Bingwa USSD bridge response decoded. {"flow_id":"f832dd7a-ade7-4159-a78c-e7f4a666a9ed","transaction_id":"177","id":3,"success":true,"message":"Dispatched to hardware"} 
[2026-06-23 15:40:04] production.INFO: Bingwa USSD bridge accepted the dispatch. {"flow_id":"f832dd7a-ade7-4159-a78c-e7f4a666a9ed","transaction_id":"177","id":3} 
[2026-06-23 15:40:04] production.DEBUG: Bingwa USSD processor dispatched transaction asynchronously. {"user_id":1,"flow_id":"f832dd7a-ade7-4159-a78c-e7f4a666a9ed","transaction_id":3} 
[2026-06-23 15:40:04] production.DEBUG: Bingwa USSD processor job finished. {"user_id":1,"flow_id":"f832dd7a-ade7-4159-a78c-e7f4a666a9ed","processed":1} 
[2026-06-23 15:40:04] production.DEBUG: BackgroundTasks: found 4 schedule event(s)  
[2026-06-23 15:40:04] production.INFO: SchedulerManifest: event command='php' 'artisan' bingwa:heartbeat expression=*/15 * * * *  
[2026-06-23 15:40:04] production.INFO: SchedulerManifest: event command='php' 'artisan' bingwa:sync-transactions expression=*/5 * * * *  
[2026-06-23 15:40:04] production.INFO: SchedulerManifest: event command='php' 'artisan' bingwa:process-auto-renewals expression=*/5 * * * *  
[2026-06-23 15:40:04] production.INFO: SchedulerManifest: event command='php' 'artisan' bingwa:fetch-airtime-balance expression=*/15 * * * *  
[2026-06-23 15:40:07] production.DEBUG: CompleteTransactionCommand started. {"component":"transaction_completion","transaction_id":3,"status":"failed","callback_token":"c8a3cc10-6f8b-44f6-b843-6d3a01f71ced"} 
[2026-06-23 15:40:07] production.DEBUG: Bingwa transaction completion started. {"transaction_id":3,"transaction_key":"177","status":"failed","callback_token":"c8a3cc10-6f8b-44f6-b843-6d3a01f71ced"} 
[2026-06-23 15:40:07] production.INFO: Auto-reply skipped because no active rule matched the transaction outcome. {"transaction_id":3,"status":"failed","trigger_condition":"already_recommended"} 
[2026-06-23 15:40:07] production.DEBUG: Queueing remote transaction status update. {"transaction_id":3,"remote_transaction_id":"177","status":"failed","user_id":1} 
[2026-06-23 15:40:07] production.DEBUG: Remote transaction status update job started. {"remote_transaction_id":"177","status":"failed","user_id":1,"executed_at":"2026-06-23T15:40:07+03:00"} 
[2026-06-23 15:40:07] production.DEBUG: Remote transaction status update response received. {"remote_transaction_id":"177","status":409,"body":"{\"error\":\"invalid_state\"}","payload":{"status":"failed","executed_at":"2026-06-23T15:40:07+03:00","ussd_response":"Recommendation failed. The customer 0721553678 has already been recommended. Kindly recommend to another customer. Thank you","execution_time_ms":47,"failure_code":"INVALID_RECIPIENT"}} 
[2026-06-23 15:40:07] production.WARNING: Autoreach backend returned 409 Conflict for transaction 177. Transaction might not be in dispatched/executing state. {"body":"{\"error\":\"invalid_state\"}","payload":{"status":"failed","executed_at":"2026-06-23T15:40:07+03:00","ussd_response":"Recommendation failed. The customer 0721553678 has already been recommended. Kindly recommend to another customer. Thank you","execution_time_ms":47,"failure_code":"INVALID_RECIPIENT"}} 
[2026-06-23 15:40:07] production.DEBUG: Remote transaction status update dispatched synchronously. {"transaction_id":3,"remote_transaction_id":"177","status":"failed"} 
[2026-06-23 15:40:07] production.DEBUG: Bingwa callback delivery recorded. {"transaction_id":3,"transaction_key":"177","callback_token":"c8a3cc10-6f8b-44f6-b843-6d3a01f71ced","status":"failed","message":"Recommendation failed. The customer 0721553678 has already been recommended. Kindly recommend to another customer. Thank you"} 
[2026-06-23 15:40:07] production.DEBUG: Bingwa transaction processing job dispatched. {"user_id":1} 
[2026-06-23 15:40:07] production.INFO: Bingwa transaction completion finished. {"transaction_id":3,"transaction_key":"177","status":"failed","callback_token":"c8a3cc10-6f8b-44f6-b843-6d3a01f71ced","message":"Recommendation failed. The customer 0721553678 has already been recommended. Kindly recommend to another customer. Thank you"} 
[2026-06-23 15:40:07] production.DEBUG: CompleteTransactionCommand finished. {"component":"transaction_completion","transaction_id":3,"status":"failed","completed":true} 
[2026-06-23 15:40:08] production.DEBUG: BackgroundTasks: found 4 schedule event(s)  
[2026-06-23 15:40:08] production.INFO: SchedulerManifest: event command='php' 'artisan' bingwa:heartbeat expression=*/15 * * * *  
[2026-06-23 15:40:08] production.INFO: SchedulerManifest: event command='php' 'artisan' bingwa:sync-transactions expression=*/5 * * * *  
[2026-06-23 15:40:08] production.INFO: SchedulerManifest: event command='php' 'artisan' bingwa:process-auto-renewals expression=*/5 * * * *  
[2026-06-23 15:40:08] production.INFO: SchedulerManifest: event command='php' 'artisan' bingwa:fetch-airtime-balance expression=*/15 * * * *  
[2026-06-23 15:40:08] production.DEBUG: Bingwa USSD processor job started. {"user_id":1,"flow_id":"93d2c1c7-f491-4d57-8cf5-6cfd2e713d95","attempt":1,"tries":3} 
[2026-06-23 15:40:08] production.DEBUG: Bingwa USSD processor found no queued transaction. {"user_id":1,"flow_id":"93d2c1c7-f491-4d57-8cf5-6cfd2e713d95"} 
[2026-06-23 15:40:08] production.DEBUG: Bingwa USSD processor job finished. {"user_id":1,"flow_id":"93d2c1c7-f491-4d57-8cf5-6cfd2e713d95","processed":0} 
[2026-06-23 15:40:09] production.DEBUG: BackgroundTasks: found 4 schedule event(s)  
[2026-06-23 15:40:09] production.INFO: SchedulerManifest: event command='php' 'artisan' bingwa:heartbeat expression=*/15 * * * *  
[2026-06-23 15:40:09] production.INFO: SchedulerManifest: event command='php' 'artisan' bingwa:sync-transactions expression=*/5 * * * *  
[2026-06-23 15:40:09] production.INFO: SchedulerManifest: event command='php' 'artisan' bingwa:process-auto-renewals expression=*/5 * * * *  
[2026-06-23 15:40:09] production.INFO: SchedulerManifest: event command='php' 'artisan' bingwa:fetch-airtime-balance expression=*/15 * * * *  
[2026-06-23 15:40:13] production.DEBUG: Bingwa dashboard mount started. {"user_id":1} 
[2026-06-23 15:40:13] production.DEBUG: Bingwa dashboard airtime cache hydrated. {"user_id":1,"has_balance":true,"checked_at":"2026-06-23T15:35:11+03:00"} 
[2026-06-23 15:40:13] production.DEBUG: Bingwa dashboard airtime response ready. {"user_id":1,"balance":483.52,"checked_at":"23 Jun, 15:35"} 
[2026-06-23 15:40:19] production.DEBUG: Bingwa dashboard airtime cache hydrated. {"user_id":1,"has_balance":true,"checked_at":"2026-06-23T15:35:11+03:00"} 
[2026-06-23 15:40:19] production.DEBUG: Bingwa dashboard airtime cache hydrated. {"user_id":1,"has_balance":true,"checked_at":"2026-06-23T15:35:11+03:00"} 
[2026-06-23 15:40:51] production.DEBUG: Bingwa dashboard mount started. {"user_id":1} 
[2026-06-23 15:40:51] production.DEBUG: Bingwa dashboard airtime cache hydrated. {"user_id":1,"has_balance":true,"checked_at":"2026-06-23T15:35:11+03:00"} 
[2026-06-23 15:40:51] production.DEBUG: Bingwa dashboard airtime response ready. {"user_id":1,"balance":483.52,"checked_at":"23 Jun, 15:35"} 
[2026-06-23 15:40:52] production.DEBUG: BackgroundTasks: found 4 schedule event(s)  
[2026-06-23 15:40:52] production.INFO: SchedulerManifest: event command='php' 'artisan' bingwa:heartbeat expression=*/15 * * * *  
[2026-06-23 15:40:52] production.INFO: SchedulerManifest: event command='php' 'artisan' bingwa:sync-transactions expression=*/5 * * * *  
[2026-06-23 15:40:52] production.INFO: SchedulerManifest: event command='php' 'artisan' bingwa:process-auto-renewals expression=*/5 * * * *  
[2026-06-23 15:40:52] production.INFO: SchedulerManifest: event command='php' 'artisan' bingwa:fetch-airtime-balance expression=*/15 * * * *  
[2026-06-23 15:40:52] production.DEBUG: Subscription plans prefetch job started. {"component":"plans_prefetch","user_id":1} 
[2026-06-23 15:40:52] production.DEBUG: Subscription plans prefetch job completed successfully. {"component":"plans_prefetch","user_id":1} 
[2026-06-23 15:40:52] production.DEBUG: BackgroundTasks: found 4 schedule event(s)  
[2026-06-23 15:40:52] production.INFO: SchedulerManifest: event command='php' 'artisan' bingwa:heartbeat expression=*/15 * * * *  
[2026-06-23 15:40:52] production.INFO: SchedulerManifest: event command='php' 'artisan' bingwa:sync-transactions expression=*/5 * * * *  
[2026-06-23 15:40:52] production.INFO: SchedulerManifest: event command='php' 'artisan' bingwa:process-auto-renewals expression=*/5 * * * *  
[2026-06-23 15:40:52] production.INFO: SchedulerManifest: event command='php' 'artisan' bingwa:fetch-airtime-balance expression=*/15 * * * *  
[2026-06-23 15:41:03] production.DEBUG: BackgroundTasks: found 4 schedule event(s)  
[2026-06-23 15:41:03] production.INFO: SchedulerManifest: event command='php' 'artisan' bingwa:heartbeat expression=*/15 * * * *  
[2026-06-23 15:41:03] production.INFO: SchedulerManifest: event command='php' 'artisan' bingwa:sync-transactions expression=*/5 * * * *  
[2026-06-23 15:41:03] production.INFO: SchedulerManifest: event command='php' 'artisan' bingwa:process-auto-renewals expression=*/5 * * * *  
[2026-06-23 15:41:03] production.INFO: SchedulerManifest: event command='php' 'artisan' bingwa:fetch-airtime-balance expression=*/15 * * * *  
[2026-06-23 15:41:05] production.DEBUG: Bingwa dashboard mount started. {"user_id":1} 
[2026-06-23 15:41:05] production.DEBUG: Bingwa dashboard airtime cache hydrated. {"user_id":1,"has_balance":true,"checked_at":"2026-06-23T15:35:11+03:00"} 
[2026-06-23 15:41:05] production.DEBUG: Bingwa dashboard airtime response ready. {"user_id":1,"balance":483.52,"checked_at":"23 Jun, 15:35"} 
[2026-06-23 15:41:10] production.DEBUG: Bingwa dashboard airtime cache hydrated. {"user_id":1,"has_balance":true,"checked_at":"2026-06-23T15:35:11+03:00"} 
[2026-06-23 15:41:10] production.DEBUG: Bingwa dashboard airtime cache hydrated. {"user_id":1,"has_balance":true,"checked_at":"2026-06-23T15:35:11+03:00"} 
[2026-06-23 15:41:20] production.DEBUG: Bingwa dashboard mount started. {"user_id":1} 
[2026-06-23 15:41:20] production.DEBUG: Bingwa dashboard airtime cache hydrated. {"user_id":1,"has_balance":true,"checked_at":"2026-06-23T15:35:11+03:00"} 
[2026-06-23 15:41:20] production.DEBUG: Bingwa dashboard airtime response ready. {"user_id":1,"balance":483.52,"checked_at":"23 Jun, 15:35"} 
[2026-06-23 15:41:26] production.DEBUG: Bingwa dashboard airtime cache hydrated. {"user_id":1,"has_balance":true,"checked_at":"2026-06-23T15:35:11+03:00"} 
[2026-06-23 15:41:26] production.DEBUG: Bingwa dashboard airtime cache hydrated. {"user_id":1,"has_balance":true,"checked_at":"2026-06-23T15:35:11+03:00"} 
[2026-06-23 15:41:31] production.DEBUG: Bingwa dashboard airtime cache hydrated. {"user_id":1,"has_balance":true,"checked_at":"2026-06-23T15:35:11+03:00"} 
[2026-06-23 15:41:31] production.DEBUG: Bingwa dashboard airtime cache hydrated. {"user_id":1,"has_balance":true,"checked_at":"2026-06-23T15:35:11+03:00"} 
[2026-06-23 15:41:36] production.DEBUG: Bingwa dashboard airtime cache hydrated. {"user_id":1,"has_balance":true,"checked_at":"2026-06-23T15:35:11+03:00"} 
[2026-06-23 15:41:36] production.DEBUG: Bingwa dashboard airtime cache hydrated. {"user_id":1,"has_balance":true,"checked_at":"2026-06-23T15:35:11+03:00"} 
[2026-06-23 15:41:37] production.DEBUG: BackgroundTasks: found 4 schedule event(s)  
[2026-06-23 15:41:37] production.INFO: SchedulerManifest: event command='php' 'artisan' bingwa:heartbeat expression=*/15 * * * *  
[2026-06-23 15:41:37] production.INFO: SchedulerManifest: event command='php' 'artisan' bingwa:sync-transactions expression=*/5 * * * *  
[2026-06-23 15:41:37] production.INFO: SchedulerManifest: event command='php' 'artisan' bingwa:process-auto-renewals expression=*/5 * * * *  
[2026-06-23 15:41:37] production.INFO: SchedulerManifest: event command='php' 'artisan' bingwa:fetch-airtime-balance expression=*/15 * * * *  
[2026-06-23 15:41:37] production.DEBUG: Subscription plans prefetch job started. {"component":"plans_prefetch","user_id":1} 
[2026-06-23 15:41:37] production.DEBUG: Subscription plans prefetch job completed successfully. {"component":"plans_prefetch","user_id":1} 
[2026-06-23 15:41:37] production.DEBUG: BackgroundTasks: found 4 schedule event(s)  
[2026-06-23 15:41:37] production.INFO: SchedulerManifest: event command='php' 'artisan' bingwa:heartbeat expression=*/15 * * * *  
[2026-06-23 15:41:37] production.INFO: SchedulerManifest: event command='php' 'artisan' bingwa:sync-transactions expression=*/5 * * * *  
[2026-06-23 15:41:37] production.INFO: SchedulerManifest: event command='php' 'artisan' bingwa:process-auto-renewals expression=*/5 * * * *  
[2026-06-23 15:41:37] production.INFO: SchedulerManifest: event command='php' 'artisan' bingwa:fetch-airtime-balance expression=*/15 * * * *  
[2026-06-23 15:41:41] production.DEBUG: Bingwa dashboard airtime cache hydrated. {"user_id":1,"has_balance":true,"checked_at":"2026-06-23T15:35:11+03:00"} 
[2026-06-23 15:41:41] production.DEBUG: Bingwa dashboard airtime cache hydrated. {"user_id":1,"has_balance":true,"checked_at":"2026-06-23T15:35:11+03:00"} 
[2026-06-23 15:41:41] production.DEBUG: BackgroundTasks: found 4 schedule event(s)  
[2026-06-23 15:41:41] production.INFO: SchedulerManifest: event command='php' 'artisan' bingwa:heartbeat expression=*/15 * * * *  
[2026-06-23 15:41:41] production.INFO: SchedulerManifest: event command='php' 'artisan' bingwa:sync-transactions expression=*/5 * * * *  
[2026-06-23 15:41:41] production.INFO: SchedulerManifest: event command='php' 'artisan' bingwa:process-auto-renewals expression=*/5 * * * *  
[2026-06-23 15:41:41] production.INFO: SchedulerManifest: event command='php' 'artisan' bingwa:fetch-airtime-balance expression=*/15 * * * *  
[2026-06-23 15:41:41] production.DEBUG: ProcessIncomingSmsCommand started. {"component":"incoming_sms","payload_length":322} 
[2026-06-23 15:41:41] production.DEBUG: Bingwa transaction processing job dispatched. {"user_id":1} 
[2026-06-23 15:41:41] production.DEBUG: ProcessIncomingSmsCommand completed. {"component":"incoming_sms","result":{"status":"queued","mpesa_code":"31TRES23AC1WA","transaction_id":4}} 
[2026-06-23 15:41:41] production.DEBUG: BackgroundTasks: found 4 schedule event(s)  
[2026-06-23 15:41:42] production.INFO: SchedulerManifest: event command='php' 'artisan' bingwa:heartbeat expression=*/15 * * * *  
[2026-06-23 15:41:42] production.INFO: SchedulerManifest: event command='php' 'artisan' bingwa:sync-transactions expression=*/5 * * * *  
[2026-06-23 15:41:42] production.INFO: SchedulerManifest: event command='php' 'artisan' bingwa:process-auto-renewals expression=*/5 * * * *  
[2026-06-23 15:41:42] production.INFO: SchedulerManifest: event command='php' 'artisan' bingwa:fetch-airtime-balance expression=*/15 * * * *  
[2026-06-23 15:41:42] production.DEBUG: Bingwa USSD processor job started. {"user_id":1,"flow_id":"c35147ce-e5f1-44fa-9b5c-14a8b1f906ae","attempt":1,"tries":3} 
[2026-06-23 15:41:42] production.INFO: 📤 USSD payload ready for job #4 {"code":"*180*5*2*0721553678*5*1#","mode":"express","sim_slot":1} 
[2026-06-23 15:41:42] production.DEBUG: Bingwa USSD processor claim result. {"user_id":1,"flow_id":"c35147ce-e5f1-44fa-9b5c-14a8b1f906ae","transaction_id":4,"claimed":true} 
[2026-06-23 15:41:42] production.INFO: 📡 [BRIDGE DISPATCH] Sending USSD to Android Hardware (Async) {"transaction_id":4,"code":"*180*5*2*0721553678*5*1#","sim_slot":1,"mode":"express","timeout_seconds":90} 
[2026-06-23 15:41:42] production.DEBUG: Bingwa USSD dispatch response received. {"flow_id":"c35147ce-e5f1-44fa-9b5c-14a8b1f906ae","transaction_id":"SMS-31TRES23AC1WA","id":4,"response":"{\"success\":true,\"message\":\"Dispatched to hardware\"}"} 
[2026-06-23 15:41:42] production.DEBUG: Bingwa USSD bridge response decoded. {"flow_id":"c35147ce-e5f1-44fa-9b5c-14a8b1f906ae","transaction_id":"SMS-31TRES23AC1WA","id":4,"success":true,"message":"Dispatched to hardware"} 
[2026-06-23 15:41:42] production.INFO: Bingwa USSD bridge accepted the dispatch. {"flow_id":"c35147ce-e5f1-44fa-9b5c-14a8b1f906ae","transaction_id":"SMS-31TRES23AC1WA","id":4} 
[2026-06-23 15:41:42] production.DEBUG: Bingwa USSD processor dispatched transaction asynchronously. {"user_id":1,"flow_id":"c35147ce-e5f1-44fa-9b5c-14a8b1f906ae","transaction_id":4} 
[2026-06-23 15:41:42] production.DEBUG: Bingwa USSD processor job finished. {"user_id":1,"flow_id":"c35147ce-e5f1-44fa-9b5c-14a8b1f906ae","processed":1} 
[2026-06-23 15:41:42] production.DEBUG: BackgroundTasks: found 4 schedule event(s)  
[2026-06-23 15:41:42] production.INFO: SchedulerManifest: event command='php' 'artisan' bingwa:heartbeat expression=*/15 * * * *  
[2026-06-23 15:41:42] production.INFO: SchedulerManifest: event command='php' 'artisan' bingwa:sync-transactions expression=*/5 * * * *  
[2026-06-23 15:41:42] production.INFO: SchedulerManifest: event command='php' 'artisan' bingwa:process-auto-renewals expression=*/5 * * * *  
[2026-06-23 15:41:42] production.INFO: SchedulerManifest: event command='php' 'artisan' bingwa:fetch-airtime-balance expression=*/15 * * * *  
[2026-06-23 15:41:44] production.DEBUG: CompleteTransactionCommand started. {"component":"transaction_completion","transaction_id":4,"status":"failed","callback_token":"b5493b29-c8a5-4f80-ba33-ced70e6e2431"} 
[2026-06-23 15:41:44] production.DEBUG: Bingwa transaction completion started. {"transaction_id":4,"transaction_key":"SMS-31TRES23AC1WA","status":"failed","callback_token":"b5493b29-c8a5-4f80-ba33-ced70e6e2431"} 
[2026-06-23 15:41:44] production.INFO: Auto-reply skipped because no active rule matched the transaction outcome. {"transaction_id":4,"status":"failed","trigger_condition":"already_recommended"} 
[2026-06-23 15:41:44] production.DEBUG: Skipping remote status update queue. {"transaction_id":4,"remote_transaction_id":"SMS-31TRES23AC1WA","status":"failed","is_local_only":true,"has_device_token":true} 
[2026-06-23 15:41:44] production.DEBUG: Bingwa callback delivery recorded. {"transaction_id":4,"transaction_key":"SMS-31TRES23AC1WA","callback_token":"b5493b29-c8a5-4f80-ba33-ced70e6e2431","status":"failed","message":"Recommendation failed. The customer 0721553678 has already been recommended. Kindly recommend to another customer. Thank you"} 
[2026-06-23 15:41:44] production.DEBUG: Bingwa transaction processing job dispatched. {"user_id":1} 
[2026-06-23 15:41:44] production.INFO: Bingwa transaction completion finished. {"transaction_id":4,"transaction_key":"SMS-31TRES23AC1WA","status":"failed","callback_token":"b5493b29-c8a5-4f80-ba33-ced70e6e2431","message":"Recommendation failed. The customer 0721553678 has already been recommended. Kindly recommend to another customer. Thank you"} 
[2026-06-23 15:41:44] production.DEBUG: CompleteTransactionCommand finished. {"component":"transaction_completion","transaction_id":4,"status":"failed","completed":true} 
[2026-06-23 15:41:46] production.DEBUG: Bingwa dashboard airtime cache hydrated. {"user_id":1,"has_balance":true,"checked_at":"2026-06-23T15:35:11+03:00"} 
[2026-06-23 15:41:46] production.DEBUG: Bingwa dashboard airtime cache hydrated. {"user_id":1,"has_balance":true,"checked_at":"2026-06-23T15:35:11+03:00"} 
[2026-06-23 15:41:46] production.DEBUG: BackgroundTasks: found 4 schedule event(s)  
[2026-06-23 15:41:46] production.INFO: SchedulerManifest: event command='php' 'artisan' bingwa:heartbeat expression=*/15 * * * *  
[2026-06-23 15:41:46] production.INFO: SchedulerManifest: event command='php' 'artisan' bingwa:sync-transactions expression=*/5 * * * *  
[2026-06-23 15:41:46] production.INFO: SchedulerManifest: event command='php' 'artisan' bingwa:process-auto-renewals expression=*/5 * * * *  
[2026-06-23 15:41:46] production.INFO: SchedulerManifest: event command='php' 'artisan' bingwa:fetch-airtime-balance expression=*/15 * * * *  
[2026-06-23 15:41:46] production.DEBUG: Bingwa USSD processor job started. {"user_id":1,"flow_id":"0ec18985-9d8b-4d48-a8ca-30c08c12b0de","attempt":1,"tries":3} 
[2026-06-23 15:41:46] production.DEBUG: Bingwa USSD processor found no queued transaction. {"user_id":1,"flow_id":"0ec18985-9d8b-4d48-a8ca-30c08c12b0de"} 
[2026-06-23 15:41:46] production.DEBUG: Bingwa USSD processor job finished. {"user_id":1,"flow_id":"0ec18985-9d8b-4d48-a8ca-30c08c12b0de","processed":0} 
[2026-06-23 15:41:46] production.DEBUG: BackgroundTasks: found 4 schedule event(s)  
[2026-06-23 15:41:46] production.INFO: SchedulerManifest: event command='php' 'artisan' bingwa:heartbeat expression=*/15 * * * *  
[2026-06-23 15:41:46] production.INFO: SchedulerManifest: event command='php' 'artisan' bingwa:sync-transactions expression=*/5 * * * *  
[2026-06-23 15:41:46] production.INFO: SchedulerManifest: event command='php' 'artisan' bingwa:process-auto-renewals expression=*/5 * * * *  
[2026-06-23 15:41:46] production.INFO: SchedulerManifest: event command='php' 'artisan' bingwa:fetch-airtime-balance expression=*/15 * * * *  
[2026-06-23 15:41:51] production.DEBUG: Bingwa dashboard airtime cache hydrated. {"user_id":1,"has_balance":true,"checked_at":"2026-06-23T15:35:11+03:00"} 
[2026-06-23 15:41:51] production.DEBUG: Bingwa dashboard airtime cache hydrated. {"user_id":1,"has_balance":true,"checked_at":"2026-06-23T15:35:11+03:00"} 
[2026-06-23 15:41:56] production.DEBUG: Bingwa dashboard airtime cache hydrated. {"user_id":1,"has_balance":true,"checked_at":"2026-06-23T15:35:11+03:00"} 
[2026-06-23 15:41:56] production.DEBUG: Bingwa dashboard airtime cache hydrated. {"user_id":1,"has_balance":true,"checked_at":"2026-06-23T15:35:11+03:00"} 
[2026-06-23 15:42:01] production.DEBUG: Bingwa dashboard airtime cache hydrated. {"user_id":1,"has_balance":true,"checked_at":"2026-06-23T15:35:11+03:00"} 
[2026-06-23 15:42:01] production.DEBUG: Bingwa dashboard airtime cache hydrated. {"user_id":1,"has_balance":true,"checked_at":"2026-06-23T15:35:11+03:00"} 
[2026-06-23 15:42:06] production.DEBUG: Bingwa dashboard airtime cache hydrated. {"user_id":1,"has_balance":true,"checked_at":"2026-06-23T15:35:11+03:00"} 
[2026-06-23 15:42:06] production.DEBUG: Bingwa dashboard airtime cache hydrated. {"user_id":1,"has_balance":true,"checked_at":"2026-06-23T15:35:11+03:00"} 
[2026-06-23 15:42:20] production.DEBUG: BackgroundTasks: found 4 schedule event(s)  
[2026-06-23 15:42:20] production.INFO: SchedulerManifest: event command='php' 'artisan' bingwa:heartbeat expression=*/15 * * * *  
[2026-06-23 15:42:20] production.INFO: SchedulerManifest: event command='php' 'artisan' bingwa:sync-transactions expression=*/5 * * * *  
[2026-06-23 15:42:20] production.INFO: SchedulerManifest: event command='php' 'artisan' bingwa:process-auto-renewals expression=*/5 * * * *  
[2026-06-23 15:42:20] production.INFO: SchedulerManifest: event command='php' 'artisan' bingwa:fetch-airtime-balance expression=*/15 * * * *  
[2026-06-23 15:42:54] production.DEBUG: BackgroundTasks: found 4 schedule event(s)  
[2026-06-23 15:42:54] production.INFO: SchedulerManifest: event command='php' 'artisan' bingwa:heartbeat expression=*/15 * * * *  
[2026-06-23 15:42:54] production.INFO: SchedulerManifest: event command='php' 'artisan' bingwa:sync-transactions expression=*/5 * * * *  
[2026-06-23 15:42:54] production.INFO: SchedulerManifest: event command='php' 'artisan' bingwa:process-auto-renewals expression=*/5 * * * *  
[2026-06-23 15:42:54] production.INFO: SchedulerManifest: event command='php' 'artisan' bingwa:fetch-airtime-balance expression=*/15 * * * *  
[2026-06-23 15:43:27] production.DEBUG: BackgroundTasks: found 4 schedule event(s)  
[2026-06-23 15:43:27] production.INFO: SchedulerManifest: event command='php' 'artisan' bingwa:heartbeat expression=*/15 * * * *  
[2026-06-23 15:43:27] production.INFO: SchedulerManifest: event command='php' 'artisan' bingwa:sync-transactions expression=*/5 * * * *  
[2026-06-23 15:43:27] production.INFO: SchedulerManifest: event command='php' 'artisan' bingwa:process-auto-renewals expression=*/5 * * * *  
[2026-06-23 15:43:27] production.INFO: SchedulerManifest: event command='php' 'artisan' bingwa:fetch-airtime-balance expression=*/15 * * * *  
[2026-06-23 15:44:01] production.DEBUG: BackgroundTasks: found 4 schedule event(s)  
[2026-06-23 15:44:01] production.INFO: SchedulerManifest: event command='php' 'artisan' bingwa:heartbeat expression=*/15 * * * *  
[2026-06-23 15:44:01] production.INFO: SchedulerManifest: event command='php' 'artisan' bingwa:sync-transactions expression=*/5 * * * *  
[2026-06-23 15:44:01] production.INFO: SchedulerManifest: event command='php' 'artisan' bingwa:process-auto-renewals expression=*/5 * * * *  
[2026-06-23 15:44:01] production.INFO: SchedulerManifest: event command='php' 'artisan' bingwa:fetch-airtime-balance expression=*/15 * * * *  
[2026-06-23 15:44:34] production.DEBUG: BackgroundTasks: found 4 schedule event(s)  
[2026-06-23 15:44:34] production.INFO: SchedulerManifest: event command='php' 'artisan' bingwa:heartbeat expression=*/15 * * * *  
[2026-06-23 15:44:34] production.INFO: SchedulerManifest: event command='php' 'artisan' bingwa:sync-transactions expression=*/5 * * * *  
[2026-06-23 15:44:34] production.INFO: SchedulerManifest: event command='php' 'artisan' bingwa:process-auto-renewals expression=*/5 * * * *  
[2026-06-23 15:44:34] production.INFO: SchedulerManifest: event command='php' 'artisan' bingwa:fetch-airtime-balance expression=*/15 * * * *  
[2026-06-23 15:45:08] production.DEBUG: BackgroundTasks: found 4 schedule event(s)  
[2026-06-23 15:45:08] production.INFO: SchedulerManifest: event command='php' 'artisan' bingwa:heartbeat expression=*/15 * * * *  
[2026-06-23 15:45:08] production.INFO: SchedulerManifest: event command='php' 'artisan' bingwa:sync-transactions expression=*/5 * * * *  
[2026-06-23 15:45:08] production.INFO: SchedulerManifest: event command='php' 'artisan' bingwa:process-auto-renewals expression=*/5 * * * *  
[2026-06-23 15:45:08] production.INFO: SchedulerManifest: event command='php' 'artisan' bingwa:fetch-airtime-balance expression=*/15 * * * *  
[2026-06-23 15:45:42] production.DEBUG: BackgroundTasks: found 4 schedule event(s)  
[2026-06-23 15:45:42] production.INFO: SchedulerManifest: event command='php' 'artisan' bingwa:heartbeat expression=*/15 * * * *  
[2026-06-23 15:45:42] production.INFO: SchedulerManifest: event command='php' 'artisan' bingwa:sync-transactions expression=*/5 * * * *  
[2026-06-23 15:45:42] production.INFO: SchedulerManifest: event command='php' 'artisan' bingwa:process-auto-renewals expression=*/5 * * * *  
[2026-06-23 15:45:42] production.INFO: SchedulerManifest: event command='php' 'artisan' bingwa:fetch-airtime-balance expression=*/15 * * * *  
[2026-06-23 15:46:15] production.DEBUG: BackgroundTasks: found 4 schedule event(s)  
[2026-06-23 15:46:15] production.INFO: SchedulerManifest: event command='php' 'artisan' bingwa:heartbeat expression=*/15 * * * *  
[2026-06-23 15:46:15] production.INFO: SchedulerManifest: event command='php' 'artisan' bingwa:sync-transactions expression=*/5 * * * *  
[2026-06-23 15:46:15] production.INFO: SchedulerManifest: event command='php' 'artisan' bingwa:process-auto-renewals expression=*/5 * * * *  
[2026-06-23 15:46:15] production.INFO: SchedulerManifest: event command='php' 'artisan' bingwa:fetch-airtime-balance expression=*/15 * * * *  
[2026-06-23 15:46:49] production.DEBUG: BackgroundTasks: found 4 schedule event(s)  
[2026-06-23 15:46:49] production.INFO: SchedulerManifest: event command='php' 'artisan' bingwa:heartbeat expression=*/15 * * * *  
[2026-06-23 15:46:49] production.INFO: SchedulerManifest: event command='php' 'artisan' bingwa:sync-transactions expression=*/5 * * * *  
[2026-06-23 15:46:49] production.INFO: SchedulerManifest: event command='php' 'artisan' bingwa:process-auto-renewals expression=*/5 * * * *  
[2026-06-23 15:46:49] production.INFO: SchedulerManifest: event command='php' 'artisan' bingwa:fetch-airtime-balance expression=*/15 * * * *  
[2026-06-23 15:46:59] production.DEBUG: Bingwa dashboard mount started. {"user_id":1} 
[2026-06-23 15:46:59] production.DEBUG: Bingwa dashboard airtime cache hydrated. {"user_id":1,"has_balance":true,"checked_at":"2026-06-23T15:35:11+03:00"} 
[2026-06-23 15:46:59] production.DEBUG: Bingwa dashboard airtime response ready. {"user_id":1,"balance":483.52,"checked_at":"23 Jun, 15:35"} 
[2026-06-23 15:47:04] production.DEBUG: Bingwa dashboard airtime cache hydrated. {"user_id":1,"has_balance":true,"checked_at":"2026-06-23T15:35:11+03:00"} 
[2026-06-23 15:47:04] production.DEBUG: Bingwa dashboard airtime cache hydrated. {"user_id":1,"has_balance":true,"checked_at":"2026-06-23T15:35:11+03:00"} 
[2026-06-23 15:47:09] production.DEBUG: Bingwa dashboard airtime cache hydrated. {"user_id":1,"has_balance":true,"checked_at":"2026-06-23T15:35:11+03:00"} 
[2026-06-23 15:47:09] production.DEBUG: Bingwa dashboard airtime cache hydrated. {"user_id":1,"has_balance":true,"checked_at":"2026-06-23T15:35:11+03:00"} 
[2026-06-23 15:47:14] production.DEBUG: Bingwa dashboard airtime cache hydrated. {"user_id":1,"has_balance":true,"checked_at":"2026-06-23T15:35:11+03:00"} 
[2026-06-23 15:47:14] production.DEBUG: Bingwa dashboard airtime cache hydrated. {"user_id":1,"has_balance":true,"checked_at":"2026-06-23T15:35:11+03:00"} 
[2026-06-23 15:47:20] production.DEBUG: Bingwa dashboard airtime cache hydrated. {"user_id":1,"has_balance":true,"checked_at":"2026-06-23T15:35:11+03:00"} 
[2026-06-23 15:47:20] production.DEBUG: Bingwa dashboard airtime cache hydrated. {"user_id":1,"has_balance":true,"checked_at":"2026-06-23T15:35:11+03:00"} 
[2026-06-23 15:47:22] production.DEBUG: BackgroundTasks: found 4 schedule event(s)  
[2026-06-23 15:47:22] production.INFO: SchedulerManifest: event command='php' 'artisan' bingwa:heartbeat expression=*/15 * * * *  
[2026-06-23 15:47:22] production.INFO: SchedulerManifest: event command='php' 'artisan' bingwa:sync-transactions expression=*/5 * * * *  
[2026-06-23 15:47:22] production.INFO: SchedulerManifest: event command='php' 'artisan' bingwa:process-auto-renewals expression=*/5 * * * *  
[2026-06-23 15:47:22] production.INFO: SchedulerManifest: event command='php' 'artisan' bingwa:fetch-airtime-balance expression=*/15 * * * *  
[2026-06-23 15:47:23] production.DEBUG: Subscription plans prefetch job started. {"component":"plans_prefetch","user_id":1} 
[2026-06-23 15:47:23] production.DEBUG: Subscription plans prefetch job completed successfully. {"component":"plans_prefetch","user_id":1} 
[2026-06-23 15:47:23] production.DEBUG: BackgroundTasks: found 4 schedule event(s)  
[2026-06-23 15:47:23] production.INFO: SchedulerManifest: event command='php' 'artisan' bingwa:heartbeat expression=*/15 * * * *  
[2026-06-23 15:47:23] production.INFO: SchedulerManifest: event command='php' 'artisan' bingwa:sync-transactions expression=*/5 * * * *  
[2026-06-23 15:47:23] production.INFO: SchedulerManifest: event command='php' 'artisan' bingwa:process-auto-renewals expression=*/5 * * * *  
[2026-06-23 15:47:23] production.INFO: SchedulerManifest: event command='php' 'artisan' bingwa:fetch-airtime-balance expression=*/15 * * * *  
[2026-06-23 15:47:24] production.DEBUG: Bingwa dashboard airtime cache hydrated. {"user_id":1,"has_balance":true,"checked_at":"2026-06-23T15:35:11+03:00"} 
[2026-06-23 15:47:24] production.DEBUG: Bingwa dashboard airtime cache hydrated. {"user_id":1,"has_balance":true,"checked_at":"2026-06-23T15:35:11+03:00"} 
[2026-06-23 15:47:56] production.DEBUG: BackgroundTasks: found 4 schedule event(s)  
[2026-06-23 15:47:56] production.INFO: SchedulerManifest: event command='php' 'artisan' bingwa:heartbeat expression=*/15 * * * *  
[2026-06-23 15:47:56] production.INFO: SchedulerManifest: event command='php' 'artisan' bingwa:sync-transactions expression=*/5 * * * *  
[2026-06-23 15:47:56] production.INFO: SchedulerManifest: event command='php' 'artisan' bingwa:process-auto-renewals expression=*/5 * * * *  
[2026-06-23 15:47:56] production.INFO: SchedulerManifest: event command='php' 'artisan' bingwa:fetch-airtime-balance expression=*/15 * * * *  
[2026-06-23 15:48:30] production.DEBUG: ⚡ Livewire: loadPlans triggered  
[2026-06-23 15:48:30] production.DEBUG: BackgroundTasks: found 4 schedule event(s)  
[2026-06-23 15:48:30] production.INFO: SchedulerManifest: event command='php' 'artisan' bingwa:heartbeat expression=*/15 * * * *  
[2026-06-23 15:48:30] production.INFO: SchedulerManifest: event command='php' 'artisan' bingwa:sync-transactions expression=*/5 * * * *  
[2026-06-23 15:48:30] production.INFO: SchedulerManifest: event command='php' 'artisan' bingwa:process-auto-renewals expression=*/5 * * * *  
[2026-06-23 15:48:30] production.INFO: SchedulerManifest: event command='php' 'artisan' bingwa:fetch-airtime-balance expression=*/15 * * * *  
[2026-06-23 15:49:04] production.DEBUG: BackgroundTasks: found 4 schedule event(s)  
[2026-06-23 15:49:04] production.INFO: SchedulerManifest: event command='php' 'artisan' bingwa:heartbeat expression=*/15 * * * *  
[2026-06-23 15:49:04] production.INFO: SchedulerManifest: event command='php' 'artisan' bingwa:sync-transactions expression=*/5 * * * *  
[2026-06-23 15:49:04] production.INFO: SchedulerManifest: event command='php' 'artisan' bingwa:process-auto-renewals expression=*/5 * * * *  
[2026-06-23 15:49:04] production.INFO: SchedulerManifest: event command='php' 'artisan' bingwa:fetch-airtime-balance expression=*/15 * * * *  
[2026-06-23 15:49:37] production.DEBUG: BackgroundTasks: found 4 schedule event(s)  
[2026-06-23 15:49:37] production.INFO: SchedulerManifest: event command='php' 'artisan' bingwa:heartbeat expression=*/15 * * * *  
[2026-06-23 15:49:37] production.INFO: SchedulerManifest: event command='php' 'artisan' bingwa:sync-transactions expression=*/5 * * * *  
[2026-06-23 15:49:37] production.INFO: SchedulerManifest: event command='php' 'artisan' bingwa:process-auto-renewals expression=*/5 * * * *  
[2026-06-23 15:49:37] production.INFO: SchedulerManifest: event command='php' 'artisan' bingwa:fetch-airtime-balance expression=*/15 * * * *  
[2026-06-23 15:49:59] production.DEBUG: BackgroundTasks: found 4 schedule event(s)  
[2026-06-23 15:49:59] production.INFO: SchedulerManifest: event command='php' 'artisan' bingwa:heartbeat expression=*/15 * * * *  
[2026-06-23 15:49:59] production.INFO: SchedulerManifest: event command='php' 'artisan' bingwa:sync-transactions expression=*/5 * * * *  
[2026-06-23 15:49:59] production.INFO: SchedulerManifest: event command='php' 'artisan' bingwa:process-auto-renewals expression=*/5 * * * *  
[2026-06-23 15:49:59] production.INFO: SchedulerManifest: event command='php' 'artisan' bingwa:fetch-airtime-balance expression=*/15 * * * *  
[2026-06-23 15:49:59] production.DEBUG: Bingwa heartbeat command dispatching job. {"user_id":1,"registration_id":1} 
[2026-06-23 15:49:59] production.INFO: Bingwa heartbeat job queued. {"user_id":1,"registration_id":1} 
[2026-06-23 15:49:59] production.DEBUG: BackgroundTasks: found 4 schedule event(s)  
[2026-06-23 15:49:59] production.INFO: SchedulerManifest: event command='php' 'artisan' bingwa:heartbeat expression=*/15 * * * *  
[2026-06-23 15:49:59] production.INFO: SchedulerManifest: event command='php' 'artisan' bingwa:sync-transactions expression=*/5 * * * *  
[2026-06-23 15:49:59] production.INFO: SchedulerManifest: event command='php' 'artisan' bingwa:process-auto-renewals expression=*/5 * * * *  
[2026-06-23 15:49:59] production.INFO: SchedulerManifest: event command='php' 'artisan' bingwa:fetch-airtime-balance expression=*/15 * * * *  
[2026-06-23 15:49:59] production.DEBUG: Auto-renewal processing command started. {"component":"auto_renewal"} 
[2026-06-23 15:50:00] production.DEBUG: Auto-renewal processing command dispatching jobs. {"component":"auto_renewal","user_id":1} 
[2026-06-23 15:50:00] production.DEBUG: Auto-renewal processing started. {"component":"auto_renewal","user_id":1} 
[2026-06-23 15:50:00] production.DEBUG: Bingwa transaction processing job dispatched. {"user_id":1} 
[2026-06-23 15:50:00] production.INFO: Auto-renewal processing command finished. {"queued":0,"rescheduled":0,"failed":0,"users":[],"component":"auto_renewal","user_id":1} 
[2026-06-23 15:50:00] production.DEBUG: BackgroundTasks: found 4 schedule event(s)  
[2026-06-23 15:50:00] production.INFO: SchedulerManifest: event command='php' 'artisan' bingwa:heartbeat expression=*/15 * * * *  
[2026-06-23 15:50:00] production.INFO: SchedulerManifest: event command='php' 'artisan' bingwa:sync-transactions expression=*/5 * * * *  
[2026-06-23 15:50:00] production.INFO: SchedulerManifest: event command='php' 'artisan' bingwa:process-auto-renewals expression=*/5 * * * *  
[2026-06-23 15:50:00] production.INFO: SchedulerManifest: event command='php' 'artisan' bingwa:fetch-airtime-balance expression=*/15 * * * *  
[2026-06-23 15:50:00] production.INFO: 🔄 Starting Bingwa transactions sync... {"command":"bingwa:sync-transactions"} 
[2026-06-23 15:50:00] production.DEBUG: Bingwa transactions sync dispatching background job.  
[2026-06-23 15:50:00] production.INFO: ✅ Sync job queued successfully. {"queued":true,"user_id":1} 
[2026-06-23 15:50:00] production.DEBUG: BackgroundTasks: found 4 schedule event(s)  
[2026-06-23 15:50:00] production.INFO: SchedulerManifest: event command='php' 'artisan' bingwa:heartbeat expression=*/15 * * * *  
[2026-06-23 15:50:00] production.INFO: SchedulerManifest: event command='php' 'artisan' bingwa:sync-transactions expression=*/5 * * * *  
[2026-06-23 15:50:00] production.INFO: SchedulerManifest: event command='php' 'artisan' bingwa:process-auto-renewals expression=*/5 * * * *  
[2026-06-23 15:50:00] production.INFO: SchedulerManifest: event command='php' 'artisan' bingwa:fetch-airtime-balance expression=*/15 * * * *  
[2026-06-23 15:50:01] production.INFO: Starting automated airtime balance refresh command... {"component":"airtime_balance","command":"bingwa:fetch-airtime-balance"} 
[2026-06-23 15:50:01] production.INFO: Dispatching RefreshAirtimeBalanceJob. {"component":"airtime_balance","user_id":1} 
[2026-06-23 15:50:01] production.DEBUG: BackgroundTasks: found 4 schedule event(s)  
[2026-06-23 15:50:01] production.INFO: SchedulerManifest: event command='php' 'artisan' bingwa:heartbeat expression=*/15 * * * *  
[2026-06-23 15:50:01] production.INFO: SchedulerManifest: event command='php' 'artisan' bingwa:sync-transactions expression=*/5 * * * *  
[2026-06-23 15:50:01] production.INFO: SchedulerManifest: event command='php' 'artisan' bingwa:process-auto-renewals expression=*/5 * * * *  
[2026-06-23 15:50:01] production.INFO: SchedulerManifest: event command='php' 'artisan' bingwa:fetch-airtime-balance expression=*/15 * * * *  
[2026-06-23 15:50:01] production.DEBUG: Bingwa FCM sync job started. {"component":"fcm_sync","user_id":1,"flow_id":"1b16c7c9-a805-42ed-a64a-960ef730e898","attempt":1,"tries":0} 
[2026-06-23 15:50:01] production.DEBUG: Bingwa FCM permission status checked in backend job. {"component":"fcm_sync","user_id":1,"flow_id":"1b16c7c9-a805-42ed-a64a-960ef730e898","permission_status":"granted"} 
[2026-06-23 15:50:01] production.DEBUG: Skipped PushNotifications::enroll() as RequestPermission is not available in this context (e.g. queue worker). {"component":"fcm_sync","user_id":1,"flow_id":"1b16c7c9-a805-42ed-a64a-960ef730e898"} 
[2026-06-23 15:50:01] production.DEBUG: Bingwa FCM token resolved in backend job. {"component":"fcm_sync","user_id":1,"flow_id":"1b16c7c9-a805-42ed-a64a-960ef730e898","token_hash":"4c79b2aace04d2145956a8fe45cb5229480abe9b30c1e09b3821ea760f674e99"} 
[2026-06-23 15:50:01] production.DEBUG: Bingwa FCM sync request started. {"user_id":1,"flow_id":"1b16c7c9-a805-42ed-a64a-960ef730e898","device_token_hash":"464ec13405960eb0","fcm_token_hash":"4c79b2aace04d214","url":"https://backend.statum.co.ke/api/v1/auth/device/fcm-token"} 
[2026-06-23 15:50:03] production.DEBUG: Bingwa FCM sync attempt completed. {"user_id":1,"flow_id":"1b16c7c9-a805-42ed-a64a-960ef730e898","attempt":1,"status":200} 
[2026-06-23 15:50:03] production.DEBUG: Bingwa FCM backend response received. {"user_id":1,"flow_id":"1b16c7c9-a805-42ed-a64a-960ef730e898","status":200,"body":{"status":"ok","message":"FCM token updated.","device_id":31}} 
[2026-06-23 15:50:03] production.DEBUG: Bingwa FCM token sync completed successfully. {"user_id":1,"flow_id":"1b16c7c9-a805-42ed-a64a-960ef730e898","device_id":31} 
[2026-06-23 15:50:03] production.DEBUG: Bingwa FCM backend POST confirmed. {"user_id":1,"flow_id":"1b16c7c9-a805-42ed-a64a-960ef730e898","device_id":31} 
[2026-06-23 15:50:03] production.DEBUG: Bingwa FCM sync job completed successfully. {"component":"fcm_sync","user_id":1,"flow_id":"1b16c7c9-a805-42ed-a64a-960ef730e898"} 
[2026-06-23 15:50:03] production.DEBUG: BackgroundTasks: found 4 schedule event(s)  
[2026-06-23 15:50:03] production.INFO: SchedulerManifest: event command='php' 'artisan' bingwa:heartbeat expression=*/15 * * * *  
[2026-06-23 15:50:03] production.INFO: SchedulerManifest: event command='php' 'artisan' bingwa:sync-transactions expression=*/5 * * * *  
[2026-06-23 15:50:03] production.INFO: SchedulerManifest: event command='php' 'artisan' bingwa:process-auto-renewals expression=*/5 * * * *  
[2026-06-23 15:50:03] production.INFO: SchedulerManifest: event command='php' 'artisan' bingwa:fetch-airtime-balance expression=*/15 * * * *  
[2026-06-23 15:50:04] production.DEBUG: Bingwa heartbeat job started. {"component":"heartbeat","user_id":1} 
[2026-06-23 15:50:04] production.INFO: Bingwa heartbeat request starting. {"component":"heartbeat","user_id":1,"registration_id":1,"backend_device_id":31,"base_url":"https://backend.statum.co.ke"} 
[2026-06-23 15:50:05] production.INFO: Bingwa heartbeat accepted by backend. {"component":"heartbeat","user_id":1,"registration_id":1,"backend_device_id":31,"status":200,"response_body":"{\"status\":\"ok\",\"heartbeat_interval_seconds\":300,\"server_time\":\"2026-06-23T15:50:04+03:00\"}","recorded_at":"2026-06-23T12:50:05.363241Z"} 
[2026-06-23 15:50:05] production.DEBUG: Bingwa heartbeat job finished. {"component":"heartbeat","user_id":1,"sent":true} 
[2026-06-23 15:50:05] production.DEBUG: BackgroundTasks: found 4 schedule event(s)  
[2026-06-23 15:50:05] production.INFO: SchedulerManifest: event command='php' 'artisan' bingwa:heartbeat expression=*/15 * * * *  
[2026-06-23 15:50:05] production.INFO: SchedulerManifest: event command='php' 'artisan' bingwa:sync-transactions expression=*/5 * * * *  
[2026-06-23 15:50:05] production.INFO: SchedulerManifest: event command='php' 'artisan' bingwa:process-auto-renewals expression=*/5 * * * *  
[2026-06-23 15:50:05] production.INFO: SchedulerManifest: event command='php' 'artisan' bingwa:fetch-airtime-balance expression=*/15 * * * *  
[2026-06-23 15:50:06] production.DEBUG: Bingwa USSD processor job started. {"user_id":1,"flow_id":"ce5427b6-7681-464f-b52f-bde002cf5729","attempt":1,"tries":3} 
[2026-06-23 15:50:06] production.DEBUG: Bingwa USSD processor found no queued transaction. {"user_id":1,"flow_id":"ce5427b6-7681-464f-b52f-bde002cf5729"} 
[2026-06-23 15:50:06] production.DEBUG: Bingwa USSD processor job finished. {"user_id":1,"flow_id":"ce5427b6-7681-464f-b52f-bde002cf5729","processed":0} 
[2026-06-23 15:50:06] production.DEBUG: BackgroundTasks: found 4 schedule event(s)  
[2026-06-23 15:50:06] production.INFO: SchedulerManifest: event command='php' 'artisan' bingwa:heartbeat expression=*/15 * * * *  
[2026-06-23 15:50:06] production.INFO: SchedulerManifest: event command='php' 'artisan' bingwa:sync-transactions expression=*/5 * * * *  
[2026-06-23 15:50:06] production.INFO: SchedulerManifest: event command='php' 'artisan' bingwa:process-auto-renewals expression=*/5 * * * *  
[2026-06-23 15:50:06] production.INFO: SchedulerManifest: event command='php' 'artisan' bingwa:fetch-airtime-balance expression=*/15 * * * *  
[2026-06-23 15:50:06] production.DEBUG: Bingwa transaction sync job started. {"component":"transaction_sync","user_id":1,"push_data":[],"unique_id":"bingwa-sync-transactions:1"} 
[2026-06-23 15:50:06] production.DEBUG: Bingwa transaction sync started. {"component":"transaction_sync","user_id":1,"limit":10,"only_service":null,"registration_id":1,"backend_device_id":31} 
[2026-06-23 15:50:07] production.INFO: Bingwa transaction sync endpoint response received. {"component":"transaction_sync","user_id":1,"endpoint":"data_bundles","url":"https://backend.statum.co.ke/api/v1/jobs/next/data_bundles","status":204,"response_body":""} 
[2026-06-23 15:50:07] production.INFO: Bingwa transaction sync endpoint response received. {"component":"transaction_sync","user_id":1,"endpoint":"sms","url":"https://backend.statum.co.ke/api/v1/jobs/next/sms","status":204,"response_body":""} 
[2026-06-23 15:50:07] production.INFO: Bingwa transaction sync endpoint response received. {"component":"transaction_sync","user_id":1,"endpoint":"airtime","url":"https://backend.statum.co.ke/api/v1/jobs/next/airtime","status":204,"response_body":""} 
[2026-06-23 15:50:07] production.DEBUG: Bingwa transaction sync finished fetching jobs. {"component":"transaction_sync","user_id":1,"synced_so_far":0,"skipped_so_far":0,"failed_so_far":0,"push_data":[]} 
[2026-06-23 15:50:07] production.INFO: Bingwa transaction sync completed. {"component":"transaction_sync","user_id":1,"synced":0,"skipped":0,"failed":0} 
[2026-06-23 15:50:07] production.DEBUG: Bingwa transaction sync job finished fetching. {"component":"transaction_sync","user_id":1,"synced":0,"skipped":0,"failed":0,"push_data":[]} 
[2026-06-23 15:50:07] production.DEBUG: BackgroundTasks: found 4 schedule event(s)  
[2026-06-23 15:50:07] production.INFO: SchedulerManifest: event command='php' 'artisan' bingwa:heartbeat expression=*/15 * * * *  
[2026-06-23 15:50:07] production.INFO: SchedulerManifest: event command='php' 'artisan' bingwa:sync-transactions expression=*/5 * * * *  
[2026-06-23 15:50:07] production.INFO: SchedulerManifest: event command='php' 'artisan' bingwa:process-auto-renewals expression=*/5 * * * *  
[2026-06-23 15:50:07] production.INFO: SchedulerManifest: event command='php' 'artisan' bingwa:fetch-airtime-balance expression=*/15 * * * *  
[2026-06-23 15:50:08] production.DEBUG: Airtime balance refresh job started. {"component":"airtime_balance","user_id":1} 
[2026-06-23 15:50:08] production.INFO: Bingwa airtime balance refresh started. {"component":"airtime_balance","user_id":1} 
[2026-06-23 15:50:08] production.DEBUG: Bingwa airtime USSD probe. {"component":"airtime_balance","sim_slot":1,"mode":"express","nativephp_call_available":true} 
[2026-06-23 15:50:08] production.DEBUG: USSD modem lock acquired. {"component":"ussd_modem","sim_slot":1,"operation":"airtime-refresh","wait_seconds":2,"lease_seconds":105} 
[2026-06-23 15:50:10] production.DEBUG: USSD modem lock released. {"component":"ussd_modem","sim_slot":1,"operation":"airtime-refresh"} 
[2026-06-23 15:50:10] production.DEBUG: Bingwa airtime USSD raw response. {"component":"airtime_balance","sim_slot":1,"response":"{\"success\":false,\"message\":\"Airtime Bal: 483.52KSH.Expire date:21-09-2026. Tariff:Uwezo . A SPECIAL NEW offer Awaits you! Dial *131# today and stay connected.\"}"} 
[2026-06-23 15:50:10] production.DEBUG: Bingwa airtime USSD message extracted. {"component":"airtime_balance","sim_slot":1,"message":"Airtime Bal: 483.52KSH.Expire date:21-09-2026. Tariff:Uwezo . A SPECIAL NEW offer Awaits you! Dial *131# today and stay connected."} 
[2026-06-23 15:50:10] production.DEBUG: Bingwa airtime balance parsed via Airtime Bal pattern. {"component":"airtime_balance","raw":"Airtime Bal: 483.52KSH.Expire date:21-09-2026. Tariff:Uwezo . A SPECIAL NEW offer Awaits you! Dial *131# today and stay connected.","parsed":"483.52"} 
[2026-06-23 15:50:10] production.DEBUG: Bingwa airtime balance refreshed. {"component":"airtime_balance","user_id":1,"sim_slot":1,"balance":483.52} 
[2026-06-23 15:50:10] production.DEBUG: Airtime balance refresh job finished. {"component":"airtime_balance","user_id":1} 
[2026-06-23 15:50:11] production.DEBUG: BackgroundTasks: found 4 schedule event(s)  
[2026-06-23 15:50:11] production.INFO: SchedulerManifest: event command='php' 'artisan' bingwa:heartbeat expression=*/15 * * * *  
[2026-06-23 15:50:11] production.INFO: SchedulerManifest: event command='php' 'artisan' bingwa:sync-transactions expression=*/5 * * * *  
[2026-06-23 15:50:11] production.INFO: SchedulerManifest: event command='php' 'artisan' bingwa:process-auto-renewals expression=*/5 * * * *  
[2026-06-23 15:50:11] production.INFO: SchedulerManifest: event command='php' 'artisan' bingwa:fetch-airtime-balance expression=*/15 * * * *  
[2026-06-23 15:50:44] production.DEBUG: BackgroundTasks: found 4 schedule event(s)  
[2026-06-23 15:50:44] production.INFO: SchedulerManifest: event command='php' 'artisan' bingwa:heartbeat expression=*/15 * * * *  
[2026-06-23 15:50:44] production.INFO: SchedulerManifest: event command='php' 'artisan' bingwa:sync-transactions expression=*/5 * * * *  
[2026-06-23 15:50:44] production.INFO: SchedulerManifest: event command='php' 'artisan' bingwa:process-auto-renewals expression=*/5 * * * *  
[2026-06-23 15:50:44] production.INFO: SchedulerManifest: event command='php' 'artisan' bingwa:fetch-airtime-balance expression=*/15 * * * *  
[2026-06-23 15:51:18] production.DEBUG: BackgroundTasks: found 4 schedule event(s)  
[2026-06-23 15:51:18] production.INFO: SchedulerManifest: event command='php' 'artisan' bingwa:heartbeat expression=*/15 * * * *  
[2026-06-23 15:51:18] production.INFO: SchedulerManifest: event command='php' 'artisan' bingwa:sync-transactions expression=*/5 * * * *  
[2026-06-23 15:51:18] production.INFO: SchedulerManifest: event command='php' 'artisan' bingwa:process-auto-renewals expression=*/5 * * * *  
[2026-06-23 15:51:18] production.INFO: SchedulerManifest: event command='php' 'artisan' bingwa:fetch-airtime-balance expression=*/15 * * * *  
[2026-06-23 15:51:51] production.DEBUG: BackgroundTasks: found 4 schedule event(s)  
[2026-06-23 15:51:51] production.INFO: SchedulerManifest: event command='php' 'artisan' bingwa:heartbeat expression=*/15 * * * *  
[2026-06-23 15:51:51] production.INFO: SchedulerManifest: event command='php' 'artisan' bingwa:sync-transactions expression=*/5 * * * *  
[2026-06-23 15:51:51] production.INFO: SchedulerManifest: event command='php' 'artisan' bingwa:process-auto-renewals expression=*/5 * * * *  
[2026-06-23 15:51:51] production.INFO: SchedulerManifest: event command='php' 'artisan' bingwa:fetch-airtime-balance expression=*/15 * * * *  
[2026-06-23 15:52:25] production.DEBUG: BackgroundTasks: found 4 schedule event(s)  
[2026-06-23 15:52:25] production.INFO: SchedulerManifest: event command='php' 'artisan' bingwa:heartbeat expression=*/15 * * * *  
[2026-06-23 15:52:25] production.INFO: SchedulerManifest: event command='php' 'artisan' bingwa:sync-transactions expression=*/5 * * * *  
[2026-06-23 15:52:25] production.INFO: SchedulerManifest: event command='php' 'artisan' bingwa:process-auto-renewals expression=*/5 * * * *  
[2026-06-23 15:52:25] production.INFO: SchedulerManifest: event command='php' 'artisan' bingwa:fetch-airtime-balance expression=*/15 * * * *  
[2026-06-23 15:52:59] production.DEBUG: BackgroundTasks: found 4 schedule event(s)  
[2026-06-23 15:52:59] production.INFO: SchedulerManifest: event command='php' 'artisan' bingwa:heartbeat expression=*/15 * * * *  
[2026-06-23 15:52:59] production.INFO: SchedulerManifest: event command='php' 'artisan' bingwa:sync-transactions expression=*/5 * * * *  
[2026-06-23 15:52:59] production.INFO: SchedulerManifest: event command='php' 'artisan' bingwa:process-auto-renewals expression=*/5 * * * *  
[2026-06-23 15:52:59] production.INFO: SchedulerManifest: event command='php' 'artisan' bingwa:fetch-airtime-balance expression=*/15 * * * *  
[2026-06-23 15:53:32] production.DEBUG: BackgroundTasks: found 4 schedule event(s)  
[2026-06-23 15:53:32] production.INFO: SchedulerManifest: event command='php' 'artisan' bingwa:heartbeat expression=*/15 * * * *  
[2026-06-23 15:53:32] production.INFO: SchedulerManifest: event command='php' 'artisan' bingwa:sync-transactions expression=*/5 * * * *  
[2026-06-23 15:53:32] production.INFO: SchedulerManifest: event command='php' 'artisan' bingwa:process-auto-renewals expression=*/5 * * * *  
[2026-06-23 15:53:32] production.INFO: SchedulerManifest: event command='php' 'artisan' bingwa:fetch-airtime-balance expression=*/15 * * * *  
[2026-06-23 15:54:06] production.DEBUG: BackgroundTasks: found 4 schedule event(s)  
[2026-06-23 15:54:06] production.INFO: SchedulerManifest: event command='php' 'artisan' bingwa:heartbeat expression=*/15 * * * *  
[2026-06-23 15:54:06] production.INFO: SchedulerManifest: event command='php' 'artisan' bingwa:sync-transactions expression=*/5 * * * *  
[2026-06-23 15:54:06] production.INFO: SchedulerManifest: event command='php' 'artisan' bingwa:process-auto-renewals expression=*/5 * * * *  
[2026-06-23 15:54:06] production.INFO: SchedulerManifest: event command='php' 'artisan' bingwa:fetch-airtime-balance expression=*/15 * * * *  
[2026-06-23 15:54:29] production.DEBUG: BackgroundTasks: found 4 schedule event(s)  
[2026-06-23 15:54:29] production.INFO: SchedulerManifest: event command='php' 'artisan' bingwa:heartbeat expression=*/15 * * * *  
[2026-06-23 15:54:29] production.INFO: SchedulerManifest: event command='php' 'artisan' bingwa:sync-transactions expression=*/5 * * * *  
[2026-06-23 15:54:29] production.INFO: SchedulerManifest: event command='php' 'artisan' bingwa:process-auto-renewals expression=*/5 * * * *  
[2026-06-23 15:54:29] production.INFO: SchedulerManifest: event command='php' 'artisan' bingwa:fetch-airtime-balance expression=*/15 * * * *  
[2026-06-23 15:54:29] production.DEBUG: Bingwa dashboard mount started. {"user_id":1} 
[2026-06-23 15:54:29] production.DEBUG: Bingwa dashboard airtime cache hydrated. {"user_id":1,"has_balance":true,"checked_at":"2026-06-23T15:50:10+03:00"} 
[2026-06-23 15:54:29] production.DEBUG: Bingwa dashboard airtime response ready. {"user_id":1,"balance":483.52,"checked_at":"23 Jun, 15:50"} 
[2026-06-23 15:54:30] production.DEBUG: BackgroundTasks: found 4 schedule event(s)  
[2026-06-23 15:54:30] production.INFO: SchedulerManifest: event command='php' 'artisan' bingwa:heartbeat expression=*/15 * * * *  
[2026-06-23 15:54:30] production.INFO: SchedulerManifest: event command='php' 'artisan' bingwa:sync-transactions expression=*/5 * * * *  
[2026-06-23 15:54:30] production.INFO: SchedulerManifest: event command='php' 'artisan' bingwa:process-auto-renewals expression=*/5 * * * *  
[2026-06-23 15:54:30] production.INFO: SchedulerManifest: event command='php' 'artisan' bingwa:fetch-airtime-balance expression=*/15 * * * *  
[2026-06-23 15:54:30] production.DEBUG: Subscription plans prefetch job started. {"component":"plans_prefetch","user_id":1} 
[2026-06-23 15:54:30] production.DEBUG: 🌐 Fetching plans from: https://backend.statum.co.ke/api/v1/subscription/plans/hybrid  
[2026-06-23 15:54:31] production.DEBUG: 📦 Plans response received {"plans_count":5} 
[2026-06-23 15:54:31] production.DEBUG: Subscription plans prefetch job completed successfully. {"component":"plans_prefetch","user_id":1} 
[2026-06-23 15:54:32] production.DEBUG: BackgroundTasks: found 4 schedule event(s)  
[2026-06-23 15:54:32] production.INFO: SchedulerManifest: event command='php' 'artisan' bingwa:heartbeat expression=*/15 * * * *  
[2026-06-23 15:54:32] production.INFO: SchedulerManifest: event command='php' 'artisan' bingwa:sync-transactions expression=*/5 * * * *  
[2026-06-23 15:54:32] production.INFO: SchedulerManifest: event command='php' 'artisan' bingwa:process-auto-renewals expression=*/5 * * * *  
[2026-06-23 15:54:32] production.INFO: SchedulerManifest: event command='php' 'artisan' bingwa:fetch-airtime-balance expression=*/15 * * * *  
[2026-06-23 15:54:35] production.DEBUG: Bingwa dashboard airtime cache hydrated. {"user_id":1,"has_balance":true,"checked_at":"2026-06-23T15:50:10+03:00"} 
[2026-06-23 15:54:35] production.DEBUG: Bingwa dashboard airtime cache hydrated. {"user_id":1,"has_balance":true,"checked_at":"2026-06-23T15:50:10+03:00"} 
[2026-06-23 15:54:40] production.DEBUG: Bingwa dashboard airtime cache hydrated. {"user_id":1,"has_balance":true,"checked_at":"2026-06-23T15:50:10+03:00"} 
[2026-06-23 15:54:40] production.DEBUG: Bingwa dashboard airtime cache hydrated. {"user_id":1,"has_balance":true,"checked_at":"2026-06-23T15:50:10+03:00"} 
[2026-06-23 15:54:45] production.DEBUG: Bingwa dashboard airtime cache hydrated. {"user_id":1,"has_balance":true,"checked_at":"2026-06-23T15:50:10+03:00"} 
[2026-06-23 15:54:45] production.DEBUG: Bingwa dashboard airtime cache hydrated. {"user_id":1,"has_balance":true,"checked_at":"2026-06-23T15:50:10+03:00"} 
[2026-06-23 15:54:59] production.DEBUG: Bingwa dashboard mount started. {"user_id":1} 
[2026-06-23 15:54:59] production.DEBUG: Bingwa dashboard airtime cache hydrated. {"user_id":1,"has_balance":true,"checked_at":"2026-06-23T15:50:10+03:00"} 
[2026-06-23 15:54:59] production.DEBUG: Bingwa dashboard airtime response ready. {"user_id":1,"balance":483.52,"checked_at":"23 Jun, 15:50"} 
[2026-06-23 15:55:05] production.DEBUG: BackgroundTasks: found 4 schedule event(s)  
[2026-06-23 15:55:05] production.INFO: SchedulerManifest: event command='php' 'artisan' bingwa:heartbeat expression=*/15 * * * *  
[2026-06-23 15:55:05] production.INFO: SchedulerManifest: event command='php' 'artisan' bingwa:sync-transactions expression=*/5 * * * *  
[2026-06-23 15:55:05] production.INFO: SchedulerManifest: event command='php' 'artisan' bingwa:process-auto-renewals expression=*/5 * * * *  
[2026-06-23 15:55:05] production.INFO: SchedulerManifest: event command='php' 'artisan' bingwa:fetch-airtime-balance expression=*/15 * * * *  
[2026-06-23 15:55:06] production.DEBUG: Subscription plans prefetch job started. {"component":"plans_prefetch","user_id":1} 
[2026-06-23 15:55:06] production.DEBUG: Subscription plans prefetch job completed successfully. {"component":"plans_prefetch","user_id":1} 
[2026-06-23 15:55:06] production.DEBUG: Bingwa transaction processing job dispatched. {"user_id":1} 
[2026-06-23 15:55:06] production.DEBUG: BackgroundTasks: found 4 schedule event(s)  
[2026-06-23 15:55:06] production.INFO: SchedulerManifest: event command='php' 'artisan' bingwa:heartbeat expression=*/15 * * * *  
[2026-06-23 15:55:06] production.INFO: SchedulerManifest: event command='php' 'artisan' bingwa:sync-transactions expression=*/5 * * * *  
[2026-06-23 15:55:06] production.INFO: SchedulerManifest: event command='php' 'artisan' bingwa:process-auto-renewals expression=*/5 * * * *  
[2026-06-23 15:55:06] production.INFO: SchedulerManifest: event command='php' 'artisan' bingwa:fetch-airtime-balance expression=*/15 * * * *  
[2026-06-23 15:55:06] production.DEBUG: Bingwa USSD processor job started. {"user_id":1,"flow_id":"3a4bebff-40e0-419d-998c-ef8b69906b6a","attempt":1,"tries":3} 
[2026-06-23 15:55:06] production.INFO: 📤 USSD payload ready for job #2 {"code":"*180*5*2*0721553678*5*1#","mode":"advanced","sim_slot":1} 
[2026-06-23 15:55:06] production.DEBUG: Bingwa USSD processor claim result. {"user_id":1,"flow_id":"3a4bebff-40e0-419d-998c-ef8b69906b6a","transaction_id":2,"claimed":true} 
[2026-06-23 15:55:06] production.INFO: 📡 [BRIDGE DISPATCH] Sending USSD to Android Hardware (Async) {"transaction_id":2,"code":"*180*5*2*0721553678*5*1#","sim_slot":1,"mode":"advanced","timeout_seconds":90} 
[2026-06-23 15:55:06] production.DEBUG: Bingwa USSD dispatch response received. {"flow_id":"3a4bebff-40e0-419d-998c-ef8b69906b6a","transaction_id":"176","id":2,"response":"{\"success\":true,\"message\":\"Dispatched to hardware\"}"} 
[2026-06-23 15:55:06] production.DEBUG: Bingwa USSD bridge response decoded. {"flow_id":"3a4bebff-40e0-419d-998c-ef8b69906b6a","transaction_id":"176","id":2,"success":true,"message":"Dispatched to hardware"} 
[2026-06-23 15:55:06] production.INFO: Bingwa USSD bridge accepted the dispatch. {"flow_id":"3a4bebff-40e0-419d-998c-ef8b69906b6a","transaction_id":"176","id":2} 
[2026-06-23 15:55:06] production.DEBUG: Bingwa USSD processor dispatched transaction asynchronously. {"user_id":1,"flow_id":"3a4bebff-40e0-419d-998c-ef8b69906b6a","transaction_id":2} 
[2026-06-23 15:55:06] production.DEBUG: Bingwa USSD processor job finished. {"user_id":1,"flow_id":"3a4bebff-40e0-419d-998c-ef8b69906b6a","processed":1} 
[2026-06-23 15:55:07] production.DEBUG: BackgroundTasks: found 4 schedule event(s)  
[2026-06-23 15:55:07] production.INFO: SchedulerManifest: event command='php' 'artisan' bingwa:heartbeat expression=*/15 * * * *  
[2026-06-23 15:55:07] production.INFO: SchedulerManifest: event command='php' 'artisan' bingwa:sync-transactions expression=*/5 * * * *  
[2026-06-23 15:55:07] production.INFO: SchedulerManifest: event command='php' 'artisan' bingwa:process-auto-renewals expression=*/5 * * * *  
[2026-06-23 15:55:07] production.INFO: SchedulerManifest: event command='php' 'artisan' bingwa:fetch-airtime-balance expression=*/15 * * * *  
[2026-06-23 15:55:10] production.DEBUG: CompleteTransactionCommand started. {"component":"transaction_completion","transaction_id":2,"status":"failed","callback_token":"3aad745f-66dd-4bc4-a457-fbc0cf6b8a95"} 
[2026-06-23 15:55:10] production.DEBUG: Bingwa transaction completion started. {"transaction_id":2,"transaction_key":"176","status":"failed","callback_token":"3aad745f-66dd-4bc4-a457-fbc0cf6b8a95"} 
[2026-06-23 15:55:10] production.INFO: Auto-reply skipped because no active rule matched the transaction outcome. {"transaction_id":2,"status":"failed","trigger_condition":"already_recommended"} 
[2026-06-23 15:55:10] production.DEBUG: Queueing remote transaction status update. {"transaction_id":2,"remote_transaction_id":"176","status":"failed","user_id":1} 
[2026-06-23 15:55:10] production.DEBUG: Remote transaction status update job started. {"remote_transaction_id":"176","status":"failed","user_id":1,"executed_at":"2026-06-23T15:55:10+03:00"} 
[2026-06-23 15:55:11] production.DEBUG: Remote transaction status update response received. {"remote_transaction_id":"176","status":409,"body":"{\"error\":\"invalid_state\"}","payload":{"status":"failed","executed_at":"2026-06-23T15:55:10+03:00","ussd_response":"Recommendation failed. The customer 0721553678 has already been recommended. Kindly recommend to another customer. Thank you","execution_time_ms":819,"failure_code":"INVALID_RECIPIENT"}} 
[2026-06-23 15:55:11] production.WARNING: Autoreach backend returned 409 Conflict for transaction 176. Transaction might not be in dispatched/executing state. {"body":"{\"error\":\"invalid_state\"}","payload":{"status":"failed","executed_at":"2026-06-23T15:55:10+03:00","ussd_response":"Recommendation failed. The customer 0721553678 has already been recommended. Kindly recommend to another customer. Thank you","execution_time_ms":819,"failure_code":"INVALID_RECIPIENT"}} 
[2026-06-23 15:55:11] production.DEBUG: Remote transaction status update dispatched synchronously. {"transaction_id":2,"remote_transaction_id":"176","status":"failed"} 
[2026-06-23 15:55:11] production.DEBUG: Bingwa callback delivery recorded. {"transaction_id":2,"transaction_key":"176","callback_token":"3aad745f-66dd-4bc4-a457-fbc0cf6b8a95","status":"failed","message":"Recommendation failed. The customer 0721553678 has already been recommended. Kindly recommend to another customer. Thank you"} 
[2026-06-23 15:55:11] production.DEBUG: Bingwa transaction processing job dispatched. {"user_id":1} 
[2026-06-23 15:55:11] production.INFO: Bingwa transaction completion finished. {"transaction_id":2,"transaction_key":"176","status":"failed","callback_token":"3aad745f-66dd-4bc4-a457-fbc0cf6b8a95","message":"Recommendation failed. The customer 0721553678 has already been recommended. Kindly recommend to another customer. Thank you"} 
[2026-06-23 15:55:11] production.DEBUG: CompleteTransactionCommand finished. {"component":"transaction_completion","transaction_id":2,"status":"failed","completed":true} 
[2026-06-23 15:55:12] production.DEBUG: BackgroundTasks: found 4 schedule event(s)  
[2026-06-23 15:55:12] production.INFO: SchedulerManifest: event command='php' 'artisan' bingwa:heartbeat expression=*/15 * * * *  
[2026-06-23 15:55:12] production.INFO: SchedulerManifest: event command='php' 'artisan' bingwa:sync-transactions expression=*/5 * * * *  
[2026-06-23 15:55:12] production.INFO: SchedulerManifest: event command='php' 'artisan' bingwa:process-auto-renewals expression=*/5 * * * *  
[2026-06-23 15:55:12] production.INFO: SchedulerManifest: event command='php' 'artisan' bingwa:fetch-airtime-balance expression=*/15 * * * *  
[2026-06-23 15:55:12] production.DEBUG: Bingwa USSD processor job started. {"user_id":1,"flow_id":"459d25a8-7490-416c-af59-fb234acd668d","attempt":1,"tries":3} 
[2026-06-23 15:55:12] production.INFO: 📤 USSD payload ready for job #3 {"code":"*180*5*2*0721553678*5*1#","mode":"advanced","sim_slot":1} 
[2026-06-23 15:55:12] production.DEBUG: Bingwa USSD processor claim result. {"user_id":1,"flow_id":"459d25a8-7490-416c-af59-fb234acd668d","transaction_id":3,"claimed":true} 
[2026-06-23 15:55:12] production.INFO: 📡 [BRIDGE DISPATCH] Sending USSD to Android Hardware (Async) {"transaction_id":3,"code":"*180*5*2*0721553678*5*1#","sim_slot":1,"mode":"advanced","timeout_seconds":90} 
[2026-06-23 15:55:12] production.DEBUG: Bingwa USSD dispatch response received. {"flow_id":"459d25a8-7490-416c-af59-fb234acd668d","transaction_id":"177","id":3,"response":"{\"success\":true,\"message\":\"Dispatched to hardware\"}"} 
[2026-06-23 15:55:12] production.DEBUG: Bingwa USSD bridge response decoded. {"flow_id":"459d25a8-7490-416c-af59-fb234acd668d","transaction_id":"177","id":3,"success":true,"message":"Dispatched to hardware"} 
[2026-06-23 15:55:12] production.INFO: Bingwa USSD bridge accepted the dispatch. {"flow_id":"459d25a8-7490-416c-af59-fb234acd668d","transaction_id":"177","id":3} 
[2026-06-23 15:55:12] production.DEBUG: Bingwa USSD processor dispatched transaction asynchronously. {"user_id":1,"flow_id":"459d25a8-7490-416c-af59-fb234acd668d","transaction_id":3} 
[2026-06-23 15:55:12] production.DEBUG: Bingwa USSD processor job finished. {"user_id":1,"flow_id":"459d25a8-7490-416c-af59-fb234acd668d","processed":1} 
[2026-06-23 15:55:12] production.DEBUG: BackgroundTasks: found 4 schedule event(s)  
[2026-06-23 15:55:12] production.INFO: SchedulerManifest: event command='php' 'artisan' bingwa:heartbeat expression=*/15 * * * *  
[2026-06-23 15:55:12] production.INFO: SchedulerManifest: event command='php' 'artisan' bingwa:sync-transactions expression=*/5 * * * *  
[2026-06-23 15:55:12] production.INFO: SchedulerManifest: event command='php' 'artisan' bingwa:process-auto-renewals expression=*/5 * * * *  
[2026-06-23 15:55:12] production.INFO: SchedulerManifest: event command='php' 'artisan' bingwa:fetch-airtime-balance expression=*/15 * * * *  
[2026-06-23 15:55:15] production.DEBUG: CompleteTransactionCommand started. {"component":"transaction_completion","transaction_id":3,"status":"failed","callback_token":"deb1d160-92d1-4505-b06c-9e5b7d358b08"} 
[2026-06-23 15:55:15] production.DEBUG: Bingwa transaction completion started. {"transaction_id":3,"transaction_key":"177","status":"failed","callback_token":"deb1d160-92d1-4505-b06c-9e5b7d358b08"} 
[2026-06-23 15:55:15] production.INFO: Auto-reply skipped because no active rule matched the transaction outcome. {"transaction_id":3,"status":"failed","trigger_condition":"already_recommended"} 
[2026-06-23 15:55:15] production.DEBUG: Queueing remote transaction status update. {"transaction_id":3,"remote_transaction_id":"177","status":"failed","user_id":1} 
[2026-06-23 15:55:15] production.DEBUG: Remote transaction status update job started. {"remote_transaction_id":"177","status":"failed","user_id":1,"executed_at":"2026-06-23T15:55:15+03:00"} 
[2026-06-23 15:55:17] production.DEBUG: Remote transaction status update response received. {"remote_transaction_id":"177","status":409,"body":"{\"error\":\"invalid_state\"}","payload":{"status":"failed","executed_at":"2026-06-23T15:55:15+03:00","ussd_response":"Recommendation failed. The customer 0721553678 has already been recommended. Kindly recommend to another customer. Thank you","execution_time_ms":867,"failure_code":"INVALID_RECIPIENT"}} 
[2026-06-23 15:55:17] production.WARNING: Autoreach backend returned 409 Conflict for transaction 177. Transaction might not be in dispatched/executing state. {"body":"{\"error\":\"invalid_state\"}","payload":{"status":"failed","executed_at":"2026-06-23T15:55:15+03:00","ussd_response":"Recommendation failed. The customer 0721553678 has already been recommended. Kindly recommend to another customer. Thank you","execution_time_ms":867,"failure_code":"INVALID_RECIPIENT"}} 
[2026-06-23 15:55:17] production.DEBUG: Remote transaction status update dispatched synchronously. {"transaction_id":3,"remote_transaction_id":"177","status":"failed"} 
[2026-06-23 15:55:17] production.DEBUG: Bingwa callback delivery recorded. {"transaction_id":3,"transaction_key":"177","callback_token":"deb1d160-92d1-4505-b06c-9e5b7d358b08","status":"failed","message":"Recommendation failed. The customer 0721553678 has already been recommended. Kindly recommend to another customer. Thank you"} 
[2026-06-23 15:55:17] production.DEBUG: Bingwa transaction processing job dispatched. {"user_id":1} 
[2026-06-23 15:55:17] production.INFO: Bingwa transaction completion finished. {"transaction_id":3,"transaction_key":"177","status":"failed","callback_token":"deb1d160-92d1-4505-b06c-9e5b7d358b08","message":"Recommendation failed. The customer 0721553678 has already been recommended. Kindly recommend to another customer. Thank you"} 
[2026-06-23 15:55:17] production.DEBUG: CompleteTransactionCommand finished. {"component":"transaction_completion","transaction_id":3,"status":"failed","completed":true} 
[2026-06-23 15:55:17] production.DEBUG: Bingwa dashboard mount started. {"user_id":1} 
[2026-06-23 15:55:17] production.DEBUG: Bingwa dashboard airtime cache hydrated. {"user_id":1,"has_balance":true,"checked_at":"2026-06-23T15:50:10+03:00"} 
[2026-06-23 15:55:17] production.DEBUG: Bingwa dashboard airtime response ready. {"user_id":1,"balance":483.52,"checked_at":"23 Jun, 15:50"} 
[2026-06-23 15:55:17] production.DEBUG: BackgroundTasks: found 4 schedule event(s)  
[2026-06-23 15:55:17] production.INFO: SchedulerManifest: event command='php' 'artisan' bingwa:heartbeat expression=*/15 * * * *  
[2026-06-23 15:55:17] production.INFO: SchedulerManifest: event command='php' 'artisan' bingwa:sync-transactions expression=*/5 * * * *  
[2026-06-23 15:55:17] production.INFO: SchedulerManifest: event command='php' 'artisan' bingwa:process-auto-renewals expression=*/5 * * * *  
[2026-06-23 15:55:17] production.INFO: SchedulerManifest: event command='php' 'artisan' bingwa:fetch-airtime-balance expression=*/15 * * * *  
[2026-06-23 15:55:17] production.DEBUG: Bingwa USSD processor job started. {"user_id":1,"flow_id":"08dbda5a-e2a8-4a5d-ac29-02a6b8ae0859","attempt":1,"tries":3} 
[2026-06-23 15:55:17] production.INFO: 📤 USSD payload ready for job #4 {"code":"*180*5*2*0721553678*5*1#","mode":"advanced","sim_slot":1} 
[2026-06-23 15:55:17] production.DEBUG: Bingwa USSD processor claim result. {"user_id":1,"flow_id":"08dbda5a-e2a8-4a5d-ac29-02a6b8ae0859","transaction_id":4,"claimed":true} 
[2026-06-23 15:55:17] production.INFO: 📡 [BRIDGE DISPATCH] Sending USSD to Android Hardware (Async) {"transaction_id":4,"code":"*180*5*2*0721553678*5*1#","sim_slot":1,"mode":"advanced","timeout_seconds":90} 
[2026-06-23 15:55:17] production.DEBUG: Bingwa USSD dispatch response received. {"flow_id":"08dbda5a-e2a8-4a5d-ac29-02a6b8ae0859","transaction_id":"SMS-31TRES23AC1WA","id":4,"response":"{\"success\":true,\"message\":\"Dispatched to hardware\"}"} 
[2026-06-23 15:55:17] production.DEBUG: Bingwa USSD bridge response decoded. {"flow_id":"08dbda5a-e2a8-4a5d-ac29-02a6b8ae0859","transaction_id":"SMS-31TRES23AC1WA","id":4,"success":true,"message":"Dispatched to hardware"} 
[2026-06-23 15:55:17] production.INFO: Bingwa USSD bridge accepted the dispatch. {"flow_id":"08dbda5a-e2a8-4a5d-ac29-02a6b8ae0859","transaction_id":"SMS-31TRES23AC1WA","id":4} 
[2026-06-23 15:55:17] production.DEBUG: Bingwa USSD processor dispatched transaction asynchronously. {"user_id":1,"flow_id":"08dbda5a-e2a8-4a5d-ac29-02a6b8ae0859","transaction_id":4} 
[2026-06-23 15:55:17] production.DEBUG: Bingwa USSD processor job finished. {"user_id":1,"flow_id":"08dbda5a-e2a8-4a5d-ac29-02a6b8ae0859","processed":1} 
[2026-06-23 15:55:17] production.DEBUG: BackgroundTasks: found 4 schedule event(s)  
[2026-06-23 15:55:17] production.INFO: SchedulerManifest: event command='php' 'artisan' bingwa:heartbeat expression=*/15 * * * *  
[2026-06-23 15:55:17] production.INFO: SchedulerManifest: event command='php' 'artisan' bingwa:sync-transactions expression=*/5 * * * *  
[2026-06-23 15:55:17] production.INFO: SchedulerManifest: event command='php' 'artisan' bingwa:process-auto-renewals expression=*/5 * * * *  
[2026-06-23 15:55:17] production.INFO: SchedulerManifest: event command='php' 'artisan' bingwa:fetch-airtime-balance expression=*/15 * * * *  
[2026-06-23 15:55:18] production.DEBUG: Subscription plans prefetch job started. {"component":"plans_prefetch","user_id":1} 
[2026-06-23 15:55:18] production.DEBUG: Subscription plans prefetch job completed successfully. {"component":"plans_prefetch","user_id":1} 
[2026-06-23 15:55:18] production.DEBUG: BackgroundTasks: found 4 schedule event(s)  
[2026-06-23 15:55:18] production.INFO: SchedulerManifest: event command='php' 'artisan' bingwa:heartbeat expression=*/15 * * * *  
[2026-06-23 15:55:18] production.INFO: SchedulerManifest: event command='php' 'artisan' bingwa:sync-transactions expression=*/5 * * * *  
[2026-06-23 15:55:18] production.INFO: SchedulerManifest: event command='php' 'artisan' bingwa:process-auto-renewals expression=*/5 * * * *  
[2026-06-23 15:55:18] production.INFO: SchedulerManifest: event command='php' 'artisan' bingwa:fetch-airtime-balance expression=*/15 * * * *  
[2026-06-23 15:55:20] production.DEBUG: CompleteTransactionCommand started. {"component":"transaction_completion","transaction_id":4,"status":"failed","callback_token":"eecbf925-466b-4397-b1e8-e87b3dd7dc1b"} 
[2026-06-23 15:55:20] production.DEBUG: Bingwa transaction completion started. {"transaction_id":4,"transaction_key":"SMS-31TRES23AC1WA","status":"failed","callback_token":"eecbf925-466b-4397-b1e8-e87b3dd7dc1b"} 
[2026-06-23 15:55:20] production.INFO: Auto-reply skipped because no active rule matched the transaction outcome. {"transaction_id":4,"status":"failed","trigger_condition":"already_recommended"} 
[2026-06-23 15:55:20] production.DEBUG: Skipping remote status update queue. {"transaction_id":4,"remote_transaction_id":"SMS-31TRES23AC1WA","status":"failed","is_local_only":true,"has_device_token":true} 
[2026-06-23 15:55:20] production.DEBUG: Bingwa callback delivery recorded. {"transaction_id":4,"transaction_key":"SMS-31TRES23AC1WA","callback_token":"eecbf925-466b-4397-b1e8-e87b3dd7dc1b","status":"failed","message":"Recommendation failed. The customer 0721553678 has already been recommended. Kindly recommend to another customer. Thank you"} 
[2026-06-23 15:55:20] production.DEBUG: Bingwa transaction processing job dispatched. {"user_id":1} 
[2026-06-23 15:55:20] production.INFO: Bingwa transaction completion finished. {"transaction_id":4,"transaction_key":"SMS-31TRES23AC1WA","status":"failed","callback_token":"eecbf925-466b-4397-b1e8-e87b3dd7dc1b","message":"Recommendation failed. The customer 0721553678 has already been recommended. Kindly recommend to another customer. Thank you"} 
[2026-06-23 15:55:20] production.DEBUG: CompleteTransactionCommand finished. {"component":"transaction_completion","transaction_id":4,"status":"failed","completed":true} 
[2026-06-23 15:55:21] production.DEBUG: BackgroundTasks: found 4 schedule event(s)  
[2026-06-23 15:55:21] production.INFO: SchedulerManifest: event command='php' 'artisan' bingwa:heartbeat expression=*/15 * * * *  
[2026-06-23 15:55:21] production.INFO: SchedulerManifest: event command='php' 'artisan' bingwa:sync-transactions expression=*/5 * * * *  
[2026-06-23 15:55:21] production.INFO: SchedulerManifest: event command='php' 'artisan' bingwa:process-auto-renewals expression=*/5 * * * *  
[2026-06-23 15:55:21] production.INFO: SchedulerManifest: event command='php' 'artisan' bingwa:fetch-airtime-balance expression=*/15 * * * *  
[2026-06-23 15:55:22] production.DEBUG: Bingwa USSD processor job started. {"user_id":1,"flow_id":"ee5d2e50-3faa-4cda-a459-0c71a52784ae","attempt":1,"tries":3} 
[2026-06-23 15:55:22] production.DEBUG: Bingwa USSD processor found no queued transaction. {"user_id":1,"flow_id":"ee5d2e50-3faa-4cda-a459-0c71a52784ae"} 
[2026-06-23 15:55:22] production.DEBUG: Bingwa USSD processor job finished. {"user_id":1,"flow_id":"ee5d2e50-3faa-4cda-a459-0c71a52784ae","processed":0} 
[2026-06-23 15:55:22] production.DEBUG: Bingwa dashboard airtime cache hydrated. {"user_id":1,"has_balance":true,"checked_at":"2026-06-23T15:50:10+03:00"} 
[2026-06-23 15:55:22] production.DEBUG: BackgroundTasks: found 4 schedule event(s)  
[2026-06-23 15:55:22] production.INFO: SchedulerManifest: event command='php' 'artisan' bingwa:heartbeat expression=*/15 * * * *  
[2026-06-23 15:55:22] production.INFO: SchedulerManifest: event command='php' 'artisan' bingwa:sync-transactions expression=*/5 * * * *  
[2026-06-23 15:55:22] production.INFO: SchedulerManifest: event command='php' 'artisan' bingwa:process-auto-renewals expression=*/5 * * * *  
[2026-06-23 15:55:22] production.INFO: SchedulerManifest: event command='php' 'artisan' bingwa:fetch-airtime-balance expression=*/15 * * * *  
[2026-06-23 15:55:22] production.DEBUG: Bingwa dashboard airtime cache hydrated. {"user_id":1,"has_balance":true,"checked_at":"2026-06-23T15:50:10+03:00"} 
[2026-06-23 15:55:27] production.DEBUG: Bingwa dashboard airtime cache hydrated. {"user_id":1,"has_balance":true,"checked_at":"2026-06-23T15:50:10+03:00"} 
[2026-06-23 15:55:27] production.DEBUG: Bingwa dashboard airtime cache hydrated. {"user_id":1,"has_balance":true,"checked_at":"2026-06-23T15:50:10+03:00"} 
[2026-06-23 15:55:32] production.DEBUG: Bingwa dashboard airtime cache hydrated. {"user_id":1,"has_balance":true,"checked_at":"2026-06-23T15:50:10+03:00"} 
[2026-06-23 15:55:32] production.DEBUG: Bingwa dashboard airtime cache hydrated. {"user_id":1,"has_balance":true,"checked_at":"2026-06-23T15:50:10+03:00"} 
[2026-06-23 15:55:37] production.DEBUG: Bingwa dashboard airtime cache hydrated. {"user_id":1,"has_balance":true,"checked_at":"2026-06-23T15:50:10+03:00"} 
[2026-06-23 15:55:37] production.DEBUG: Bingwa dashboard airtime cache hydrated. {"user_id":1,"has_balance":true,"checked_at":"2026-06-23T15:50:10+03:00"} 
[2026-06-23 15:55:42] production.DEBUG: Bingwa dashboard airtime cache hydrated. {"user_id":1,"has_balance":true,"checked_at":"2026-06-23T15:50:10+03:00"} 
[2026-06-23 15:55:42] production.DEBUG: Bingwa dashboard airtime cache hydrated. {"user_id":1,"has_balance":true,"checked_at":"2026-06-23T15:50:10+03:00"} 
[2026-06-23 15:59:01] production.DEBUG: Bingwa dashboard mount started. {"user_id":1} 
[2026-06-23 15:59:01] production.DEBUG: Bingwa dashboard airtime cache hydrated. {"user_id":1,"has_balance":true,"checked_at":"2026-06-23T15:50:10+03:00"} 
[2026-06-23 15:59:01] production.DEBUG: Bingwa dashboard airtime response ready. {"user_id":1,"balance":483.52,"checked_at":"23 Jun, 15:50"} 
[2026-06-23 15:59:01] production.DEBUG: BackgroundTasks: found 4 schedule event(s)  
[2026-06-23 15:59:01] production.INFO: SchedulerManifest: event command='php' 'artisan' bingwa:heartbeat expression=*/15 * * * *  
[2026-06-23 15:59:01] production.INFO: SchedulerManifest: event command='php' 'artisan' bingwa:sync-transactions expression=*/5 * * * *  
[2026-06-23 15:59:01] production.INFO: SchedulerManifest: event command='php' 'artisan' bingwa:process-auto-renewals expression=*/5 * * * *  
[2026-06-23 15:59:01] production.INFO: SchedulerManifest: event command='php' 'artisan' bingwa:fetch-airtime-balance expression=*/15 * * * *  
[2026-06-23 15:59:01] production.DEBUG: Subscription plans prefetch job started. {"component":"plans_prefetch","user_id":1} 
[2026-06-23 15:59:01] production.DEBUG: Subscription plans prefetch job completed successfully. {"component":"plans_prefetch","user_id":1} 
[2026-06-23 15:59:02] production.DEBUG: BackgroundTasks: found 4 schedule event(s)  
[2026-06-23 15:59:02] production.INFO: SchedulerManifest: event command='php' 'artisan' bingwa:heartbeat expression=*/15 * * * *  
[2026-06-23 15:59:02] production.INFO: SchedulerManifest: event command='php' 'artisan' bingwa:sync-transactions expression=*/5 * * * *  
[2026-06-23 15:59:02] production.INFO: SchedulerManifest: event command='php' 'artisan' bingwa:process-auto-renewals expression=*/5 * * * *  
[2026-06-23 15:59:02] production.INFO: SchedulerManifest: event command='php' 'artisan' bingwa:fetch-airtime-balance expression=*/15 * * * *  
[2026-06-23 15:59:12] production.DEBUG: BackgroundTasks: found 4 schedule event(s)  
[2026-06-23 15:59:12] production.INFO: SchedulerManifest: event command='php' 'artisan' bingwa:heartbeat expression=*/15 * * * *  
[2026-06-23 15:59:12] production.INFO: SchedulerManifest: event command='php' 'artisan' bingwa:sync-transactions expression=*/5 * * * *  
[2026-06-23 15:59:12] production.INFO: SchedulerManifest: event command='php' 'artisan' bingwa:process-auto-renewals expression=*/5 * * * *  
[2026-06-23 15:59:12] production.INFO: SchedulerManifest: event command='php' 'artisan' bingwa:fetch-airtime-balance expression=*/15 * * * *  
[2026-06-23 15:59:47] production.DEBUG: BackgroundTasks: found 4 schedule event(s)  
[2026-06-23 15:59:47] production.INFO: SchedulerManifest: event command='php' 'artisan' bingwa:heartbeat expression=*/15 * * * *  
[2026-06-23 15:59:47] production.INFO: SchedulerManifest: event command='php' 'artisan' bingwa:sync-transactions expression=*/5 * * * *  
[2026-06-23 15:59:47] production.INFO: SchedulerManifest: event command='php' 'artisan' bingwa:process-auto-renewals expression=*/5 * * * *  
[2026-06-23 15:59:47] production.INFO: SchedulerManifest: event command='php' 'artisan' bingwa:fetch-airtime-balance expression=*/15 * * * *  
[2026-06-23 16:00:22] production.DEBUG: BackgroundTasks: found 4 schedule event(s)  
[2026-06-23 16:00:22] production.INFO: SchedulerManifest: event command='php' 'artisan' bingwa:heartbeat expression=*/15 * * * *  
[2026-06-23 16:00:22] production.INFO: SchedulerManifest: event command='php' 'artisan' bingwa:sync-transactions expression=*/5 * * * *  
[2026-06-23 16:00:22] production.INFO: SchedulerManifest: event command='php' 'artisan' bingwa:process-auto-renewals expression=*/5 * * * *  
[2026-06-23 16:00:22] production.INFO: SchedulerManifest: event command='php' 'artisan' bingwa:fetch-airtime-balance expression=*/15 * * * *  
[2026-06-23 16:00:56] production.DEBUG: BackgroundTasks: found 4 schedule event(s)  
[2026-06-23 16:00:58] production.INFO: SchedulerManifest: event command='php' 'artisan' bingwa:heartbeat expression=*/15 * * * *  
[2026-06-23 16:00:58] production.INFO: SchedulerManifest: event command='php' 'artisan' bingwa:sync-transactions expression=*/5 * * * *  
[2026-06-23 16:00:58] production.INFO: SchedulerManifest: event command='php' 'artisan' bingwa:process-auto-renewals expression=*/5 * * * *  
[2026-06-23 16:00:58] production.INFO: SchedulerManifest: event command='php' 'artisan' bingwa:fetch-airtime-balance expression=*/15 * * * *  
[2026-06-23 16:01:07] production.DEBUG: Bingwa dashboard mount started. {"user_id":1} 
[2026-06-23 16:01:07] production.DEBUG: Bingwa dashboard airtime cache hydrated. {"user_id":1,"has_balance":true,"checked_at":"2026-06-23T15:50:10+03:00"} 
[2026-06-23 16:01:07] production.DEBUG: Bingwa dashboard airtime response ready. {"user_id":1,"balance":483.52,"checked_at":"23 Jun, 15:50"} 
[2026-06-23 16:01:08] production.DEBUG: BackgroundTasks: found 4 schedule event(s)  
[2026-06-23 16:01:08] production.INFO: SchedulerManifest: event command='php' 'artisan' bingwa:heartbeat expression=*/15 * * * *  
[2026-06-23 16:01:08] production.INFO: SchedulerManifest: event command='php' 'artisan' bingwa:sync-transactions expression=*/5 * * * *  
[2026-06-23 16:01:08] production.INFO: SchedulerManifest: event command='php' 'artisan' bingwa:process-auto-renewals expression=*/5 * * * *  
[2026-06-23 16:01:08] production.INFO: SchedulerManifest: event command='php' 'artisan' bingwa:fetch-airtime-balance expression=*/15 * * * *  
[2026-06-23 16:01:08] production.DEBUG: Subscription plans prefetch job started. {"component":"plans_prefetch","user_id":1} 
[2026-06-23 16:01:08] production.DEBUG: Subscription plans prefetch job completed successfully. {"component":"plans_prefetch","user_id":1} 
[2026-06-23 16:01:09] production.DEBUG: BackgroundTasks: found 4 schedule event(s)  
[2026-06-23 16:01:09] production.INFO: SchedulerManifest: event command='php' 'artisan' bingwa:heartbeat expression=*/15 * * * *  
[2026-06-23 16:01:09] production.INFO: SchedulerManifest: event command='php' 'artisan' bingwa:sync-transactions expression=*/5 * * * *  
[2026-06-23 16:01:09] production.INFO: SchedulerManifest: event command='php' 'artisan' bingwa:process-auto-renewals expression=*/5 * * * *  
[2026-06-23 16:01:09] production.INFO: SchedulerManifest: event command='php' 'artisan' bingwa:fetch-airtime-balance expression=*/15 * * * *  
[2026-06-23 16:01:44] production.DEBUG: BackgroundTasks: found 4 schedule event(s)  
[2026-06-23 16:01:44] production.INFO: SchedulerManifest: event command='php' 'artisan' bingwa:heartbeat expression=*/15 * * * *  
[2026-06-23 16:01:44] production.INFO: SchedulerManifest: event command='php' 'artisan' bingwa:sync-transactions expression=*/5 * * * *  
[2026-06-23 16:01:44] production.INFO: SchedulerManifest: event command='php' 'artisan' bingwa:process-auto-renewals expression=*/5 * * * *  
[2026-06-23 16:01:44] production.INFO: SchedulerManifest: event command='php' 'artisan' bingwa:fetch-airtime-balance expression=*/15 * * * *  
[2026-06-23 16:02:19] production.DEBUG: BackgroundTasks: found 4 schedule event(s)  
[2026-06-23 16:02:19] production.INFO: SchedulerManifest: event command='php' 'artisan' bingwa:heartbeat expression=*/15 * * * *  
[2026-06-23 16:02:19] production.INFO: SchedulerManifest: event command='php' 'artisan' bingwa:sync-transactions expression=*/5 * * * *  
[2026-06-23 16:02:19] production.INFO: SchedulerManifest: event command='php' 'artisan' bingwa:process-auto-renewals expression=*/5 * * * *  
[2026-06-23 16:02:19] production.INFO: SchedulerManifest: event command='php' 'artisan' bingwa:fetch-airtime-balance expression=*/15 * * * *  
[2026-06-23 16:07:17] production.DEBUG: BackgroundTasks: found 4 schedule event(s)  
[2026-06-23 16:07:17] production.INFO: SchedulerManifest: event command='php' 'artisan' bingwa:heartbeat expression=*/15 * * * *  
[2026-06-23 16:07:17] production.INFO: SchedulerManifest: event command='php' 'artisan' bingwa:sync-transactions expression=*/5 * * * *  
[2026-06-23 16:07:17] production.INFO: SchedulerManifest: event command='php' 'artisan' bingwa:process-auto-renewals expression=*/5 * * * *  
[2026-06-23 16:07:17] production.INFO: SchedulerManifest: event command='php' 'artisan' bingwa:fetch-airtime-balance expression=*/15 * * * *  
[2026-06-23 16:07:18] production.DEBUG: BackgroundTasks: found 4 schedule event(s)  
[2026-06-23 16:07:18] production.INFO: SchedulerManifest: event command='php' 'artisan' bingwa:heartbeat expression=*/15 * * * *  
[2026-06-23 16:07:18] production.INFO: SchedulerManifest: event command='php' 'artisan' bingwa:sync-transactions expression=*/5 * * * *  
[2026-06-23 16:07:18] production.INFO: SchedulerManifest: event command='php' 'artisan' bingwa:process-auto-renewals expression=*/5 * * * *  
[2026-06-23 16:07:18] production.INFO: SchedulerManifest: event command='php' 'artisan' bingwa:fetch-airtime-balance expression=*/15 * * * *  
[2026-06-23 16:07:18] production.DEBUG: Bingwa heartbeat command dispatching job. {"user_id":1,"registration_id":1} 
[2026-06-23 16:07:18] production.INFO: Bingwa heartbeat job queued. {"user_id":1,"registration_id":1} 
[2026-06-23 16:07:18] production.DEBUG: Bingwa dashboard mount started. {"user_id":1} 
[2026-06-23 16:07:18] production.DEBUG: Bingwa dashboard airtime cache hydrated. {"user_id":1,"has_balance":true,"checked_at":"2026-06-23T15:50:10+03:00"} 
[2026-06-23 16:07:18] production.DEBUG: Bingwa dashboard airtime response ready. {"user_id":1,"balance":483.52,"checked_at":"23 Jun, 15:50"} 
[2026-06-23 16:07:18] production.DEBUG: BackgroundTasks: found 4 schedule event(s)  
[2026-06-23 16:07:18] production.INFO: SchedulerManifest: event command='php' 'artisan' bingwa:heartbeat expression=*/15 * * * *  
[2026-06-23 16:07:18] production.INFO: SchedulerManifest: event command='php' 'artisan' bingwa:sync-transactions expression=*/5 * * * *  
[2026-06-23 16:07:18] production.INFO: SchedulerManifest: event command='php' 'artisan' bingwa:process-auto-renewals expression=*/5 * * * *  
[2026-06-23 16:07:18] production.INFO: SchedulerManifest: event command='php' 'artisan' bingwa:fetch-airtime-balance expression=*/15 * * * *  
[2026-06-23 16:07:19] production.DEBUG: Auto-renewal processing command started. {"component":"auto_renewal"} 
[2026-06-23 16:07:19] production.DEBUG: Auto-renewal processing command dispatching jobs. {"component":"auto_renewal","user_id":1} 
[2026-06-23 16:07:19] production.DEBUG: Auto-renewal processing started. {"component":"auto_renewal","user_id":1} 
[2026-06-23 16:07:19] production.DEBUG: Bingwa transaction processing job dispatched. {"user_id":1} 
[2026-06-23 16:07:19] production.INFO: Auto-renewal processing command finished. {"queued":0,"rescheduled":0,"failed":0,"users":[],"component":"auto_renewal","user_id":1} 
[2026-06-23 16:07:20] production.DEBUG: BackgroundTasks: found 4 schedule event(s)  
[2026-06-23 16:07:20] production.INFO: SchedulerManifest: event command='php' 'artisan' bingwa:heartbeat expression=*/15 * * * *  
[2026-06-23 16:07:20] production.INFO: SchedulerManifest: event command='php' 'artisan' bingwa:sync-transactions expression=*/5 * * * *  
[2026-06-23 16:07:20] production.INFO: SchedulerManifest: event command='php' 'artisan' bingwa:process-auto-renewals expression=*/5 * * * *  
[2026-06-23 16:07:20] production.INFO: SchedulerManifest: event command='php' 'artisan' bingwa:fetch-airtime-balance expression=*/15 * * * *  
[2026-06-23 16:07:21] production.INFO: 🔄 Starting Bingwa transactions sync... {"command":"bingwa:sync-transactions"} 
[2026-06-23 16:07:21] production.DEBUG: Bingwa transactions sync dispatching background job.  
[2026-06-23 16:07:21] production.INFO: ✅ Sync job queued successfully. {"queued":true,"user_id":1} 
[2026-06-23 16:07:21] production.DEBUG: BackgroundTasks: found 4 schedule event(s)  
[2026-06-23 16:07:21] production.INFO: SchedulerManifest: event command='php' 'artisan' bingwa:heartbeat expression=*/15 * * * *  
[2026-06-23 16:07:21] production.INFO: SchedulerManifest: event command='php' 'artisan' bingwa:sync-transactions expression=*/5 * * * *  
[2026-06-23 16:07:21] production.INFO: SchedulerManifest: event command='php' 'artisan' bingwa:process-auto-renewals expression=*/5 * * * *  
[2026-06-23 16:07:21] production.INFO: SchedulerManifest: event command='php' 'artisan' bingwa:fetch-airtime-balance expression=*/15 * * * *  
[2026-06-23 16:07:22] production.INFO: Starting automated airtime balance refresh command... {"component":"airtime_balance","command":"bingwa:fetch-airtime-balance"} 
[2026-06-23 16:07:22] production.INFO: Dispatching RefreshAirtimeBalanceJob. {"component":"airtime_balance","user_id":1} 
[2026-06-23 16:07:23] production.DEBUG: BackgroundTasks: found 4 schedule event(s)  
[2026-06-23 16:07:23] production.INFO: SchedulerManifest: event command='php' 'artisan' bingwa:heartbeat expression=*/15 * * * *  
[2026-06-23 16:07:23] production.INFO: SchedulerManifest: event command='php' 'artisan' bingwa:sync-transactions expression=*/5 * * * *  
[2026-06-23 16:07:23] production.INFO: SchedulerManifest: event command='php' 'artisan' bingwa:process-auto-renewals expression=*/5 * * * *  
[2026-06-23 16:07:23] production.INFO: SchedulerManifest: event command='php' 'artisan' bingwa:fetch-airtime-balance expression=*/15 * * * *  
[2026-06-23 16:07:24] production.DEBUG: Bingwa FCM sync job started. {"component":"fcm_sync","user_id":1,"flow_id":"256e1756-2aa9-4a1f-a2ab-d68b344a54cc","attempt":1,"tries":0} 
[2026-06-23 16:07:24] production.DEBUG: Bingwa FCM permission status checked in backend job. {"component":"fcm_sync","user_id":1,"flow_id":"256e1756-2aa9-4a1f-a2ab-d68b344a54cc","permission_status":"granted"} 
[2026-06-23 16:07:24] production.DEBUG: Skipped PushNotifications::enroll() as RequestPermission is not available in this context (e.g. queue worker). {"component":"fcm_sync","user_id":1,"flow_id":"256e1756-2aa9-4a1f-a2ab-d68b344a54cc"} 
[2026-06-23 16:07:24] production.DEBUG: Bingwa FCM token resolved in backend job. {"component":"fcm_sync","user_id":1,"flow_id":"256e1756-2aa9-4a1f-a2ab-d68b344a54cc","token_hash":"4c79b2aace04d2145956a8fe45cb5229480abe9b30c1e09b3821ea760f674e99"} 
[2026-06-23 16:07:24] production.DEBUG: Bingwa FCM sync request started. {"user_id":1,"flow_id":"256e1756-2aa9-4a1f-a2ab-d68b344a54cc","device_token_hash":"464ec13405960eb0","fcm_token_hash":"4c79b2aace04d214","url":"https://backend.statum.co.ke/api/v1/auth/device/fcm-token"} 
[2026-06-23 16:07:25] production.DEBUG: Bingwa FCM sync attempt completed. {"user_id":1,"flow_id":"256e1756-2aa9-4a1f-a2ab-d68b344a54cc","attempt":1,"status":200} 
[2026-06-23 16:07:25] production.DEBUG: Bingwa FCM backend response received. {"user_id":1,"flow_id":"256e1756-2aa9-4a1f-a2ab-d68b344a54cc","status":200,"body":{"status":"ok","message":"FCM token updated.","device_id":31}} 
[2026-06-23 16:07:25] production.DEBUG: Bingwa FCM token sync completed successfully. {"user_id":1,"flow_id":"256e1756-2aa9-4a1f-a2ab-d68b344a54cc","device_id":31} 
[2026-06-23 16:07:25] production.DEBUG: Bingwa FCM backend POST confirmed. {"user_id":1,"flow_id":"256e1756-2aa9-4a1f-a2ab-d68b344a54cc","device_id":31} 
[2026-06-23 16:07:25] production.DEBUG: Bingwa FCM sync job completed successfully. {"component":"fcm_sync","user_id":1,"flow_id":"256e1756-2aa9-4a1f-a2ab-d68b344a54cc"} 
[2026-06-23 16:07:25] production.DEBUG: BackgroundTasks: found 4 schedule event(s)  
[2026-06-23 16:07:25] production.INFO: SchedulerManifest: event command='php' 'artisan' bingwa:heartbeat expression=*/15 * * * *  
[2026-06-23 16:07:25] production.INFO: SchedulerManifest: event command='php' 'artisan' bingwa:sync-transactions expression=*/5 * * * *  
[2026-06-23 16:07:25] production.INFO: SchedulerManifest: event command='php' 'artisan' bingwa:process-auto-renewals expression=*/5 * * * *  
[2026-06-23 16:07:25] production.INFO: SchedulerManifest: event command='php' 'artisan' bingwa:fetch-airtime-balance expression=*/15 * * * *  
[2026-06-23 16:07:26] production.DEBUG: Bingwa heartbeat job started. {"component":"heartbeat","user_id":1} 
[2026-06-23 16:07:26] production.INFO: Bingwa heartbeat request starting. {"component":"heartbeat","user_id":1,"registration_id":1,"backend_device_id":31,"base_url":"https://backend.statum.co.ke"} 
[2026-06-23 16:07:27] production.INFO: Bingwa heartbeat accepted by backend. {"component":"heartbeat","user_id":1,"registration_id":1,"backend_device_id":31,"status":200,"response_body":"{\"status\":\"ok\",\"heartbeat_interval_seconds\":300,\"server_time\":\"2026-06-23T16:07:27+03:00\"}","recorded_at":"2026-06-23T13:07:27.823085Z"} 
[2026-06-23 16:07:27] production.DEBUG: Bingwa heartbeat job finished. {"component":"heartbeat","user_id":1,"sent":true} 
[2026-06-23 16:07:28] production.DEBUG: BackgroundTasks: found 4 schedule event(s)  
[2026-06-23 16:07:28] production.INFO: SchedulerManifest: event command='php' 'artisan' bingwa:heartbeat expression=*/15 * * * *  
[2026-06-23 16:07:28] production.INFO: SchedulerManifest: event command='php' 'artisan' bingwa:sync-transactions expression=*/5 * * * *  
[2026-06-23 16:07:28] production.INFO: SchedulerManifest: event command='php' 'artisan' bingwa:process-auto-renewals expression=*/5 * * * *  
[2026-06-23 16:07:28] production.INFO: SchedulerManifest: event command='php' 'artisan' bingwa:fetch-airtime-balance expression=*/15 * * * *  
[2026-06-23 16:07:29] production.DEBUG: Subscription plans prefetch job started. {"component":"plans_prefetch","user_id":1} 
[2026-06-23 16:07:29] production.DEBUG: Subscription plans prefetch job completed successfully. {"component":"plans_prefetch","user_id":1} 
[2026-06-23 16:07:30] production.DEBUG: BackgroundTasks: found 4 schedule event(s)  
[2026-06-23 16:07:30] production.INFO: SchedulerManifest: event command='php' 'artisan' bingwa:heartbeat expression=*/15 * * * *  
[2026-06-23 16:07:30] production.INFO: SchedulerManifest: event command='php' 'artisan' bingwa:sync-transactions expression=*/5 * * * *  
[2026-06-23 16:07:30] production.INFO: SchedulerManifest: event command='php' 'artisan' bingwa:process-auto-renewals expression=*/5 * * * *  
[2026-06-23 16:07:30] production.INFO: SchedulerManifest: event command='php' 'artisan' bingwa:fetch-airtime-balance expression=*/15 * * * *  
[2026-06-23 16:07:31] production.DEBUG: Bingwa USSD processor job started. {"user_id":1,"flow_id":"4886cf3d-1872-4750-9b4e-96180342ac3e","attempt":1,"tries":3} 
[2026-06-23 16:07:31] production.DEBUG: Bingwa USSD processor found no queued transaction. {"user_id":1,"flow_id":"4886cf3d-1872-4750-9b4e-96180342ac3e"} 
[2026-06-23 16:07:31] production.DEBUG: Bingwa USSD processor job finished. {"user_id":1,"flow_id":"4886cf3d-1872-4750-9b4e-96180342ac3e","processed":0} 
[2026-06-23 16:07:31] production.DEBUG: BackgroundTasks: found 4 schedule event(s)  
[2026-06-23 16:07:31] production.INFO: SchedulerManifest: event command='php' 'artisan' bingwa:heartbeat expression=*/15 * * * *  
[2026-06-23 16:07:31] production.INFO: SchedulerManifest: event command='php' 'artisan' bingwa:sync-transactions expression=*/5 * * * *  
[2026-06-23 16:07:31] production.INFO: SchedulerManifest: event command='php' 'artisan' bingwa:process-auto-renewals expression=*/5 * * * *  
[2026-06-23 16:07:31] production.INFO: SchedulerManifest: event command='php' 'artisan' bingwa:fetch-airtime-balance expression=*/15 * * * *  
[2026-06-23 16:07:32] production.DEBUG: Bingwa transaction sync job started. {"component":"transaction_sync","user_id":1,"push_data":[],"unique_id":"bingwa-sync-transactions:1"} 
[2026-06-23 16:07:32] production.DEBUG: Bingwa transaction sync started. {"component":"transaction_sync","user_id":1,"limit":10,"only_service":null,"registration_id":1,"backend_device_id":31} 
[2026-06-23 16:07:33] production.INFO: Bingwa transaction sync endpoint response received. {"component":"transaction_sync","user_id":1,"endpoint":"data_bundles","url":"https://backend.statum.co.ke/api/v1/jobs/next/data_bundles","status":204,"response_body":""} 
[2026-06-23 16:07:33] production.INFO: Bingwa transaction sync endpoint response received. {"component":"transaction_sync","user_id":1,"endpoint":"sms","url":"https://backend.statum.co.ke/api/v1/jobs/next/sms","status":204,"response_body":""} 
[2026-06-23 16:07:33] production.INFO: Bingwa transaction sync endpoint response received. {"component":"transaction_sync","user_id":1,"endpoint":"airtime","url":"https://backend.statum.co.ke/api/v1/jobs/next/airtime","status":204,"response_body":""} 
[2026-06-23 16:07:33] production.DEBUG: Bingwa transaction sync finished fetching jobs. {"component":"transaction_sync","user_id":1,"synced_so_far":0,"skipped_so_far":0,"failed_so_far":0,"push_data":[]} 
[2026-06-23 16:07:33] production.INFO: Bingwa transaction sync completed. {"component":"transaction_sync","user_id":1,"synced":0,"skipped":0,"failed":0} 
[2026-06-23 16:07:33] production.DEBUG: Bingwa transaction sync job finished fetching. {"component":"transaction_sync","user_id":1,"synced":0,"skipped":0,"failed":0,"push_data":[]} 
[2026-06-23 16:07:34] production.DEBUG: BackgroundTasks: found 4 schedule event(s)  
[2026-06-23 16:07:34] production.INFO: SchedulerManifest: event command='php' 'artisan' bingwa:heartbeat expression=*/15 * * * *  
[2026-06-23 16:07:34] production.INFO: SchedulerManifest: event command='php' 'artisan' bingwa:sync-transactions expression=*/5 * * * *  
[2026-06-23 16:07:34] production.INFO: SchedulerManifest: event command='php' 'artisan' bingwa:process-auto-renewals expression=*/5 * * * *  
[2026-06-23 16:07:34] production.INFO: SchedulerManifest: event command='php' 'artisan' bingwa:fetch-airtime-balance expression=*/15 * * * *  
[2026-06-23 16:07:35] production.DEBUG: Airtime balance refresh job started. {"component":"airtime_balance","user_id":1} 
[2026-06-23 16:07:35] production.INFO: Bingwa airtime balance refresh started. {"component":"airtime_balance","user_id":1} 
[2026-06-23 16:07:35] production.DEBUG: Bingwa airtime USSD probe. {"component":"airtime_balance","sim_slot":1,"mode":"express","nativephp_call_available":true} 
[2026-06-23 16:07:35] production.DEBUG: USSD modem lock acquired. {"component":"ussd_modem","sim_slot":1,"operation":"airtime-refresh","wait_seconds":2,"lease_seconds":105} 
[2026-06-23 16:07:37] production.DEBUG: USSD modem lock released. {"component":"ussd_modem","sim_slot":1,"operation":"airtime-refresh"} 
[2026-06-23 16:07:37] production.DEBUG: Bingwa airtime USSD raw response. {"component":"airtime_balance","sim_slot":1,"response":"{\"success\":false,\"message\":\"Airtime Bal: 483.52KSH.Expire date:21-09-2026. Tariff:Uwezo . A SPECIAL NEW offer Awaits you! Dial *131# today and stay connected.\"}"} 
[2026-06-23 16:07:37] production.DEBUG: Bingwa airtime USSD message extracted. {"component":"airtime_balance","sim_slot":1,"message":"Airtime Bal: 483.52KSH.Expire date:21-09-2026. Tariff:Uwezo . A SPECIAL NEW offer Awaits you! Dial *131# today and stay connected."} 
[2026-06-23 16:07:37] production.DEBUG: Bingwa airtime balance parsed via Airtime Bal pattern. {"component":"airtime_balance","raw":"Airtime Bal: 483.52KSH.Expire date:21-09-2026. Tariff:Uwezo . A SPECIAL NEW offer Awaits you! Dial *131# today and stay connected.","parsed":"483.52"} 
[2026-06-23 16:07:37] production.DEBUG: Bingwa airtime balance refreshed. {"component":"airtime_balance","user_id":1,"sim_slot":1,"balance":483.52} 
[2026-06-23 16:07:37] production.DEBUG: Airtime balance refresh job finished. {"component":"airtime_balance","user_id":1} 
[2026-06-23 16:07:38] production.DEBUG: BackgroundTasks: found 4 schedule event(s)  
[2026-06-23 16:07:38] production.INFO: SchedulerManifest: event command='php' 'artisan' bingwa:heartbeat expression=*/15 * * * *  
[2026-06-23 16:07:38] production.INFO: SchedulerManifest: event command='php' 'artisan' bingwa:sync-transactions expression=*/5 * * * *  
[2026-06-23 16:07:38] production.INFO: SchedulerManifest: event command='php' 'artisan' bingwa:process-auto-renewals expression=*/5 * * * *  
[2026-06-23 16:07:38] production.INFO: SchedulerManifest: event command='php' 'artisan' bingwa:fetch-airtime-balance expression=*/15 * * * *  
[2026-06-23 16:09:16] production.DEBUG: BackgroundTasks: found 4 schedule event(s)  
[2026-06-23 16:09:16] production.INFO: SchedulerManifest: event command='php' 'artisan' bingwa:heartbeat expression=*/15 * * * *  
[2026-06-23 16:09:16] production.INFO: SchedulerManifest: event command='php' 'artisan' bingwa:sync-transactions expression=*/5 * * * *  
[2026-06-23 16:09:16] production.INFO: SchedulerManifest: event command='php' 'artisan' bingwa:process-auto-renewals expression=*/5 * * * *  
[2026-06-23 16:09:16] production.INFO: SchedulerManifest: event command='php' 'artisan' bingwa:fetch-airtime-balance expression=*/15 * * * *  
[2026-06-23 16:21:11] production.DEBUG: BackgroundTasks: found 4 schedule event(s)  
[2026-06-23 16:21:11] production.INFO: SchedulerManifest: event command='php' 'artisan' bingwa:heartbeat expression=*/15 * * * *  
[2026-06-23 16:21:11] production.INFO: SchedulerManifest: event command='php' 'artisan' bingwa:sync-transactions expression=*/5 * * * *  
[2026-06-23 16:21:11] production.INFO: SchedulerManifest: event command='php' 'artisan' bingwa:process-auto-renewals expression=*/5 * * * *  
[2026-06-23 16:21:11] production.INFO: SchedulerManifest: event command='php' 'artisan' bingwa:fetch-airtime-balance expression=*/15 * * * *  
[2026-06-23 16:23:41] production.DEBUG: BackgroundTasks: found 4 schedule event(s)  
[2026-06-23 16:23:41] production.INFO: SchedulerManifest: event command='php' 'artisan' bingwa:heartbeat expression=*/15 * * * *  
[2026-06-23 16:23:41] production.INFO: SchedulerManifest: event command='php' 'artisan' bingwa:sync-transactions expression=*/5 * * * *  
[2026-06-23 16:23:41] production.INFO: SchedulerManifest: event command='php' 'artisan' bingwa:process-auto-renewals expression=*/5 * * * *  
[2026-06-23 16:23:41] production.INFO: SchedulerManifest: event command='php' 'artisan' bingwa:fetch-airtime-balance expression=*/15 * * * *  
[2026-06-23 16:23:41] production.DEBUG: Bingwa heartbeat command dispatching job. {"user_id":1,"registration_id":1} 
[2026-06-23 16:23:41] production.INFO: Bingwa heartbeat job queued. {"user_id":1,"registration_id":1} 
[2026-06-23 16:23:42] production.DEBUG: BackgroundTasks: found 4 schedule event(s)  
[2026-06-23 16:23:42] production.INFO: SchedulerManifest: event command='php' 'artisan' bingwa:heartbeat expression=*/15 * * * *  
[2026-06-23 16:23:42] production.INFO: SchedulerManifest: event command='php' 'artisan' bingwa:sync-transactions expression=*/5 * * * *  
[2026-06-23 16:23:42] production.INFO: SchedulerManifest: event command='php' 'artisan' bingwa:process-auto-renewals expression=*/5 * * * *  
[2026-06-23 16:23:42] production.INFO: SchedulerManifest: event command='php' 'artisan' bingwa:fetch-airtime-balance expression=*/15 * * * *  
[2026-06-23 16:23:43] production.DEBUG: Auto-renewal processing command started. {"component":"auto_renewal"} 
[2026-06-23 16:23:43] production.DEBUG: Auto-renewal processing command dispatching jobs. {"component":"auto_renewal","user_id":1} 
[2026-06-23 16:23:43] production.DEBUG: Auto-renewal processing started. {"component":"auto_renewal","user_id":1} 
[2026-06-23 16:23:43] production.DEBUG: Bingwa transaction processing job dispatched. {"user_id":1} 
[2026-06-23 16:23:43] production.INFO: Auto-renewal processing command finished. {"queued":0,"rescheduled":0,"failed":0,"users":[],"component":"auto_renewal","user_id":1} 
[2026-06-23 16:23:44] production.DEBUG: BackgroundTasks: found 4 schedule event(s)  
[2026-06-23 16:23:44] production.INFO: SchedulerManifest: event command='php' 'artisan' bingwa:heartbeat expression=*/15 * * * *  
[2026-06-23 16:23:44] production.INFO: SchedulerManifest: event command='php' 'artisan' bingwa:sync-transactions expression=*/5 * * * *  
[2026-06-23 16:23:44] production.INFO: SchedulerManifest: event command='php' 'artisan' bingwa:process-auto-renewals expression=*/5 * * * *  
[2026-06-23 16:23:44] production.INFO: SchedulerManifest: event command='php' 'artisan' bingwa:fetch-airtime-balance expression=*/15 * * * *  
[2026-06-23 16:23:44] production.INFO: 🔄 Starting Bingwa transactions sync... {"command":"bingwa:sync-transactions"} 
[2026-06-23 16:23:44] production.DEBUG: Bingwa transactions sync dispatching background job.  
[2026-06-23 16:23:44] production.INFO: ✅ Sync job queued successfully. {"queued":true,"user_id":1} 
[2026-06-23 16:23:45] production.DEBUG: BackgroundTasks: found 4 schedule event(s)  
[2026-06-23 16:23:45] production.INFO: SchedulerManifest: event command='php' 'artisan' bingwa:heartbeat expression=*/15 * * * *  
[2026-06-23 16:23:45] production.INFO: SchedulerManifest: event command='php' 'artisan' bingwa:sync-transactions expression=*/5 * * * *  
[2026-06-23 16:23:45] production.INFO: SchedulerManifest: event command='php' 'artisan' bingwa:process-auto-renewals expression=*/5 * * * *  
[2026-06-23 16:23:45] production.INFO: SchedulerManifest: event command='php' 'artisan' bingwa:fetch-airtime-balance expression=*/15 * * * *  
[2026-06-23 16:23:46] production.INFO: Starting automated airtime balance refresh command... {"component":"airtime_balance","command":"bingwa:fetch-airtime-balance"} 
[2026-06-23 16:23:46] production.INFO: Dispatching RefreshAirtimeBalanceJob. {"component":"airtime_balance","user_id":1} 
[2026-06-23 16:23:47] production.DEBUG: BackgroundTasks: found 4 schedule event(s)  
[2026-06-23 16:23:47] production.INFO: SchedulerManifest: event command='php' 'artisan' bingwa:heartbeat expression=*/15 * * * *  
[2026-06-23 16:23:47] production.INFO: SchedulerManifest: event command='php' 'artisan' bingwa:sync-transactions expression=*/5 * * * *  
[2026-06-23 16:23:47] production.INFO: SchedulerManifest: event command='php' 'artisan' bingwa:process-auto-renewals expression=*/5 * * * *  
[2026-06-23 16:23:47] production.INFO: SchedulerManifest: event command='php' 'artisan' bingwa:fetch-airtime-balance expression=*/15 * * * *  
[2026-06-23 16:23:48] production.DEBUG: Bingwa FCM sync job started. {"component":"fcm_sync","user_id":1,"flow_id":"28a637f8-437b-4f4f-a24a-6c914e4677c3","attempt":1,"tries":0} 
[2026-06-23 16:23:48] production.DEBUG: Bingwa FCM permission status checked in backend job. {"component":"fcm_sync","user_id":1,"flow_id":"28a637f8-437b-4f4f-a24a-6c914e4677c3","permission_status":"granted"} 
[2026-06-23 16:23:48] production.DEBUG: Skipped PushNotifications::enroll() as RequestPermission is not available in this context (e.g. queue worker). {"component":"fcm_sync","user_id":1,"flow_id":"28a637f8-437b-4f4f-a24a-6c914e4677c3"} 
[2026-06-23 16:23:48] production.DEBUG: Bingwa FCM token resolved in backend job. {"component":"fcm_sync","user_id":1,"flow_id":"28a637f8-437b-4f4f-a24a-6c914e4677c3","token_hash":"4c79b2aace04d2145956a8fe45cb5229480abe9b30c1e09b3821ea760f674e99"} 
[2026-06-23 16:23:48] production.DEBUG: Bingwa FCM token sync skipped because this token pair was already processed. {"user_id":1,"flow_id":"28a637f8-437b-4f4f-a24a-6c914e4677c3","device_token_hash":"464ec13405960eb0","fcm_token_hash":"4c79b2aace04d214"} 
[2026-06-23 16:23:48] production.DEBUG: Bingwa FCM sync job completed successfully. {"component":"fcm_sync","user_id":1,"flow_id":"28a637f8-437b-4f4f-a24a-6c914e4677c3"} 
[2026-06-23 16:23:48] production.DEBUG: BackgroundTasks: found 4 schedule event(s)  
[2026-06-23 16:23:48] production.INFO: SchedulerManifest: event command='php' 'artisan' bingwa:heartbeat expression=*/15 * * * *  
[2026-06-23 16:23:48] production.INFO: SchedulerManifest: event command='php' 'artisan' bingwa:sync-transactions expression=*/5 * * * *  
[2026-06-23 16:23:48] production.INFO: SchedulerManifest: event command='php' 'artisan' bingwa:process-auto-renewals expression=*/5 * * * *  
[2026-06-23 16:23:48] production.INFO: SchedulerManifest: event command='php' 'artisan' bingwa:fetch-airtime-balance expression=*/15 * * * *  
[2026-06-23 16:23:49] production.DEBUG: Bingwa heartbeat job started. {"component":"heartbeat","user_id":1} 
[2026-06-23 16:23:49] production.INFO: Bingwa heartbeat request starting. {"component":"heartbeat","user_id":1,"registration_id":1,"backend_device_id":31,"base_url":"https://backend.statum.co.ke"} 
[2026-06-23 16:24:12] production.INFO: Bingwa heartbeat accepted by backend. {"component":"heartbeat","user_id":1,"registration_id":1,"backend_device_id":31,"status":200,"response_body":"{\"status\":\"ok\",\"heartbeat_interval_seconds\":300,\"server_time\":\"2026-06-23T16:24:02+03:00\"}","recorded_at":"2026-06-23T13:24:12.037148Z"} 
[2026-06-23 16:24:12] production.DEBUG: Bingwa heartbeat job finished. {"component":"heartbeat","user_id":1,"sent":true} 
[2026-06-23 16:24:12] production.DEBUG: BackgroundTasks: found 4 schedule event(s)  
[2026-06-23 16:24:12] production.INFO: SchedulerManifest: event command='php' 'artisan' bingwa:heartbeat expression=*/15 * * * *  
[2026-06-23 16:24:12] production.INFO: SchedulerManifest: event command='php' 'artisan' bingwa:sync-transactions expression=*/5 * * * *  
[2026-06-23 16:24:12] production.INFO: SchedulerManifest: event command='php' 'artisan' bingwa:process-auto-renewals expression=*/5 * * * *  
[2026-06-23 16:24:12] production.INFO: SchedulerManifest: event command='php' 'artisan' bingwa:fetch-airtime-balance expression=*/15 * * * *  
[2026-06-23 16:24:13] production.DEBUG: Bingwa USSD processor job started. {"user_id":1,"flow_id":"0680de65-a31e-4057-8d0e-ea2c6a5cea90","attempt":1,"tries":3} 
[2026-06-23 16:24:13] production.DEBUG: Bingwa USSD processor found no queued transaction. {"user_id":1,"flow_id":"0680de65-a31e-4057-8d0e-ea2c6a5cea90"} 
[2026-06-23 16:24:13] production.DEBUG: Bingwa USSD processor job finished. {"user_id":1,"flow_id":"0680de65-a31e-4057-8d0e-ea2c6a5cea90","processed":0} 
[2026-06-23 16:24:14] production.DEBUG: BackgroundTasks: found 4 schedule event(s)  
[2026-06-23 16:24:14] production.INFO: SchedulerManifest: event command='php' 'artisan' bingwa:heartbeat expression=*/15 * * * *  
[2026-06-23 16:24:14] production.INFO: SchedulerManifest: event command='php' 'artisan' bingwa:sync-transactions expression=*/5 * * * *  
[2026-06-23 16:24:14] production.INFO: SchedulerManifest: event command='php' 'artisan' bingwa:process-auto-renewals expression=*/5 * * * *  
[2026-06-23 16:24:14] production.INFO: SchedulerManifest: event command='php' 'artisan' bingwa:fetch-airtime-balance expression=*/15 * * * *  
[2026-06-23 16:24:15] production.DEBUG: Bingwa transaction sync job started. {"component":"transaction_sync","user_id":1,"push_data":[],"unique_id":"bingwa-sync-transactions:1"} 
[2026-06-23 16:24:15] production.DEBUG: Bingwa transaction sync started. {"component":"transaction_sync","user_id":1,"limit":10,"only_service":null,"registration_id":1,"backend_device_id":31} 
[2026-06-23 16:24:16] production.INFO: Bingwa transaction sync endpoint response received. {"component":"transaction_sync","user_id":1,"endpoint":"data_bundles","url":"https://backend.statum.co.ke/api/v1/jobs/next/data_bundles","status":204,"response_body":""} 
[2026-06-23 16:24:16] production.INFO: Bingwa transaction sync endpoint response received. {"component":"transaction_sync","user_id":1,"endpoint":"sms","url":"https://backend.statum.co.ke/api/v1/jobs/next/sms","status":204,"response_body":""} 
[2026-06-23 16:24:16] production.INFO: Bingwa transaction sync endpoint response received. {"component":"transaction_sync","user_id":1,"endpoint":"airtime","url":"https://backend.statum.co.ke/api/v1/jobs/next/airtime","status":204,"response_body":""} 
[2026-06-23 16:24:16] production.DEBUG: Bingwa transaction sync finished fetching jobs. {"component":"transaction_sync","user_id":1,"synced_so_far":0,"skipped_so_far":0,"failed_so_far":0,"push_data":[]} 
[2026-06-23 16:24:16] production.INFO: Bingwa transaction sync completed. {"component":"transaction_sync","user_id":1,"synced":0,"skipped":0,"failed":0} 
[2026-06-23 16:24:16] production.DEBUG: Bingwa transaction sync job finished fetching. {"component":"transaction_sync","user_id":1,"synced":0,"skipped":0,"failed":0,"push_data":[]} 
[2026-06-23 16:24:17] production.DEBUG: BackgroundTasks: found 4 schedule event(s)  
[2026-06-23 16:24:17] production.INFO: SchedulerManifest: event command='php' 'artisan' bingwa:heartbeat expression=*/15 * * * *  
[2026-06-23 16:24:17] production.INFO: SchedulerManifest: event command='php' 'artisan' bingwa:sync-transactions expression=*/5 * * * *  
[2026-06-23 16:24:17] production.INFO: SchedulerManifest: event command='php' 'artisan' bingwa:process-auto-renewals expression=*/5 * * * *  
[2026-06-23 16:24:17] production.INFO: SchedulerManifest: event command='php' 'artisan' bingwa:fetch-airtime-balance expression=*/15 * * * *  
[2026-06-23 16:24:18] production.DEBUG: Airtime balance refresh job started. {"component":"airtime_balance","user_id":1} 
[2026-06-23 16:24:18] production.INFO: Bingwa airtime balance refresh started. {"component":"airtime_balance","user_id":1} 
[2026-06-23 16:24:18] production.DEBUG: Bingwa airtime USSD probe. {"component":"airtime_balance","sim_slot":1,"mode":"express","nativephp_call_available":true} 
[2026-06-23 16:24:18] production.DEBUG: USSD modem lock acquired. {"component":"ussd_modem","sim_slot":1,"operation":"airtime-refresh","wait_seconds":2,"lease_seconds":105} 
[2026-06-23 16:24:20] production.DEBUG: USSD modem lock released. {"component":"ussd_modem","sim_slot":1,"operation":"airtime-refresh"} 
[2026-06-23 16:24:20] production.DEBUG: Bingwa airtime USSD raw response. {"component":"airtime_balance","sim_slot":1,"response":"{\"success\":false,\"message\":\"Airtime Bal: 483.52KSH.Expire date:21-09-2026. Tariff:Uwezo . A SPECIAL NEW offer Awaits you! Dial *131# today and stay connected.\"}"} 
[2026-06-23 16:24:20] production.DEBUG: Bingwa airtime USSD message extracted. {"component":"airtime_balance","sim_slot":1,"message":"Airtime Bal: 483.52KSH.Expire date:21-09-2026. Tariff:Uwezo . A SPECIAL NEW offer Awaits you! Dial *131# today and stay connected."} 
[2026-06-23 16:24:20] production.DEBUG: Bingwa airtime balance parsed via Airtime Bal pattern. {"component":"airtime_balance","raw":"Airtime Bal: 483.52KSH.Expire date:21-09-2026. Tariff:Uwezo . A SPECIAL NEW offer Awaits you! Dial *131# today and stay connected.","parsed":"483.52"} 
[2026-06-23 16:24:20] production.DEBUG: Bingwa airtime balance refreshed. {"component":"airtime_balance","user_id":1,"sim_slot":1,"balance":483.52} 
[2026-06-23 16:24:20] production.DEBUG: Airtime balance refresh job finished. {"component":"airtime_balance","user_id":1} 
[2026-06-23 16:24:23] production.DEBUG: BackgroundTasks: found 4 schedule event(s)  
[2026-06-23 16:24:23] production.INFO: SchedulerManifest: event command='php' 'artisan' bingwa:heartbeat expression=*/15 * * * *  
[2026-06-23 16:24:23] production.INFO: SchedulerManifest: event command='php' 'artisan' bingwa:sync-transactions expression=*/5 * * * *  
[2026-06-23 16:24:23] production.INFO: SchedulerManifest: event command='php' 'artisan' bingwa:process-auto-renewals expression=*/5 * * * *  
[2026-06-23 16:24:23] production.INFO: SchedulerManifest: event command='php' 'artisan' bingwa:fetch-airtime-balance expression=*/15 * * * *  
[2026-06-23 16:25:58] production.DEBUG: BackgroundTasks: found 4 schedule event(s)  
[2026-06-23 16:25:58] production.INFO: SchedulerManifest: event command='php' 'artisan' bingwa:heartbeat expression=*/15 * * * *  
[2026-06-23 16:25:58] production.INFO: SchedulerManifest: event command='php' 'artisan' bingwa:sync-transactions expression=*/5 * * * *  
[2026-06-23 16:25:58] production.INFO: SchedulerManifest: event command='php' 'artisan' bingwa:process-auto-renewals expression=*/5 * * * *  
[2026-06-23 16:25:58] production.INFO: SchedulerManifest: event command='php' 'artisan' bingwa:fetch-airtime-balance expression=*/15 * * * *  
[2026-06-23 16:28:05] production.DEBUG: BackgroundTasks: found 4 schedule event(s)  
[2026-06-23 16:28:05] production.INFO: SchedulerManifest: event command='php' 'artisan' bingwa:heartbeat expression=*/15 * * * *  
[2026-06-23 16:28:05] production.INFO: SchedulerManifest: event command='php' 'artisan' bingwa:sync-transactions expression=*/5 * * * *  
[2026-06-23 16:28:05] production.INFO: SchedulerManifest: event command='php' 'artisan' bingwa:process-auto-renewals expression=*/5 * * * *  
[2026-06-23 16:28:05] production.INFO: SchedulerManifest: event command='php' 'artisan' bingwa:fetch-airtime-balance expression=*/15 * * * *  
[2026-06-23 16:30:10] production.DEBUG: BackgroundTasks: found 4 schedule event(s)  
[2026-06-23 16:30:10] production.INFO: SchedulerManifest: event command='php' 'artisan' bingwa:heartbeat expression=*/15 * * * *  
[2026-06-23 16:30:10] production.INFO: SchedulerManifest: event command='php' 'artisan' bingwa:sync-transactions expression=*/5 * * * *  
[2026-06-23 16:30:10] production.INFO: SchedulerManifest: event command='php' 'artisan' bingwa:process-auto-renewals expression=*/5 * * * *  
[2026-06-23 16:30:10] production.INFO: SchedulerManifest: event command='php' 'artisan' bingwa:fetch-airtime-balance expression=*/15 * * * *  
[2026-06-23 16:33:42] production.DEBUG: BackgroundTasks: found 4 schedule event(s)  
[2026-06-23 16:33:42] production.INFO: SchedulerManifest: event command='php' 'artisan' bingwa:heartbeat expression=*/15 * * * *  
[2026-06-23 16:33:42] production.INFO: SchedulerManifest: event command='php' 'artisan' bingwa:sync-transactions expression=*/5 * * * *  
[2026-06-23 16:33:42] production.INFO: SchedulerManifest: event command='php' 'artisan' bingwa:process-auto-renewals expression=*/5 * * * *  
[2026-06-23 16:33:42] production.INFO: SchedulerManifest: event command='php' 'artisan' bingwa:fetch-airtime-balance expression=*/15 * * * *  
[2026-06-23 16:38:15] production.DEBUG: BackgroundTasks: found 4 schedule event(s)  
[2026-06-23 16:38:15] production.INFO: SchedulerManifest: event command='php' 'artisan' bingwa:heartbeat expression=*/15 * * * *  
[2026-06-23 16:38:15] production.INFO: SchedulerManifest: event command='php' 'artisan' bingwa:sync-transactions expression=*/5 * * * *  
[2026-06-23 16:38:15] production.INFO: SchedulerManifest: event command='php' 'artisan' bingwa:process-auto-renewals expression=*/5 * * * *  
[2026-06-23 16:38:15] production.INFO: SchedulerManifest: event command='php' 'artisan' bingwa:fetch-airtime-balance expression=*/15 * * * *  
[2026-06-23 16:38:41] production.DEBUG: BackgroundTasks: found 4 schedule event(s)  
[2026-06-23 16:38:41] production.INFO: SchedulerManifest: event command='php' 'artisan' bingwa:heartbeat expression=*/15 * * * *  
[2026-06-23 16:38:41] production.INFO: SchedulerManifest: event command='php' 'artisan' bingwa:sync-transactions expression=*/5 * * * *  
[2026-06-23 16:38:41] production.INFO: SchedulerManifest: event command='php' 'artisan' bingwa:process-auto-renewals expression=*/5 * * * *  
[2026-06-23 16:38:41] production.INFO: SchedulerManifest: event command='php' 'artisan' bingwa:fetch-airtime-balance expression=*/15 * * * *  
[2026-06-23 16:38:45] production.DEBUG: Bingwa heartbeat command dispatching job. {"user_id":1,"registration_id":1} 
[2026-06-23 16:38:45] production.INFO: Bingwa heartbeat job queued. {"user_id":1,"registration_id":1} 
[2026-06-23 16:38:46] production.DEBUG: BackgroundTasks: found 4 schedule event(s)  
[2026-06-23 16:38:46] production.INFO: SchedulerManifest: event command='php' 'artisan' bingwa:heartbeat expression=*/15 * * * *  
[2026-06-23 16:38:46] production.INFO: SchedulerManifest: event command='php' 'artisan' bingwa:sync-transactions expression=*/5 * * * *  
[2026-06-23 16:38:46] production.INFO: SchedulerManifest: event command='php' 'artisan' bingwa:process-auto-renewals expression=*/5 * * * *  
[2026-06-23 16:38:46] production.INFO: SchedulerManifest: event command='php' 'artisan' bingwa:fetch-airtime-balance expression=*/15 * * * *  
[2026-06-23 16:38:48] production.DEBUG: Auto-renewal processing command started. {"component":"auto_renewal"} 
[2026-06-23 16:38:48] production.DEBUG: Auto-renewal processing command dispatching jobs. {"component":"auto_renewal","user_id":1} 
[2026-06-23 16:38:48] production.DEBUG: Auto-renewal processing started. {"component":"auto_renewal","user_id":1} 
[2026-06-23 16:38:48] production.DEBUG: Bingwa transaction processing job dispatched. {"user_id":1} 
[2026-06-23 16:38:48] production.INFO: Auto-renewal processing command finished. {"queued":0,"rescheduled":0,"failed":0,"users":[],"component":"auto_renewal","user_id":1} 
[2026-06-23 16:38:50] production.DEBUG: BackgroundTasks: found 4 schedule event(s)  
[2026-06-23 16:38:50] production.INFO: SchedulerManifest: event command='php' 'artisan' bingwa:heartbeat expression=*/15 * * * *  
[2026-06-23 16:38:50] production.INFO: SchedulerManifest: event command='php' 'artisan' bingwa:sync-transactions expression=*/5 * * * *  
[2026-06-23 16:38:50] production.INFO: SchedulerManifest: event command='php' 'artisan' bingwa:process-auto-renewals expression=*/5 * * * *  
[2026-06-23 16:38:50] production.INFO: SchedulerManifest: event command='php' 'artisan' bingwa:fetch-airtime-balance expression=*/15 * * * *  
[2026-06-23 16:38:50] production.INFO: Starting automated airtime balance refresh command... {"component":"airtime_balance","command":"bingwa:fetch-airtime-balance"} 
[2026-06-23 16:38:50] production.INFO: Dispatching RefreshAirtimeBalanceJob. {"component":"airtime_balance","user_id":1} 
[2026-06-23 16:38:59] production.DEBUG: BackgroundTasks: found 4 schedule event(s)  
[2026-06-23 16:38:59] production.INFO: SchedulerManifest: event command='php' 'artisan' bingwa:heartbeat expression=*/15 * * * *  
[2026-06-23 16:38:59] production.INFO: SchedulerManifest: event command='php' 'artisan' bingwa:sync-transactions expression=*/5 * * * *  
[2026-06-23 16:38:59] production.INFO: SchedulerManifest: event command='php' 'artisan' bingwa:process-auto-renewals expression=*/5 * * * *  
[2026-06-23 16:38:59] production.INFO: SchedulerManifest: event command='php' 'artisan' bingwa:fetch-airtime-balance expression=*/15 * * * *  
[2026-06-23 16:39:00] production.INFO: 🔄 Starting Bingwa transactions sync... {"command":"bingwa:sync-transactions"} 
[2026-06-23 16:39:00] production.DEBUG: Bingwa transactions sync dispatching background job.  
[2026-06-23 16:39:00] production.INFO: ✅ Sync job queued successfully. {"queued":true,"user_id":1} 
[2026-06-23 16:39:03] production.DEBUG: BackgroundTasks: found 4 schedule event(s)  
[2026-06-23 16:39:03] production.INFO: SchedulerManifest: event command='php' 'artisan' bingwa:heartbeat expression=*/15 * * * *  
[2026-06-23 16:39:03] production.INFO: SchedulerManifest: event command='php' 'artisan' bingwa:sync-transactions expression=*/5 * * * *  
[2026-06-23 16:39:03] production.INFO: SchedulerManifest: event command='php' 'artisan' bingwa:process-auto-renewals expression=*/5 * * * *  
[2026-06-23 16:39:03] production.INFO: SchedulerManifest: event command='php' 'artisan' bingwa:fetch-airtime-balance expression=*/15 * * * *  
[2026-06-23 16:39:07] production.DEBUG: Bingwa FCM sync job started. {"component":"fcm_sync","user_id":1,"flow_id":"de4a696e-be57-42f1-8a96-5c0151aad2a9","attempt":1,"tries":0} 
[2026-06-23 16:39:07] production.DEBUG: Bingwa FCM permission status checked in backend job. {"component":"fcm_sync","user_id":1,"flow_id":"de4a696e-be57-42f1-8a96-5c0151aad2a9","permission_status":"granted"} 
[2026-06-23 16:39:07] production.DEBUG: Skipped PushNotifications::enroll() as RequestPermission is not available in this context (e.g. queue worker). {"component":"fcm_sync","user_id":1,"flow_id":"de4a696e-be57-42f1-8a96-5c0151aad2a9"} 
[2026-06-23 16:39:07] production.DEBUG: Bingwa FCM token resolved in backend job. {"component":"fcm_sync","user_id":1,"flow_id":"de4a696e-be57-42f1-8a96-5c0151aad2a9","token_hash":"4c79b2aace04d2145956a8fe45cb5229480abe9b30c1e09b3821ea760f674e99"} 
[2026-06-23 16:39:07] production.DEBUG: Bingwa FCM token sync skipped because this token pair was already processed. {"user_id":1,"flow_id":"de4a696e-be57-42f1-8a96-5c0151aad2a9","device_token_hash":"464ec13405960eb0","fcm_token_hash":"4c79b2aace04d214"} 
[2026-06-23 16:39:07] production.DEBUG: Bingwa FCM sync job completed successfully. {"component":"fcm_sync","user_id":1,"flow_id":"de4a696e-be57-42f1-8a96-5c0151aad2a9"} 
[2026-06-23 16:39:08] production.DEBUG: BackgroundTasks: found 4 schedule event(s)  
[2026-06-23 16:39:08] production.INFO: SchedulerManifest: event command='php' 'artisan' bingwa:heartbeat expression=*/15 * * * *  
[2026-06-23 16:39:08] production.INFO: SchedulerManifest: event command='php' 'artisan' bingwa:sync-transactions expression=*/5 * * * *  
[2026-06-23 16:39:08] production.INFO: SchedulerManifest: event command='php' 'artisan' bingwa:process-auto-renewals expression=*/5 * * * *  
[2026-06-23 16:39:08] production.INFO: SchedulerManifest: event command='php' 'artisan' bingwa:fetch-airtime-balance expression=*/15 * * * *  
[2026-06-23 16:39:38] production.DEBUG: Bingwa heartbeat job started. {"component":"heartbeat","user_id":1} 
[2026-06-23 16:39:38] production.INFO: Bingwa heartbeat request starting. {"component":"heartbeat","user_id":1,"registration_id":1,"backend_device_id":31,"base_url":"https://backend.statum.co.ke"} 
[2026-06-23 16:39:39] production.INFO: Bingwa heartbeat accepted by backend. {"component":"heartbeat","user_id":1,"registration_id":1,"backend_device_id":31,"status":200,"response_body":"{\"status\":\"ok\",\"heartbeat_interval_seconds\":300,\"server_time\":\"2026-06-23T16:39:38+03:00\"}","recorded_at":"2026-06-23T13:39:39.360702Z"} 
[2026-06-23 16:39:39] production.DEBUG: Bingwa heartbeat job finished. {"component":"heartbeat","user_id":1,"sent":true} 
[2026-06-23 16:39:40] production.DEBUG: BackgroundTasks: found 4 schedule event(s)  
[2026-06-23 16:39:40] production.INFO: SchedulerManifest: event command='php' 'artisan' bingwa:heartbeat expression=*/15 * * * *  
[2026-06-23 16:39:40] production.INFO: SchedulerManifest: event command='php' 'artisan' bingwa:sync-transactions expression=*/5 * * * *  
[2026-06-23 16:39:40] production.INFO: SchedulerManifest: event command='php' 'artisan' bingwa:process-auto-renewals expression=*/5 * * * *  
[2026-06-23 16:39:40] production.INFO: SchedulerManifest: event command='php' 'artisan' bingwa:fetch-airtime-balance expression=*/15 * * * *  
[2026-06-23 16:39:40] production.DEBUG: Bingwa USSD processor job started. {"user_id":1,"flow_id":"0f7d9dc7-7900-495b-a23c-398fb39770b4","attempt":1,"tries":3} 
[2026-06-23 16:39:40] production.DEBUG: Bingwa USSD processor found no queued transaction. {"user_id":1,"flow_id":"0f7d9dc7-7900-495b-a23c-398fb39770b4"} 
[2026-06-23 16:39:40] production.DEBUG: Bingwa USSD processor job finished. {"user_id":1,"flow_id":"0f7d9dc7-7900-495b-a23c-398fb39770b4","processed":0} 
[2026-06-23 16:39:42] production.DEBUG: BackgroundTasks: found 4 schedule event(s)  
[2026-06-23 16:39:42] production.INFO: SchedulerManifest: event command='php' 'artisan' bingwa:heartbeat expression=*/15 * * * *  
[2026-06-23 16:39:42] production.INFO: SchedulerManifest: event command='php' 'artisan' bingwa:sync-transactions expression=*/5 * * * *  
[2026-06-23 16:39:42] production.INFO: SchedulerManifest: event command='php' 'artisan' bingwa:process-auto-renewals expression=*/5 * * * *  
[2026-06-23 16:39:42] production.INFO: SchedulerManifest: event command='php' 'artisan' bingwa:fetch-airtime-balance expression=*/15 * * * *  
[2026-06-23 16:39:42] production.DEBUG: Airtime balance refresh job started. {"component":"airtime_balance","user_id":1} 
[2026-06-23 16:39:42] production.INFO: Bingwa airtime balance refresh started. {"component":"airtime_balance","user_id":1} 
[2026-06-23 16:39:42] production.DEBUG: Bingwa airtime USSD probe. {"component":"airtime_balance","sim_slot":1,"mode":"express","nativephp_call_available":true} 
[2026-06-23 16:39:42] production.DEBUG: USSD modem lock acquired. {"component":"ussd_modem","sim_slot":1,"operation":"airtime-refresh","wait_seconds":2,"lease_seconds":105} 
[2026-06-23 16:39:44] production.DEBUG: USSD modem lock released. {"component":"ussd_modem","sim_slot":1,"operation":"airtime-refresh"} 
[2026-06-23 16:39:44] production.DEBUG: Bingwa airtime USSD raw response. {"component":"airtime_balance","sim_slot":1,"response":"{\"success\":false,\"message\":\"Network returned a general failure\"}"} 
[2026-06-23 16:39:44] production.DEBUG: Bingwa airtime USSD message extracted. {"component":"airtime_balance","sim_slot":1,"message":"Network returned a general failure"} 
[2026-06-23 16:39:44] production.WARNING: Bingwa airtime balance could not be parsed from USSD response. {"component":"airtime_balance","raw":"Network returned a general failure"} 
[2026-06-23 16:39:44] production.WARNING: Bingwa airtime balance refresh failed: Could not retrieve or parse balance. {"component":"airtime_balance","user_id":1,"raw_response":"Network returned a general failure"} 
[2026-06-23 16:39:44] production.DEBUG: Airtime balance refresh job finished. {"component":"airtime_balance","user_id":1} 
[2026-06-23 16:39:45] production.DEBUG: BackgroundTasks: found 4 schedule event(s)  
[2026-06-23 16:39:45] production.INFO: SchedulerManifest: event command='php' 'artisan' bingwa:heartbeat expression=*/15 * * * *  
[2026-06-23 16:39:45] production.INFO: SchedulerManifest: event command='php' 'artisan' bingwa:sync-transactions expression=*/5 * * * *  
[2026-06-23 16:39:45] production.INFO: SchedulerManifest: event command='php' 'artisan' bingwa:process-auto-renewals expression=*/5 * * * *  
[2026-06-23 16:39:45] production.INFO: SchedulerManifest: event command='php' 'artisan' bingwa:fetch-airtime-balance expression=*/15 * * * *  
[2026-06-23 16:39:52] production.DEBUG: Bingwa transaction sync job started. {"component":"transaction_sync","user_id":1,"push_data":[],"unique_id":"bingwa-sync-transactions:1"} 
[2026-06-23 16:39:52] production.DEBUG: Bingwa transaction sync started. {"component":"transaction_sync","user_id":1,"limit":10,"only_service":null,"registration_id":1,"backend_device_id":31} 
[2026-06-23 16:39:54] production.INFO: Bingwa transaction sync endpoint response received. {"component":"transaction_sync","user_id":1,"endpoint":"data_bundles","url":"https://backend.statum.co.ke/api/v1/jobs/next/data_bundles","status":204,"response_body":""} 
[2026-06-23 16:39:54] production.INFO: Bingwa transaction sync endpoint response received. {"component":"transaction_sync","user_id":1,"endpoint":"sms","url":"https://backend.statum.co.ke/api/v1/jobs/next/sms","status":204,"response_body":""} 
[2026-06-23 16:39:54] production.INFO: Bingwa transaction sync endpoint response received. {"component":"transaction_sync","user_id":1,"endpoint":"airtime","url":"https://backend.statum.co.ke/api/v1/jobs/next/airtime","status":204,"response_body":""} 
[2026-06-23 16:39:54] production.DEBUG: Bingwa transaction sync finished fetching jobs. {"component":"transaction_sync","user_id":1,"synced_so_far":0,"skipped_so_far":0,"failed_so_far":0,"push_data":[]} 
[2026-06-23 16:39:54] production.INFO: Bingwa transaction sync completed. {"component":"transaction_sync","user_id":1,"synced":0,"skipped":0,"failed":0} 
[2026-06-23 16:39:54] production.DEBUG: Bingwa transaction sync job finished fetching. {"component":"transaction_sync","user_id":1,"synced":0,"skipped":0,"failed":0,"push_data":[]} 
[2026-06-23 16:39:55] production.DEBUG: BackgroundTasks: found 4 schedule event(s)  
[2026-06-23 16:39:55] production.INFO: SchedulerManifest: event command='php' 'artisan' bingwa:heartbeat expression=*/15 * * * *  
[2026-06-23 16:39:55] production.INFO: SchedulerManifest: event command='php' 'artisan' bingwa:sync-transactions expression=*/5 * * * *  
[2026-06-23 16:39:55] production.INFO: SchedulerManifest: event command='php' 'artisan' bingwa:process-auto-renewals expression=*/5 * * * *  
[2026-06-23 16:39:55] production.INFO: SchedulerManifest: event command='php' 'artisan' bingwa:fetch-airtime-balance expression=*/15 * * * *  
[2026-06-23 16:40:58] production.DEBUG: BackgroundTasks: found 4 schedule event(s)  
[2026-06-23 16:40:58] production.INFO: SchedulerManifest: event command='php' 'artisan' bingwa:heartbeat expression=*/15 * * * *  
[2026-06-23 16:40:58] production.INFO: SchedulerManifest: event command='php' 'artisan' bingwa:sync-transactions expression=*/5 * * * *  
[2026-06-23 16:40:58] production.INFO: SchedulerManifest: event command='php' 'artisan' bingwa:process-auto-renewals expression=*/5 * * * *  
[2026-06-23 16:40:58] production.INFO: SchedulerManifest: event command='php' 'artisan' bingwa:fetch-airtime-balance expression=*/15 * * * *  
[2026-06-23 16:41:34] production.DEBUG: BackgroundTasks: found 4 schedule event(s)  
[2026-06-23 16:41:34] production.INFO: SchedulerManifest: event command='php' 'artisan' bingwa:heartbeat expression=*/15 * * * *  
[2026-06-23 16:41:34] production.INFO: SchedulerManifest: event command='php' 'artisan' bingwa:sync-transactions expression=*/5 * * * *  
[2026-06-23 16:41:34] production.INFO: SchedulerManifest: event command='php' 'artisan' bingwa:process-auto-renewals expression=*/5 * * * *  
[2026-06-23 16:41:34] production.INFO: SchedulerManifest: event command='php' 'artisan' bingwa:fetch-airtime-balance expression=*/15 * * * *  
[2026-06-23 16:42:25] production.DEBUG: BackgroundTasks: found 4 schedule event(s)  
[2026-06-23 16:42:25] production.INFO: SchedulerManifest: event command='php' 'artisan' bingwa:heartbeat expression=*/15 * * * *  
[2026-06-23 16:42:25] production.INFO: SchedulerManifest: event command='php' 'artisan' bingwa:sync-transactions expression=*/5 * * * *  
[2026-06-23 16:42:25] production.INFO: SchedulerManifest: event command='php' 'artisan' bingwa:process-auto-renewals expression=*/5 * * * *  
[2026-06-23 16:42:25] production.INFO: SchedulerManifest: event command='php' 'artisan' bingwa:fetch-airtime-balance expression=*/15 * * * *  
[2026-06-23 16:43:40] production.DEBUG: BackgroundTasks: found 4 schedule event(s)  
[2026-06-23 16:43:40] production.INFO: SchedulerManifest: event command='php' 'artisan' bingwa:heartbeat expression=*/15 * * * *  
[2026-06-23 16:43:40] production.INFO: SchedulerManifest: event command='php' 'artisan' bingwa:sync-transactions expression=*/5 * * * *  
[2026-06-23 16:43:40] production.INFO: SchedulerManifest: event command='php' 'artisan' bingwa:process-auto-renewals expression=*/5 * * * *  
[2026-06-23 16:43:40] production.INFO: SchedulerManifest: event command='php' 'artisan' bingwa:fetch-airtime-balance expression=*/15 * * * *  
[2026-06-23 16:46:51] production.DEBUG: BackgroundTasks: found 4 schedule event(s)  
[2026-06-23 16:46:51] production.INFO: SchedulerManifest: event command='php' 'artisan' bingwa:heartbeat expression=*/15 * * * *  
[2026-06-23 16:46:51] production.INFO: SchedulerManifest: event command='php' 'artisan' bingwa:sync-transactions expression=*/5 * * * *  
[2026-06-23 16:46:51] production.INFO: SchedulerManifest: event command='php' 'artisan' bingwa:process-auto-renewals expression=*/5 * * * *  
[2026-06-23 16:46:51] production.INFO: SchedulerManifest: event command='php' 'artisan' bingwa:fetch-airtime-balance expression=*/15 * * * *  
[2026-06-23 16:47:25] production.DEBUG: BackgroundTasks: found 4 schedule event(s)  
[2026-06-23 16:47:25] production.INFO: SchedulerManifest: event command='php' 'artisan' bingwa:heartbeat expression=*/15 * * * *  
[2026-06-23 16:47:25] production.INFO: SchedulerManifest: event command='php' 'artisan' bingwa:sync-transactions expression=*/5 * * * *  
[2026-06-23 16:47:25] production.INFO: SchedulerManifest: event command='php' 'artisan' bingwa:process-auto-renewals expression=*/5 * * * *  
[2026-06-23 16:47:25] production.INFO: SchedulerManifest: event command='php' 'artisan' bingwa:fetch-airtime-balance expression=*/15 * * * *  
[2026-06-23 16:48:00] production.DEBUG: BackgroundTasks: found 4 schedule event(s)  
[2026-06-23 16:48:00] production.INFO: SchedulerManifest: event command='php' 'artisan' bingwa:heartbeat expression=*/15 * * * *  
[2026-06-23 16:48:00] production.INFO: SchedulerManifest: event command='php' 'artisan' bingwa:sync-transactions expression=*/5 * * * *  
[2026-06-23 16:48:00] production.INFO: SchedulerManifest: event command='php' 'artisan' bingwa:process-auto-renewals expression=*/5 * * * *  
[2026-06-23 16:48:00] production.INFO: SchedulerManifest: event command='php' 'artisan' bingwa:fetch-airtime-balance expression=*/15 * * * *  
[2026-06-23 16:48:35] production.DEBUG: BackgroundTasks: found 4 schedule event(s)  
[2026-06-23 16:48:35] production.INFO: SchedulerManifest: event command='php' 'artisan' bingwa:heartbeat expression=*/15 * * * *  
[2026-06-23 16:48:35] production.INFO: SchedulerManifest: event command='php' 'artisan' bingwa:sync-transactions expression=*/5 * * * *  
[2026-06-23 16:48:35] production.INFO: SchedulerManifest: event command='php' 'artisan' bingwa:process-auto-renewals expression=*/5 * * * *  
[2026-06-23 16:48:35] production.INFO: SchedulerManifest: event command='php' 'artisan' bingwa:fetch-airtime-balance expression=*/15 * * * *  
[2026-06-23 16:49:09] production.DEBUG: BackgroundTasks: found 4 schedule event(s)  
[2026-06-23 16:49:09] production.INFO: SchedulerManifest: event command='php' 'artisan' bingwa:heartbeat expression=*/15 * * * *  
[2026-06-23 16:49:09] production.INFO: SchedulerManifest: event command='php' 'artisan' bingwa:sync-transactions expression=*/5 * * * *  
[2026-06-23 16:49:09] production.INFO: SchedulerManifest: event command='php' 'artisan' bingwa:process-auto-renewals expression=*/5 * * * *  
[2026-06-23 16:49:09] production.INFO: SchedulerManifest: event command='php' 'artisan' bingwa:fetch-airtime-balance expression=*/15 * * * *  
[2026-06-23 16:49:44] production.DEBUG: BackgroundTasks: found 4 schedule event(s)  
[2026-06-23 16:49:44] production.INFO: SchedulerManifest: event command='php' 'artisan' bingwa:heartbeat expression=*/15 * * * *  
[2026-06-23 16:49:44] production.INFO: SchedulerManifest: event command='php' 'artisan' bingwa:sync-transactions expression=*/5 * * * *  
[2026-06-23 16:49:44] production.INFO: SchedulerManifest: event command='php' 'artisan' bingwa:process-auto-renewals expression=*/5 * * * *  
[2026-06-23 16:49:44] production.INFO: SchedulerManifest: event command='php' 'artisan' bingwa:fetch-airtime-balance expression=*/15 * * * *  
[2026-06-23 16:52:37] production.DEBUG: BackgroundTasks: found 4 schedule event(s)  
[2026-06-23 16:52:37] production.INFO: SchedulerManifest: event command='php' 'artisan' bingwa:heartbeat expression=*/15 * * * *  
[2026-06-23 16:52:37] production.INFO: SchedulerManifest: event command='php' 'artisan' bingwa:sync-transactions expression=*/5 * * * *  
[2026-06-23 16:52:37] production.INFO: SchedulerManifest: event command='php' 'artisan' bingwa:process-auto-renewals expression=*/5 * * * *  
[2026-06-23 16:52:37] production.INFO: SchedulerManifest: event command='php' 'artisan' bingwa:fetch-airtime-balance expression=*/15 * * * *  
[2026-06-23 16:55:41] production.DEBUG: BackgroundTasks: found 4 schedule event(s)  
[2026-06-23 16:55:41] production.INFO: SchedulerManifest: event command='php' 'artisan' bingwa:heartbeat expression=*/15 * * * *  
[2026-06-23 16:55:41] production.INFO: SchedulerManifest: event command='php' 'artisan' bingwa:sync-transactions expression=*/5 * * * *  
[2026-06-23 16:55:41] production.INFO: SchedulerManifest: event command='php' 'artisan' bingwa:process-auto-renewals expression=*/5 * * * *  
[2026-06-23 16:55:41] production.INFO: SchedulerManifest: event command='php' 'artisan' bingwa:fetch-airtime-balance expression=*/15 * * * *  
[2026-06-23 16:55:42] production.DEBUG: Bingwa heartbeat command dispatching job. {"user_id":1,"registration_id":1} 
[2026-06-23 16:55:42] production.INFO: Bingwa heartbeat job queued. {"user_id":1,"registration_id":1} 
[2026-06-23 16:55:43] production.DEBUG: BackgroundTasks: found 4 schedule event(s)  
[2026-06-23 16:55:43] production.INFO: SchedulerManifest: event command='php' 'artisan' bingwa:heartbeat expression=*/15 * * * *  
[2026-06-23 16:55:43] production.INFO: SchedulerManifest: event command='php' 'artisan' bingwa:sync-transactions expression=*/5 * * * *  
[2026-06-23 16:55:43] production.INFO: SchedulerManifest: event command='php' 'artisan' bingwa:process-auto-renewals expression=*/5 * * * *  
[2026-06-23 16:55:43] production.INFO: SchedulerManifest: event command='php' 'artisan' bingwa:fetch-airtime-balance expression=*/15 * * * *  
[2026-06-23 16:55:43] production.INFO: Starting automated airtime balance refresh command... {"component":"airtime_balance","command":"bingwa:fetch-airtime-balance"} 
[2026-06-23 16:55:43] production.INFO: Dispatching RefreshAirtimeBalanceJob. {"component":"airtime_balance","user_id":1} 
[2026-06-23 16:55:44] production.DEBUG: BackgroundTasks: found 4 schedule event(s)  
[2026-06-23 16:55:44] production.INFO: SchedulerManifest: event command='php' 'artisan' bingwa:heartbeat expression=*/15 * * * *  
[2026-06-23 16:55:44] production.INFO: SchedulerManifest: event command='php' 'artisan' bingwa:sync-transactions expression=*/5 * * * *  
[2026-06-23 16:55:44] production.INFO: SchedulerManifest: event command='php' 'artisan' bingwa:process-auto-renewals expression=*/5 * * * *  
[2026-06-23 16:55:44] production.INFO: SchedulerManifest: event command='php' 'artisan' bingwa:fetch-airtime-balance expression=*/15 * * * *  
[2026-06-23 16:55:45] production.DEBUG: Auto-renewal processing command started. {"component":"auto_renewal"} 
[2026-06-23 16:55:45] production.DEBUG: Auto-renewal processing command dispatching jobs. {"component":"auto_renewal","user_id":1} 
[2026-06-23 16:55:45] production.DEBUG: Auto-renewal processing started. {"component":"auto_renewal","user_id":1} 
[2026-06-23 16:55:45] production.DEBUG: Bingwa transaction processing job dispatched. {"user_id":1} 
[2026-06-23 16:55:45] production.INFO: Auto-renewal processing command finished. {"queued":0,"rescheduled":0,"failed":0,"users":[],"component":"auto_renewal","user_id":1} 
[2026-06-23 16:55:46] production.DEBUG: BackgroundTasks: found 4 schedule event(s)  
[2026-06-23 16:55:46] production.INFO: SchedulerManifest: event command='php' 'artisan' bingwa:heartbeat expression=*/15 * * * *  
[2026-06-23 16:55:46] production.INFO: SchedulerManifest: event command='php' 'artisan' bingwa:sync-transactions expression=*/5 * * * *  
[2026-06-23 16:55:46] production.INFO: SchedulerManifest: event command='php' 'artisan' bingwa:process-auto-renewals expression=*/5 * * * *  
[2026-06-23 16:55:46] production.INFO: SchedulerManifest: event command='php' 'artisan' bingwa:fetch-airtime-balance expression=*/15 * * * *  
[2026-06-23 16:55:47] production.INFO: 🔄 Starting Bingwa transactions sync... {"command":"bingwa:sync-transactions"} 
[2026-06-23 16:55:47] production.DEBUG: Bingwa transactions sync dispatching background job.  
[2026-06-23 16:55:47] production.INFO: ✅ Sync job queued successfully. {"queued":true,"user_id":1} 
[2026-06-23 16:55:48] production.DEBUG: BackgroundTasks: found 4 schedule event(s)  
[2026-06-23 16:55:48] production.INFO: SchedulerManifest: event command='php' 'artisan' bingwa:heartbeat expression=*/15 * * * *  
[2026-06-23 16:55:48] production.INFO: SchedulerManifest: event command='php' 'artisan' bingwa:sync-transactions expression=*/5 * * * *  
[2026-06-23 16:55:48] production.INFO: SchedulerManifest: event command='php' 'artisan' bingwa:process-auto-renewals expression=*/5 * * * *  
[2026-06-23 16:55:48] production.INFO: SchedulerManifest: event command='php' 'artisan' bingwa:fetch-airtime-balance expression=*/15 * * * *  
[2026-06-23 16:55:56] production.DEBUG: Bingwa FCM sync job started. {"component":"fcm_sync","user_id":1,"flow_id":"e1ae2560-b637-4d61-bc9b-eea7aa22e9fe","attempt":1,"tries":0} 
[2026-06-23 16:55:56] production.DEBUG: Bingwa FCM permission status checked in backend job. {"component":"fcm_sync","user_id":1,"flow_id":"e1ae2560-b637-4d61-bc9b-eea7aa22e9fe","permission_status":"granted"} 
[2026-06-23 16:55:56] production.DEBUG: Skipped PushNotifications::enroll() as RequestPermission is not available in this context (e.g. queue worker). {"component":"fcm_sync","user_id":1,"flow_id":"e1ae2560-b637-4d61-bc9b-eea7aa22e9fe"} 
[2026-06-23 16:55:56] production.DEBUG: Bingwa FCM token resolved in backend job. {"component":"fcm_sync","user_id":1,"flow_id":"e1ae2560-b637-4d61-bc9b-eea7aa22e9fe","token_hash":"4c79b2aace04d2145956a8fe45cb5229480abe9b30c1e09b3821ea760f674e99"} 
[2026-06-23 16:55:56] production.DEBUG: Bingwa FCM token sync skipped because this token pair was already processed. {"user_id":1,"flow_id":"e1ae2560-b637-4d61-bc9b-eea7aa22e9fe","device_token_hash":"464ec13405960eb0","fcm_token_hash":"4c79b2aace04d214"} 
[2026-06-23 16:55:56] production.DEBUG: Bingwa FCM sync job completed successfully. {"component":"fcm_sync","user_id":1,"flow_id":"e1ae2560-b637-4d61-bc9b-eea7aa22e9fe"} 
[2026-06-23 16:55:57] production.DEBUG: BackgroundTasks: found 4 schedule event(s)  
[2026-06-23 16:55:57] production.INFO: SchedulerManifest: event command='php' 'artisan' bingwa:heartbeat expression=*/15 * * * *  
[2026-06-23 16:55:57] production.INFO: SchedulerManifest: event command='php' 'artisan' bingwa:sync-transactions expression=*/5 * * * *  
[2026-06-23 16:55:57] production.INFO: SchedulerManifest: event command='php' 'artisan' bingwa:process-auto-renewals expression=*/5 * * * *  
[2026-06-23 16:55:57] production.INFO: SchedulerManifest: event command='php' 'artisan' bingwa:fetch-airtime-balance expression=*/15 * * * *  
[2026-06-23 16:56:34] production.DEBUG: Bingwa heartbeat job started. {"component":"heartbeat","user_id":1} 
[2026-06-23 16:56:34] production.INFO: Bingwa heartbeat request starting. {"component":"heartbeat","user_id":1,"registration_id":1,"backend_device_id":31,"base_url":"https://backend.statum.co.ke"} 
[2026-06-23 16:56:36] production.INFO: Bingwa heartbeat accepted by backend. {"component":"heartbeat","user_id":1,"registration_id":1,"backend_device_id":31,"status":200,"response_body":"{\"status\":\"ok\",\"heartbeat_interval_seconds\":300,\"server_time\":\"2026-06-23T16:56:35+03:00\"}","recorded_at":"2026-06-23T13:56:36.651763Z"} 
[2026-06-23 16:56:36] production.DEBUG: Bingwa heartbeat job finished. {"component":"heartbeat","user_id":1,"sent":true} 
[2026-06-23 16:56:37] production.DEBUG: BackgroundTasks: found 4 schedule event(s)  
[2026-06-23 16:56:37] production.INFO: SchedulerManifest: event command='php' 'artisan' bingwa:heartbeat expression=*/15 * * * *  
[2026-06-23 16:56:37] production.INFO: SchedulerManifest: event command='php' 'artisan' bingwa:sync-transactions expression=*/5 * * * *  
[2026-06-23 16:56:37] production.INFO: SchedulerManifest: event command='php' 'artisan' bingwa:process-auto-renewals expression=*/5 * * * *  
[2026-06-23 16:56:37] production.INFO: SchedulerManifest: event command='php' 'artisan' bingwa:fetch-airtime-balance expression=*/15 * * * *  
[2026-06-23 16:56:38] production.DEBUG: Airtime balance refresh job started. {"component":"airtime_balance","user_id":1} 
[2026-06-23 16:56:38] production.INFO: Bingwa airtime balance refresh started. {"component":"airtime_balance","user_id":1} 
[2026-06-23 16:56:38] production.DEBUG: Bingwa airtime USSD probe. {"component":"airtime_balance","sim_slot":1,"mode":"express","nativephp_call_available":true} 
[2026-06-23 16:56:38] production.DEBUG: USSD modem lock acquired. {"component":"ussd_modem","sim_slot":1,"operation":"airtime-refresh","wait_seconds":2,"lease_seconds":105} 
[2026-06-23 16:56:40] production.DEBUG: USSD modem lock released. {"component":"ussd_modem","sim_slot":1,"operation":"airtime-refresh"} 
[2026-06-23 16:56:40] production.DEBUG: Bingwa airtime USSD raw response. {"component":"airtime_balance","sim_slot":1,"response":"{\"success\":false,\"message\":\"Airtime Bal: 483.52KSH.Expire date:21-09-2026. Tariff:Uwezo . A SPECIAL NEW offer Awaits you! Dial *131# today and stay connected.\"}"} 
[2026-06-23 16:56:40] production.DEBUG: Bingwa airtime USSD message extracted. {"component":"airtime_balance","sim_slot":1,"message":"Airtime Bal: 483.52KSH.Expire date:21-09-2026. Tariff:Uwezo . A SPECIAL NEW offer Awaits you! Dial *131# today and stay connected."} 
[2026-06-23 16:56:40] production.DEBUG: Bingwa airtime balance parsed via Airtime Bal pattern. {"component":"airtime_balance","raw":"Airtime Bal: 483.52KSH.Expire date:21-09-2026. Tariff:Uwezo . A SPECIAL NEW offer Awaits you! Dial *131# today and stay connected.","parsed":"483.52"} 
[2026-06-23 16:56:40] production.DEBUG: Bingwa airtime balance refreshed. {"component":"airtime_balance","user_id":1,"sim_slot":1,"balance":483.52} 
[2026-06-23 16:56:40] production.DEBUG: Airtime balance refresh job finished. {"component":"airtime_balance","user_id":1} 
[2026-06-23 16:56:41] production.DEBUG: BackgroundTasks: found 4 schedule event(s)  
[2026-06-23 16:56:41] production.INFO: SchedulerManifest: event command='php' 'artisan' bingwa:heartbeat expression=*/15 * * * *  
[2026-06-23 16:56:41] production.INFO: SchedulerManifest: event command='php' 'artisan' bingwa:sync-transactions expression=*/5 * * * *  
[2026-06-23 16:56:41] production.INFO: SchedulerManifest: event command='php' 'artisan' bingwa:process-auto-renewals expression=*/5 * * * *  
[2026-06-23 16:56:41] production.INFO: SchedulerManifest: event command='php' 'artisan' bingwa:fetch-airtime-balance expression=*/15 * * * *  
[2026-06-23 16:57:40] production.DEBUG: Bingwa USSD processor job started. {"user_id":1,"flow_id":"915198cd-fea3-42f7-979b-f328b1f83f9f","attempt":1,"tries":3} 
[2026-06-23 16:57:40] production.DEBUG: Bingwa USSD processor found no queued transaction. {"user_id":1,"flow_id":"915198cd-fea3-42f7-979b-f328b1f83f9f"} 
[2026-06-23 16:57:40] production.DEBUG: Bingwa USSD processor job finished. {"user_id":1,"flow_id":"915198cd-fea3-42f7-979b-f328b1f83f9f","processed":0} 
[2026-06-23 16:57:41] production.DEBUG: BackgroundTasks: found 4 schedule event(s)  
[2026-06-23 16:57:41] production.INFO: SchedulerManifest: event command='php' 'artisan' bingwa:heartbeat expression=*/15 * * * *  
[2026-06-23 16:57:41] production.INFO: SchedulerManifest: event command='php' 'artisan' bingwa:sync-transactions expression=*/5 * * * *  
[2026-06-23 16:57:41] production.INFO: SchedulerManifest: event command='php' 'artisan' bingwa:process-auto-renewals expression=*/5 * * * *  
[2026-06-23 16:57:41] production.INFO: SchedulerManifest: event command='php' 'artisan' bingwa:fetch-airtime-balance expression=*/15 * * * *  
[2026-06-23 16:57:42] production.DEBUG: Bingwa transaction sync job started. {"component":"transaction_sync","user_id":1,"push_data":[],"unique_id":"bingwa-sync-transactions:1"} 
[2026-06-23 16:57:42] production.DEBUG: Bingwa transaction sync started. {"component":"transaction_sync","user_id":1,"limit":10,"only_service":null,"registration_id":1,"backend_device_id":31} 
[2026-06-23 16:57:44] production.INFO: Bingwa transaction sync endpoint response received. {"component":"transaction_sync","user_id":1,"endpoint":"data_bundles","url":"https://backend.statum.co.ke/api/v1/jobs/next/data_bundles","status":204,"response_body":""} 
[2026-06-23 16:57:44] production.INFO: Bingwa transaction sync endpoint response received. {"component":"transaction_sync","user_id":1,"endpoint":"sms","url":"https://backend.statum.co.ke/api/v1/jobs/next/sms","status":204,"response_body":""} 
[2026-06-23 16:57:44] production.INFO: Bingwa transaction sync endpoint response received. {"component":"transaction_sync","user_id":1,"endpoint":"airtime","url":"https://backend.statum.co.ke/api/v1/jobs/next/airtime","status":204,"response_body":""} 
[2026-06-23 16:57:44] production.DEBUG: Bingwa transaction sync finished fetching jobs. {"component":"transaction_sync","user_id":1,"synced_so_far":0,"skipped_so_far":0,"failed_so_far":0,"push_data":[]} 
[2026-06-23 16:57:44] production.INFO: Bingwa transaction sync completed. {"component":"transaction_sync","user_id":1,"synced":0,"skipped":0,"failed":0} 
[2026-06-23 16:57:44] production.DEBUG: Bingwa transaction sync job finished fetching. {"component":"transaction_sync","user_id":1,"synced":0,"skipped":0,"failed":0,"push_data":[]} 
[2026-06-23 16:57:45] production.DEBUG: BackgroundTasks: found 4 schedule event(s)  
[2026-06-23 16:57:45] production.INFO: SchedulerManifest: event command='php' 'artisan' bingwa:heartbeat expression=*/15 * * * *  
[2026-06-23 16:57:45] production.INFO: SchedulerManifest: event command='php' 'artisan' bingwa:sync-transactions expression=*/5 * * * *  
[2026-06-23 16:57:45] production.INFO: SchedulerManifest: event command='php' 'artisan' bingwa:process-auto-renewals expression=*/5 * * * *  
[2026-06-23 16:57:45] production.INFO: SchedulerManifest: event command='php' 'artisan' bingwa:fetch-airtime-balance expression=*/15 * * * *  
[2026-06-23 17:02:52] production.DEBUG: BackgroundTasks: found 4 schedule event(s)  
[2026-06-23 17:02:52] production.INFO: SchedulerManifest: event command='php' 'artisan' bingwa:heartbeat expression=*/15 * * * *  
[2026-06-23 17:02:52] production.INFO: SchedulerManifest: event command='php' 'artisan' bingwa:sync-transactions expression=*/5 * * * *  
[2026-06-23 17:02:52] production.INFO: SchedulerManifest: event command='php' 'artisan' bingwa:process-auto-renewals expression=*/5 * * * *  
[2026-06-23 17:02:52] production.INFO: SchedulerManifest: event command='php' 'artisan' bingwa:fetch-airtime-balance expression=*/15 * * * *  
[2026-06-23 17:07:14] production.DEBUG: BackgroundTasks: found 4 schedule event(s)  
[2026-06-23 17:07:14] production.INFO: SchedulerManifest: event command='php' 'artisan' bingwa:heartbeat expression=*/15 * * * *  
[2026-06-23 17:07:14] production.INFO: SchedulerManifest: event command='php' 'artisan' bingwa:sync-transactions expression=*/5 * * * *  
[2026-06-23 17:07:14] production.INFO: SchedulerManifest: event command='php' 'artisan' bingwa:process-auto-renewals expression=*/5 * * * *  
[2026-06-23 17:07:14] production.INFO: SchedulerManifest: event command='php' 'artisan' bingwa:fetch-airtime-balance expression=*/15 * * * *  
[2026-06-23 17:11:02] production.DEBUG: BackgroundTasks: found 4 schedule event(s)  
[2026-06-23 17:11:02] production.INFO: SchedulerManifest: event command='php' 'artisan' bingwa:heartbeat expression=*/15 * * * *  
[2026-06-23 17:11:02] production.INFO: SchedulerManifest: event command='php' 'artisan' bingwa:sync-transactions expression=*/5 * * * *  
[2026-06-23 17:11:02] production.INFO: SchedulerManifest: event command='php' 'artisan' bingwa:process-auto-renewals expression=*/5 * * * *  
[2026-06-23 17:11:02] production.INFO: SchedulerManifest: event command='php' 'artisan' bingwa:fetch-airtime-balance expression=*/15 * * * *  
[2026-06-23 17:11:03] production.DEBUG: Bingwa heartbeat command dispatching job. {"user_id":1,"registration_id":1} 
[2026-06-23 17:11:03] production.INFO: Bingwa heartbeat job queued. {"user_id":1,"registration_id":1} 
[2026-06-23 17:11:04] production.DEBUG: BackgroundTasks: found 4 schedule event(s)  
[2026-06-23 17:11:04] production.INFO: SchedulerManifest: event command='php' 'artisan' bingwa:heartbeat expression=*/15 * * * *  
[2026-06-23 17:11:04] production.INFO: SchedulerManifest: event command='php' 'artisan' bingwa:sync-transactions expression=*/5 * * * *  
[2026-06-23 17:11:04] production.INFO: SchedulerManifest: event command='php' 'artisan' bingwa:process-auto-renewals expression=*/5 * * * *  
[2026-06-23 17:11:04] production.INFO: SchedulerManifest: event command='php' 'artisan' bingwa:fetch-airtime-balance expression=*/15 * * * *  
[2026-06-23 17:11:05] production.DEBUG: Auto-renewal processing command started. {"component":"auto_renewal"} 
[2026-06-23 17:11:05] production.DEBUG: Auto-renewal processing command dispatching jobs. {"component":"auto_renewal","user_id":1} 
[2026-06-23 17:11:05] production.DEBUG: Auto-renewal processing started. {"component":"auto_renewal","user_id":1} 
[2026-06-23 17:11:05] production.DEBUG: Bingwa transaction processing job dispatched. {"user_id":1} 
[2026-06-23 17:11:05] production.INFO: Auto-renewal processing command finished. {"queued":0,"rescheduled":0,"failed":0,"users":[],"component":"auto_renewal","user_id":1} 
[2026-06-23 17:11:06] production.DEBUG: BackgroundTasks: found 4 schedule event(s)  
[2026-06-23 17:11:06] production.INFO: SchedulerManifest: event command='php' 'artisan' bingwa:heartbeat expression=*/15 * * * *  
[2026-06-23 17:11:06] production.INFO: SchedulerManifest: event command='php' 'artisan' bingwa:sync-transactions expression=*/5 * * * *  
[2026-06-23 17:11:06] production.INFO: SchedulerManifest: event command='php' 'artisan' bingwa:process-auto-renewals expression=*/5 * * * *  
[2026-06-23 17:11:06] production.INFO: SchedulerManifest: event command='php' 'artisan' bingwa:fetch-airtime-balance expression=*/15 * * * *  
[2026-06-23 17:11:06] production.INFO: Starting automated airtime balance refresh command... {"component":"airtime_balance","command":"bingwa:fetch-airtime-balance"} 
[2026-06-23 17:11:06] production.INFO: Dispatching RefreshAirtimeBalanceJob. {"component":"airtime_balance","user_id":1} 
[2026-06-23 17:11:07] production.DEBUG: BackgroundTasks: found 4 schedule event(s)  
[2026-06-23 17:11:07] production.INFO: SchedulerManifest: event command='php' 'artisan' bingwa:heartbeat expression=*/15 * * * *  
[2026-06-23 17:11:07] production.INFO: SchedulerManifest: event command='php' 'artisan' bingwa:sync-transactions expression=*/5 * * * *  
[2026-06-23 17:11:07] production.INFO: SchedulerManifest: event command='php' 'artisan' bingwa:process-auto-renewals expression=*/5 * * * *  
[2026-06-23 17:11:07] production.INFO: SchedulerManifest: event command='php' 'artisan' bingwa:fetch-airtime-balance expression=*/15 * * * *  
[2026-06-23 17:11:08] production.INFO: 🔄 Starting Bingwa transactions sync... {"command":"bingwa:sync-transactions"} 
[2026-06-23 17:11:08] production.DEBUG: Bingwa transactions sync dispatching background job.  
[2026-06-23 17:11:08] production.INFO: ✅ Sync job queued successfully. {"queued":true,"user_id":1} 
[2026-06-23 17:11:09] production.DEBUG: BackgroundTasks: found 4 schedule event(s)  
[2026-06-23 17:11:09] production.INFO: SchedulerManifest: event command='php' 'artisan' bingwa:heartbeat expression=*/15 * * * *  
[2026-06-23 17:11:09] production.INFO: SchedulerManifest: event command='php' 'artisan' bingwa:sync-transactions expression=*/5 * * * *  
[2026-06-23 17:11:09] production.INFO: SchedulerManifest: event command='php' 'artisan' bingwa:process-auto-renewals expression=*/5 * * * *  
[2026-06-23 17:11:09] production.INFO: SchedulerManifest: event command='php' 'artisan' bingwa:fetch-airtime-balance expression=*/15 * * * *  
[2026-06-23 17:11:17] production.DEBUG: Bingwa FCM sync job started. {"component":"fcm_sync","user_id":1,"flow_id":"03e2db21-cbb3-49a4-a5b7-3fabc3683ac6","attempt":1,"tries":0} 
[2026-06-23 17:11:17] production.DEBUG: Bingwa FCM permission status checked in backend job. {"component":"fcm_sync","user_id":1,"flow_id":"03e2db21-cbb3-49a4-a5b7-3fabc3683ac6","permission_status":"granted"} 
[2026-06-23 17:11:17] production.DEBUG: Skipped PushNotifications::enroll() as RequestPermission is not available in this context (e.g. queue worker). {"component":"fcm_sync","user_id":1,"flow_id":"03e2db21-cbb3-49a4-a5b7-3fabc3683ac6"} 
[2026-06-23 17:11:17] production.DEBUG: Bingwa FCM token resolved in backend job. {"component":"fcm_sync","user_id":1,"flow_id":"03e2db21-cbb3-49a4-a5b7-3fabc3683ac6","token_hash":"4c79b2aace04d2145956a8fe45cb5229480abe9b30c1e09b3821ea760f674e99"} 
[2026-06-23 17:11:17] production.DEBUG: Bingwa FCM token sync skipped because this token pair was already processed. {"user_id":1,"flow_id":"03e2db21-cbb3-49a4-a5b7-3fabc3683ac6","device_token_hash":"464ec13405960eb0","fcm_token_hash":"4c79b2aace04d214"} 
[2026-06-23 17:11:17] production.DEBUG: Bingwa FCM sync job completed successfully. {"component":"fcm_sync","user_id":1,"flow_id":"03e2db21-cbb3-49a4-a5b7-3fabc3683ac6"} 
[2026-06-23 17:11:18] production.DEBUG: BackgroundTasks: found 4 schedule event(s)  
[2026-06-23 17:11:18] production.INFO: SchedulerManifest: event command='php' 'artisan' bingwa:heartbeat expression=*/15 * * * *  
[2026-06-23 17:11:18] production.INFO: SchedulerManifest: event command='php' 'artisan' bingwa:sync-transactions expression=*/5 * * * *  
[2026-06-23 17:11:18] production.INFO: SchedulerManifest: event command='php' 'artisan' bingwa:process-auto-renewals expression=*/5 * * * *  
[2026-06-23 17:11:18] production.INFO: SchedulerManifest: event command='php' 'artisan' bingwa:fetch-airtime-balance expression=*/15 * * * *  
[2026-06-23 17:11:39] production.DEBUG: Bingwa heartbeat job started. {"component":"heartbeat","user_id":1} 
[2026-06-23 17:11:39] production.INFO: Bingwa heartbeat request starting. {"component":"heartbeat","user_id":1,"registration_id":1,"backend_device_id":31,"base_url":"https://backend.statum.co.ke"} 
[2026-06-23 17:11:41] production.INFO: Bingwa heartbeat accepted by backend. {"component":"heartbeat","user_id":1,"registration_id":1,"backend_device_id":31,"status":200,"response_body":"{\"status\":\"ok\",\"heartbeat_interval_seconds\":300,\"server_time\":\"2026-06-23T17:11:40+03:00\"}","recorded_at":"2026-06-23T14:11:41.131432Z"} 
[2026-06-23 17:11:41] production.DEBUG: Bingwa heartbeat job finished. {"component":"heartbeat","user_id":1,"sent":true} 
[2026-06-23 17:11:41] production.DEBUG: BackgroundTasks: found 4 schedule event(s)  
[2026-06-23 17:11:41] production.INFO: SchedulerManifest: event command='php' 'artisan' bingwa:heartbeat expression=*/15 * * * *  
[2026-06-23 17:11:41] production.INFO: SchedulerManifest: event command='php' 'artisan' bingwa:sync-transactions expression=*/5 * * * *  
[2026-06-23 17:11:41] production.INFO: SchedulerManifest: event command='php' 'artisan' bingwa:process-auto-renewals expression=*/5 * * * *  
[2026-06-23 17:11:41] production.INFO: SchedulerManifest: event command='php' 'artisan' bingwa:fetch-airtime-balance expression=*/15 * * * *  
[2026-06-23 17:11:50] production.DEBUG: Bingwa USSD processor job started. {"user_id":1,"flow_id":"4faed561-ac23-4843-bfe3-72f5d7aac060","attempt":1,"tries":3} 
[2026-06-23 17:11:50] production.DEBUG: Bingwa USSD processor found no queued transaction. {"user_id":1,"flow_id":"4faed561-ac23-4843-bfe3-72f5d7aac060"} 
[2026-06-23 17:11:50] production.DEBUG: Bingwa USSD processor job finished. {"user_id":1,"flow_id":"4faed561-ac23-4843-bfe3-72f5d7aac060","processed":0} 
[2026-06-23 17:12:25] production.DEBUG: BackgroundTasks: found 4 schedule event(s)  
[2026-06-23 17:12:25] production.INFO: SchedulerManifest: event command='php' 'artisan' bingwa:heartbeat expression=*/15 * * * *  
[2026-06-23 17:12:25] production.INFO: SchedulerManifest: event command='php' 'artisan' bingwa:sync-transactions expression=*/5 * * * *  
[2026-06-23 17:12:25] production.INFO: SchedulerManifest: event command='php' 'artisan' bingwa:process-auto-renewals expression=*/5 * * * *  
[2026-06-23 17:12:25] production.INFO: SchedulerManifest: event command='php' 'artisan' bingwa:fetch-airtime-balance expression=*/15 * * * *  
[2026-06-23 17:12:26] production.DEBUG: Airtime balance refresh job started. {"component":"airtime_balance","user_id":1} 
[2026-06-23 17:12:26] production.INFO: Bingwa airtime balance refresh started. {"component":"airtime_balance","user_id":1} 
[2026-06-23 17:12:26] production.DEBUG: Bingwa airtime USSD probe. {"component":"airtime_balance","sim_slot":1,"mode":"express","nativephp_call_available":true} 
[2026-06-23 17:12:26] production.DEBUG: USSD modem lock acquired. {"component":"ussd_modem","sim_slot":1,"operation":"airtime-refresh","wait_seconds":2,"lease_seconds":105} 
[2026-06-23 17:12:28] production.DEBUG: USSD modem lock released. {"component":"ussd_modem","sim_slot":1,"operation":"airtime-refresh"} 
[2026-06-23 17:12:28] production.DEBUG: Bingwa airtime USSD raw response. {"component":"airtime_balance","sim_slot":1,"response":"{\"success\":false,\"message\":\"Airtime Bal: 483.52KSH.Expire date:21-09-2026. Tariff:Uwezo . A SPECIAL NEW offer Awaits you! Dial *131# today and stay connected.\"}"} 
[2026-06-23 17:12:28] production.DEBUG: Bingwa airtime USSD message extracted. {"component":"airtime_balance","sim_slot":1,"message":"Airtime Bal: 483.52KSH.Expire date:21-09-2026. Tariff:Uwezo . A SPECIAL NEW offer Awaits you! Dial *131# today and stay connected."} 
[2026-06-23 17:12:28] production.DEBUG: Bingwa airtime balance parsed via Airtime Bal pattern. {"component":"airtime_balance","raw":"Airtime Bal: 483.52KSH.Expire date:21-09-2026. Tariff:Uwezo . A SPECIAL NEW offer Awaits you! Dial *131# today and stay connected.","parsed":"483.52"} 
[2026-06-23 17:12:28] production.DEBUG: Bingwa airtime balance refreshed. {"component":"airtime_balance","user_id":1,"sim_slot":1,"balance":483.52} 
[2026-06-23 17:12:28] production.DEBUG: Airtime balance refresh job finished. {"component":"airtime_balance","user_id":1} 
[2026-06-23 17:13:16] production.DEBUG: BackgroundTasks: found 4 schedule event(s)  
[2026-06-23 17:13:16] production.INFO: SchedulerManifest: event command='php' 'artisan' bingwa:heartbeat expression=*/15 * * * *  
[2026-06-23 17:13:16] production.INFO: SchedulerManifest: event command='php' 'artisan' bingwa:sync-transactions expression=*/5 * * * *  
[2026-06-23 17:13:16] production.INFO: SchedulerManifest: event command='php' 'artisan' bingwa:process-auto-renewals expression=*/5 * * * *  
[2026-06-23 17:13:16] production.INFO: SchedulerManifest: event command='php' 'artisan' bingwa:fetch-airtime-balance expression=*/15 * * * *  
[2026-06-23 17:13:17] production.DEBUG: Bingwa transaction sync job started. {"component":"transaction_sync","user_id":1,"push_data":[],"unique_id":"bingwa-sync-transactions:1"} 
[2026-06-23 17:13:17] production.DEBUG: Bingwa transaction sync started. {"component":"transaction_sync","user_id":1,"limit":10,"only_service":null,"registration_id":1,"backend_device_id":31} 
[2026-06-23 17:13:19] production.INFO: Bingwa transaction sync endpoint response received. {"component":"transaction_sync","user_id":1,"endpoint":"data_bundles","url":"https://backend.statum.co.ke/api/v1/jobs/next/data_bundles","status":204,"response_body":""} 
[2026-06-23 17:13:19] production.INFO: Bingwa transaction sync endpoint response received. {"component":"transaction_sync","user_id":1,"endpoint":"sms","url":"https://backend.statum.co.ke/api/v1/jobs/next/sms","status":204,"response_body":""} 
[2026-06-23 17:13:19] production.INFO: Bingwa transaction sync endpoint response received. {"component":"transaction_sync","user_id":1,"endpoint":"airtime","url":"https://backend.statum.co.ke/api/v1/jobs/next/airtime","status":204,"response_body":""} 
[2026-06-23 17:13:19] production.DEBUG: Bingwa transaction sync finished fetching jobs. {"component":"transaction_sync","user_id":1,"synced_so_far":0,"skipped_so_far":0,"failed_so_far":0,"push_data":[]} 
[2026-06-23 17:13:19] production.INFO: Bingwa transaction sync completed. {"component":"transaction_sync","user_id":1,"synced":0,"skipped":0,"failed":0} 
[2026-06-23 17:13:19] production.DEBUG: Bingwa transaction sync job finished fetching. {"component":"transaction_sync","user_id":1,"synced":0,"skipped":0,"failed":0,"push_data":[]} 
[2026-06-23 17:13:19] production.DEBUG: BackgroundTasks: found 4 schedule event(s)  
[2026-06-23 17:13:19] production.INFO: SchedulerManifest: event command='php' 'artisan' bingwa:heartbeat expression=*/15 * * * *  
[2026-06-23 17:13:19] production.INFO: SchedulerManifest: event command='php' 'artisan' bingwa:sync-transactions expression=*/5 * * * *  
[2026-06-23 17:13:19] production.INFO: SchedulerManifest: event command='php' 'artisan' bingwa:process-auto-renewals expression=*/5 * * * *  
[2026-06-23 17:13:19] production.INFO: SchedulerManifest: event command='php' 'artisan' bingwa:fetch-airtime-balance expression=*/15 * * * *  
[2026-06-23 17:14:34] production.DEBUG: BackgroundTasks: found 4 schedule event(s)  
[2026-06-23 17:14:34] production.INFO: SchedulerManifest: event command='php' 'artisan' bingwa:heartbeat expression=*/15 * * * *  
[2026-06-23 17:14:34] production.INFO: SchedulerManifest: event command='php' 'artisan' bingwa:sync-transactions expression=*/5 * * * *  
[2026-06-23 17:14:34] production.INFO: SchedulerManifest: event command='php' 'artisan' bingwa:process-auto-renewals expression=*/5 * * * *  
[2026-06-23 17:14:34] production.INFO: SchedulerManifest: event command='php' 'artisan' bingwa:fetch-airtime-balance expression=*/15 * * * *  
[2026-06-23 17:16:37] production.DEBUG: BackgroundTasks: found 4 schedule event(s)  
[2026-06-23 17:16:37] production.INFO: SchedulerManifest: event command='php' 'artisan' bingwa:heartbeat expression=*/15 * * * *  
[2026-06-23 17:16:37] production.INFO: SchedulerManifest: event command='php' 'artisan' bingwa:sync-transactions expression=*/5 * * * *  
[2026-06-23 17:16:37] production.INFO: SchedulerManifest: event command='php' 'artisan' bingwa:process-auto-renewals expression=*/5 * * * *  
[2026-06-23 17:16:37] production.INFO: SchedulerManifest: event command='php' 'artisan' bingwa:fetch-airtime-balance expression=*/15 * * * *  
[2026-06-23 17:20:59] production.DEBUG: BackgroundTasks: found 4 schedule event(s)  
[2026-06-23 17:20:59] production.INFO: SchedulerManifest: event command='php' 'artisan' bingwa:heartbeat expression=*/15 * * * *  
[2026-06-23 17:20:59] production.INFO: SchedulerManifest: event command='php' 'artisan' bingwa:sync-transactions expression=*/5 * * * *  
[2026-06-23 17:20:59] production.INFO: SchedulerManifest: event command='php' 'artisan' bingwa:process-auto-renewals expression=*/5 * * * *  
[2026-06-23 17:20:59] production.INFO: SchedulerManifest: event command='php' 'artisan' bingwa:fetch-airtime-balance expression=*/15 * * * *  
[2026-06-23 17:24:01] production.DEBUG: BackgroundTasks: found 4 schedule event(s)  
[2026-06-23 17:24:01] production.INFO: SchedulerManifest: event command='php' 'artisan' bingwa:heartbeat expression=*/15 * * * *  
[2026-06-23 17:24:01] production.INFO: SchedulerManifest: event command='php' 'artisan' bingwa:sync-transactions expression=*/5 * * * *  
[2026-06-23 17:24:01] production.INFO: SchedulerManifest: event command='php' 'artisan' bingwa:process-auto-renewals expression=*/5 * * * *  
[2026-06-23 17:24:01] production.INFO: SchedulerManifest: event command='php' 'artisan' bingwa:fetch-airtime-balance expression=*/15 * * * *  
[2026-06-23 17:27:42] production.DEBUG: BackgroundTasks: found 4 schedule event(s)  
[2026-06-23 17:27:42] production.INFO: SchedulerManifest: event command='php' 'artisan' bingwa:heartbeat expression=*/15 * * * *  
[2026-06-23 17:27:42] production.INFO: SchedulerManifest: event command='php' 'artisan' bingwa:sync-transactions expression=*/5 * * * *  
[2026-06-23 17:27:42] production.INFO: SchedulerManifest: event command='php' 'artisan' bingwa:process-auto-renewals expression=*/5 * * * *  
[2026-06-23 17:27:42] production.INFO: SchedulerManifest: event command='php' 'artisan' bingwa:fetch-airtime-balance expression=*/15 * * * *  
[2026-06-23 17:27:43] production.DEBUG: Bingwa heartbeat command dispatching job. {"user_id":1,"registration_id":1} 
[2026-06-23 17:27:43] production.INFO: Bingwa heartbeat job queued. {"user_id":1,"registration_id":1} 
[2026-06-23 17:27:44] production.DEBUG: BackgroundTasks: found 4 schedule event(s)  
[2026-06-23 17:27:44] production.INFO: SchedulerManifest: event command='php' 'artisan' bingwa:heartbeat expression=*/15 * * * *  
[2026-06-23 17:27:44] production.INFO: SchedulerManifest: event command='php' 'artisan' bingwa:sync-transactions expression=*/5 * * * *  
[2026-06-23 17:27:44] production.INFO: SchedulerManifest: event command='php' 'artisan' bingwa:process-auto-renewals expression=*/5 * * * *  
[2026-06-23 17:27:44] production.INFO: SchedulerManifest: event command='php' 'artisan' bingwa:fetch-airtime-balance expression=*/15 * * * *  
[2026-06-23 17:27:44] production.INFO: Starting automated airtime balance refresh command... {"component":"airtime_balance","command":"bingwa:fetch-airtime-balance"} 
[2026-06-23 17:27:44] production.INFO: Dispatching RefreshAirtimeBalanceJob. {"component":"airtime_balance","user_id":1} 
[2026-06-23 17:27:45] production.DEBUG: BackgroundTasks: found 4 schedule event(s)  
[2026-06-23 17:27:45] production.INFO: SchedulerManifest: event command='php' 'artisan' bingwa:heartbeat expression=*/15 * * * *  
[2026-06-23 17:27:45] production.INFO: SchedulerManifest: event command='php' 'artisan' bingwa:sync-transactions expression=*/5 * * * *  
[2026-06-23 17:27:45] production.INFO: SchedulerManifest: event command='php' 'artisan' bingwa:process-auto-renewals expression=*/5 * * * *  
[2026-06-23 17:27:45] production.INFO: SchedulerManifest: event command='php' 'artisan' bingwa:fetch-airtime-balance expression=*/15 * * * *  
[2026-06-23 17:27:46] production.DEBUG: Auto-renewal processing command started. {"component":"auto_renewal"} 
[2026-06-23 17:27:46] production.DEBUG: Auto-renewal processing command dispatching jobs. {"component":"auto_renewal","user_id":1} 
[2026-06-23 17:27:46] production.DEBUG: Auto-renewal processing started. {"component":"auto_renewal","user_id":1} 
[2026-06-23 17:27:46] production.DEBUG: Bingwa transaction processing job dispatched. {"user_id":1} 
[2026-06-23 17:27:46] production.INFO: Auto-renewal processing command finished. {"queued":0,"rescheduled":0,"failed":0,"users":[],"component":"auto_renewal","user_id":1} 
[2026-06-23 17:27:47] production.DEBUG: BackgroundTasks: found 4 schedule event(s)  
[2026-06-23 17:27:47] production.INFO: SchedulerManifest: event command='php' 'artisan' bingwa:heartbeat expression=*/15 * * * *  
[2026-06-23 17:27:47] production.INFO: SchedulerManifest: event command='php' 'artisan' bingwa:sync-transactions expression=*/5 * * * *  
[2026-06-23 17:27:47] production.INFO: SchedulerManifest: event command='php' 'artisan' bingwa:process-auto-renewals expression=*/5 * * * *  
[2026-06-23 17:27:47] production.INFO: SchedulerManifest: event command='php' 'artisan' bingwa:fetch-airtime-balance expression=*/15 * * * *  
[2026-06-23 17:27:47] production.INFO: 🔄 Starting Bingwa transactions sync... {"command":"bingwa:sync-transactions"} 
[2026-06-23 17:27:47] production.DEBUG: Bingwa transactions sync dispatching background job.  
[2026-06-23 17:27:48] production.INFO: ✅ Sync job queued successfully. {"queued":true,"user_id":1} 
[2026-06-23 17:27:48] production.DEBUG: BackgroundTasks: found 4 schedule event(s)  
[2026-06-23 17:27:48] production.INFO: SchedulerManifest: event command='php' 'artisan' bingwa:heartbeat expression=*/15 * * * *  
[2026-06-23 17:27:48] production.INFO: SchedulerManifest: event command='php' 'artisan' bingwa:sync-transactions expression=*/5 * * * *  
[2026-06-23 17:27:48] production.INFO: SchedulerManifest: event command='php' 'artisan' bingwa:process-auto-renewals expression=*/5 * * * *  
[2026-06-23 17:27:48] production.INFO: SchedulerManifest: event command='php' 'artisan' bingwa:fetch-airtime-balance expression=*/15 * * * *  
[2026-06-23 17:27:50] production.DEBUG: Bingwa FCM sync job started. {"component":"fcm_sync","user_id":1,"flow_id":"bed71777-14fa-4546-863b-0cf2f76dd419","attempt":1,"tries":0} 
[2026-06-23 17:27:50] production.DEBUG: Bingwa FCM permission status checked in backend job. {"component":"fcm_sync","user_id":1,"flow_id":"bed71777-14fa-4546-863b-0cf2f76dd419","permission_status":"granted"} 
[2026-06-23 17:27:50] production.DEBUG: Skipped PushNotifications::enroll() as RequestPermission is not available in this context (e.g. queue worker). {"component":"fcm_sync","user_id":1,"flow_id":"bed71777-14fa-4546-863b-0cf2f76dd419"} 
[2026-06-23 17:27:50] production.DEBUG: Bingwa FCM token resolved in backend job. {"component":"fcm_sync","user_id":1,"flow_id":"bed71777-14fa-4546-863b-0cf2f76dd419","token_hash":"4c79b2aace04d2145956a8fe45cb5229480abe9b30c1e09b3821ea760f674e99"} 
[2026-06-23 17:27:50] production.DEBUG: Bingwa FCM token sync skipped because this token pair was already processed. {"user_id":1,"flow_id":"bed71777-14fa-4546-863b-0cf2f76dd419","device_token_hash":"464ec13405960eb0","fcm_token_hash":"4c79b2aace04d214"} 
[2026-06-23 17:27:50] production.DEBUG: Bingwa FCM sync job completed successfully. {"component":"fcm_sync","user_id":1,"flow_id":"bed71777-14fa-4546-863b-0cf2f76dd419"} 
[2026-06-23 17:27:51] production.DEBUG: BackgroundTasks: found 4 schedule event(s)  
[2026-06-23 17:27:51] production.INFO: SchedulerManifest: event command='php' 'artisan' bingwa:heartbeat expression=*/15 * * * *  
[2026-06-23 17:27:51] production.INFO: SchedulerManifest: event command='php' 'artisan' bingwa:sync-transactions expression=*/5 * * * *  
[2026-06-23 17:27:51] production.INFO: SchedulerManifest: event command='php' 'artisan' bingwa:process-auto-renewals expression=*/5 * * * *  
[2026-06-23 17:27:51] production.INFO: SchedulerManifest: event command='php' 'artisan' bingwa:fetch-airtime-balance expression=*/15 * * * *  
[2026-06-23 17:27:52] production.DEBUG: Bingwa heartbeat job started. {"component":"heartbeat","user_id":1} 
[2026-06-23 17:27:52] production.INFO: Bingwa heartbeat request starting. {"component":"heartbeat","user_id":1,"registration_id":1,"backend_device_id":31,"base_url":"https://backend.statum.co.ke"} 
[2026-06-23 17:27:54] production.INFO: Bingwa heartbeat accepted by backend. {"component":"heartbeat","user_id":1,"registration_id":1,"backend_device_id":31,"status":200,"response_body":"{\"status\":\"ok\",\"heartbeat_interval_seconds\":300,\"server_time\":\"2026-06-23T17:27:53+03:00\"}","recorded_at":"2026-06-23T14:27:54.510139Z"} 
[2026-06-23 17:27:54] production.DEBUG: Bingwa heartbeat job finished. {"component":"heartbeat","user_id":1,"sent":true} 
[2026-06-23 17:27:55] production.DEBUG: BackgroundTasks: found 4 schedule event(s)  
[2026-06-23 17:27:55] production.INFO: SchedulerManifest: event command='php' 'artisan' bingwa:heartbeat expression=*/15 * * * *  
[2026-06-23 17:27:55] production.INFO: SchedulerManifest: event command='php' 'artisan' bingwa:sync-transactions expression=*/5 * * * *  
[2026-06-23 17:27:55] production.INFO: SchedulerManifest: event command='php' 'artisan' bingwa:process-auto-renewals expression=*/5 * * * *  
[2026-06-23 17:27:55] production.INFO: SchedulerManifest: event command='php' 'artisan' bingwa:fetch-airtime-balance expression=*/15 * * * *  
[2026-06-23 17:27:57] production.DEBUG: Airtime balance refresh job started. {"component":"airtime_balance","user_id":1} 
[2026-06-23 17:27:57] production.INFO: Bingwa airtime balance refresh started. {"component":"airtime_balance","user_id":1} 
[2026-06-23 17:27:57] production.DEBUG: Bingwa airtime USSD probe. {"component":"airtime_balance","sim_slot":1,"mode":"express","nativephp_call_available":true} 
[2026-06-23 17:27:57] production.DEBUG: USSD modem lock acquired. {"component":"ussd_modem","sim_slot":1,"operation":"airtime-refresh","wait_seconds":2,"lease_seconds":105} 
[2026-06-23 17:28:01] production.DEBUG: USSD modem lock released. {"component":"ussd_modem","sim_slot":1,"operation":"airtime-refresh"} 
[2026-06-23 17:28:01] production.DEBUG: Bingwa airtime USSD raw response. {"component":"airtime_balance","sim_slot":1,"response":"{\"success\":false,\"message\":\"Airtime Bal: 483.52KSH.Expire date:21-09-2026. Tariff:Uwezo . A SPECIAL NEW offer Awaits you! Dial *131# today and stay connected.\"}"} 
[2026-06-23 17:28:01] production.DEBUG: Bingwa airtime USSD message extracted. {"component":"airtime_balance","sim_slot":1,"message":"Airtime Bal: 483.52KSH.Expire date:21-09-2026. Tariff:Uwezo . A SPECIAL NEW offer Awaits you! Dial *131# today and stay connected."} 
[2026-06-23 17:28:01] production.DEBUG: Bingwa airtime balance parsed via Airtime Bal pattern. {"component":"airtime_balance","raw":"Airtime Bal: 483.52KSH.Expire date:21-09-2026. Tariff:Uwezo . A SPECIAL NEW offer Awaits you! Dial *131# today and stay connected.","parsed":"483.52"} 
[2026-06-23 17:28:01] production.DEBUG: Bingwa airtime balance refreshed. {"component":"airtime_balance","user_id":1,"sim_slot":1,"balance":483.52} 
[2026-06-23 17:28:01] production.DEBUG: Airtime balance refresh job finished. {"component":"airtime_balance","user_id":1} 
[2026-06-23 17:28:45] production.DEBUG: BackgroundTasks: found 4 schedule event(s)  
[2026-06-23 17:28:45] production.INFO: SchedulerManifest: event command='php' 'artisan' bingwa:heartbeat expression=*/15 * * * *  
[2026-06-23 17:28:45] production.INFO: SchedulerManifest: event command='php' 'artisan' bingwa:sync-transactions expression=*/5 * * * *  
[2026-06-23 17:28:45] production.INFO: SchedulerManifest: event command='php' 'artisan' bingwa:process-auto-renewals expression=*/5 * * * *  
[2026-06-23 17:28:45] production.INFO: SchedulerManifest: event command='php' 'artisan' bingwa:fetch-airtime-balance expression=*/15 * * * *  
[2026-06-23 17:28:46] production.DEBUG: Bingwa USSD processor job started. {"user_id":1,"flow_id":"efb6c364-42b0-4dd5-9bc0-f60baf9e002e","attempt":1,"tries":3} 
[2026-06-23 17:28:46] production.DEBUG: Bingwa USSD processor found no queued transaction. {"user_id":1,"flow_id":"efb6c364-42b0-4dd5-9bc0-f60baf9e002e"} 
[2026-06-23 17:28:46] production.DEBUG: Bingwa USSD processor job finished. {"user_id":1,"flow_id":"efb6c364-42b0-4dd5-9bc0-f60baf9e002e","processed":0} 
[2026-06-23 17:28:47] production.DEBUG: BackgroundTasks: found 4 schedule event(s)  
[2026-06-23 17:28:47] production.INFO: SchedulerManifest: event command='php' 'artisan' bingwa:heartbeat expression=*/15 * * * *  
[2026-06-23 17:28:47] production.INFO: SchedulerManifest: event command='php' 'artisan' bingwa:sync-transactions expression=*/5 * * * *  
[2026-06-23 17:28:47] production.INFO: SchedulerManifest: event command='php' 'artisan' bingwa:process-auto-renewals expression=*/5 * * * *  
[2026-06-23 17:28:47] production.INFO: SchedulerManifest: event command='php' 'artisan' bingwa:fetch-airtime-balance expression=*/15 * * * *  
[2026-06-23 17:28:48] production.DEBUG: Bingwa transaction sync job started. {"component":"transaction_sync","user_id":1,"push_data":[],"unique_id":"bingwa-sync-transactions:1"} 
[2026-06-23 17:28:48] production.DEBUG: Bingwa transaction sync started. {"component":"transaction_sync","user_id":1,"limit":10,"only_service":null,"registration_id":1,"backend_device_id":31} 
[2026-06-23 17:28:49] production.INFO: Bingwa transaction sync endpoint response received. {"component":"transaction_sync","user_id":1,"endpoint":"data_bundles","url":"https://backend.statum.co.ke/api/v1/jobs/next/data_bundles","status":204,"response_body":""} 
[2026-06-23 17:28:49] production.INFO: Bingwa transaction sync endpoint response received. {"component":"transaction_sync","user_id":1,"endpoint":"sms","url":"https://backend.statum.co.ke/api/v1/jobs/next/sms","status":204,"response_body":""} 
[2026-06-23 17:28:49] production.INFO: Bingwa transaction sync endpoint response received. {"component":"transaction_sync","user_id":1,"endpoint":"airtime","url":"https://backend.statum.co.ke/api/v1/jobs/next/airtime","status":204,"response_body":""} 
[2026-06-23 17:28:49] production.DEBUG: Bingwa transaction sync finished fetching jobs. {"component":"transaction_sync","user_id":1,"synced_so_far":0,"skipped_so_far":0,"failed_so_far":0,"push_data":[]} 
[2026-06-23 17:28:49] production.INFO: Bingwa transaction sync completed. {"component":"transaction_sync","user_id":1,"synced":0,"skipped":0,"failed":0} 
[2026-06-23 17:28:49] production.DEBUG: Bingwa transaction sync job finished fetching. {"component":"transaction_sync","user_id":1,"synced":0,"skipped":0,"failed":0,"push_data":[]} 
[2026-06-23 17:28:50] production.DEBUG: BackgroundTasks: found 4 schedule event(s)  
[2026-06-23 17:28:50] production.INFO: SchedulerManifest: event command='php' 'artisan' bingwa:heartbeat expression=*/15 * * * *  
[2026-06-23 17:28:50] production.INFO: SchedulerManifest: event command='php' 'artisan' bingwa:sync-transactions expression=*/5 * * * *  
[2026-06-23 17:28:50] production.INFO: SchedulerManifest: event command='php' 'artisan' bingwa:process-auto-renewals expression=*/5 * * * *  
[2026-06-23 17:28:50] production.INFO: SchedulerManifest: event command='php' 'artisan' bingwa:fetch-airtime-balance expression=*/15 * * * *  
[2026-06-23 17:31:49] production.DEBUG: BackgroundTasks: found 4 schedule event(s)  
[2026-06-23 17:31:49] production.INFO: SchedulerManifest: event command='php' 'artisan' bingwa:heartbeat expression=*/15 * * * *  
[2026-06-23 17:31:49] production.INFO: SchedulerManifest: event command='php' 'artisan' bingwa:sync-transactions expression=*/5 * * * *  
[2026-06-23 17:31:49] production.INFO: SchedulerManifest: event command='php' 'artisan' bingwa:process-auto-renewals expression=*/5 * * * *  
[2026-06-23 17:31:49] production.INFO: SchedulerManifest: event command='php' 'artisan' bingwa:fetch-airtime-balance expression=*/15 * * * *  
[2026-06-23 17:32:56] production.DEBUG: BackgroundTasks: found 4 schedule event(s)  
[2026-06-23 17:32:56] production.INFO: SchedulerManifest: event command='php' 'artisan' bingwa:heartbeat expression=*/15 * * * *  
[2026-06-23 17:32:56] production.INFO: SchedulerManifest: event command='php' 'artisan' bingwa:sync-transactions expression=*/5 * * * *  
[2026-06-23 17:32:56] production.INFO: SchedulerManifest: event command='php' 'artisan' bingwa:process-auto-renewals expression=*/5 * * * *  
[2026-06-23 17:32:56] production.INFO: SchedulerManifest: event command='php' 'artisan' bingwa:fetch-airtime-balance expression=*/15 * * * *  
[2026-06-23 17:34:20] production.DEBUG: BackgroundTasks: found 4 schedule event(s)  
[2026-06-23 17:34:20] production.INFO: SchedulerManifest: event command='php' 'artisan' bingwa:heartbeat expression=*/15 * * * *  
[2026-06-23 17:34:20] production.INFO: SchedulerManifest: event command='php' 'artisan' bingwa:sync-transactions expression=*/5 * * * *  
[2026-06-23 17:34:20] production.INFO: SchedulerManifest: event command='php' 'artisan' bingwa:process-auto-renewals expression=*/5 * * * *  
[2026-06-23 17:34:20] production.INFO: SchedulerManifest: event command='php' 'artisan' bingwa:fetch-airtime-balance expression=*/15 * * * *  
[2026-06-23 17:37:41] production.DEBUG: BackgroundTasks: found 4 schedule event(s)  
[2026-06-23 17:37:41] production.INFO: SchedulerManifest: event command='php' 'artisan' bingwa:heartbeat expression=*/15 * * * *  
[2026-06-23 17:37:41] production.INFO: SchedulerManifest: event command='php' 'artisan' bingwa:sync-transactions expression=*/5 * * * *  
[2026-06-23 17:37:41] production.INFO: SchedulerManifest: event command='php' 'artisan' bingwa:process-auto-renewals expression=*/5 * * * *  
[2026-06-23 17:37:41] production.INFO: SchedulerManifest: event command='php' 'artisan' bingwa:fetch-airtime-balance expression=*/15 * * * *  
[2026-06-23 17:42:49] production.DEBUG: BackgroundTasks: found 4 schedule event(s)  
[2026-06-23 17:42:49] production.INFO: SchedulerManifest: event command='php' 'artisan' bingwa:heartbeat expression=*/15 * * * *  
[2026-06-23 17:42:49] production.INFO: SchedulerManifest: event command='php' 'artisan' bingwa:sync-transactions expression=*/5 * * * *  
[2026-06-23 17:42:49] production.INFO: SchedulerManifest: event command='php' 'artisan' bingwa:process-auto-renewals expression=*/5 * * * *  
[2026-06-23 17:42:49] production.INFO: SchedulerManifest: event command='php' 'artisan' bingwa:fetch-airtime-balance expression=*/15 * * * *  
[2026-06-23 17:42:50] production.INFO: 🔄 Starting Bingwa transactions sync... {"command":"bingwa:sync-transactions"} 
[2026-06-23 17:42:50] production.DEBUG: Bingwa transactions sync dispatching background job.  
[2026-06-23 17:42:50] production.INFO: ✅ Sync job queued successfully. {"queued":true,"user_id":1} 
[2026-06-23 17:42:51] production.DEBUG: BackgroundTasks: found 4 schedule event(s)  
[2026-06-23 17:42:51] production.INFO: SchedulerManifest: event command='php' 'artisan' bingwa:heartbeat expression=*/15 * * * *  
[2026-06-23 17:42:51] production.INFO: SchedulerManifest: event command='php' 'artisan' bingwa:sync-transactions expression=*/5 * * * *  
[2026-06-23 17:42:51] production.INFO: SchedulerManifest: event command='php' 'artisan' bingwa:process-auto-renewals expression=*/5 * * * *  
[2026-06-23 17:42:51] production.INFO: SchedulerManifest: event command='php' 'artisan' bingwa:fetch-airtime-balance expression=*/15 * * * *  
[2026-06-23 17:42:52] production.DEBUG: Bingwa heartbeat command dispatching job. {"user_id":1,"registration_id":1} 
[2026-06-23 17:42:52] production.INFO: Bingwa heartbeat job queued. {"user_id":1,"registration_id":1} 
[2026-06-23 17:43:41] production.DEBUG: BackgroundTasks: found 4 schedule event(s)  
[2026-06-23 17:43:41] production.INFO: SchedulerManifest: event command='php' 'artisan' bingwa:heartbeat expression=*/15 * * * *  
[2026-06-23 17:43:41] production.INFO: SchedulerManifest: event command='php' 'artisan' bingwa:sync-transactions expression=*/5 * * * *  
[2026-06-23 17:43:41] production.INFO: SchedulerManifest: event command='php' 'artisan' bingwa:process-auto-renewals expression=*/5 * * * *  
[2026-06-23 17:43:41] production.INFO: SchedulerManifest: event command='php' 'artisan' bingwa:fetch-airtime-balance expression=*/15 * * * *  
[2026-06-23 17:43:42] production.DEBUG: Auto-renewal processing command started. {"component":"auto_renewal"} 
[2026-06-23 17:43:42] production.DEBUG: Auto-renewal processing command dispatching jobs. {"component":"auto_renewal","user_id":1} 
[2026-06-23 17:43:42] production.DEBUG: Auto-renewal processing started. {"component":"auto_renewal","user_id":1} 
[2026-06-23 17:43:42] production.DEBUG: Bingwa transaction processing job dispatched. {"user_id":1} 
[2026-06-23 17:43:42] production.INFO: Auto-renewal processing command finished. {"queued":0,"rescheduled":0,"failed":0,"users":[],"component":"auto_renewal","user_id":1} 
[2026-06-23 17:43:43] production.DEBUG: BackgroundTasks: found 4 schedule event(s)  
[2026-06-23 17:43:43] production.INFO: SchedulerManifest: event command='php' 'artisan' bingwa:heartbeat expression=*/15 * * * *  
[2026-06-23 17:43:43] production.INFO: SchedulerManifest: event command='php' 'artisan' bingwa:sync-transactions expression=*/5 * * * *  
[2026-06-23 17:43:43] production.INFO: SchedulerManifest: event command='php' 'artisan' bingwa:process-auto-renewals expression=*/5 * * * *  
[2026-06-23 17:43:43] production.INFO: SchedulerManifest: event command='php' 'artisan' bingwa:fetch-airtime-balance expression=*/15 * * * *  
[2026-06-23 17:43:52] production.INFO: Starting automated airtime balance refresh command... {"component":"airtime_balance","command":"bingwa:fetch-airtime-balance"} 
[2026-06-23 17:43:52] production.INFO: Dispatching RefreshAirtimeBalanceJob. {"component":"airtime_balance","user_id":1} 
[2026-06-23 17:43:53] production.DEBUG: BackgroundTasks: found 4 schedule event(s)  
[2026-06-23 17:43:53] production.INFO: SchedulerManifest: event command='php' 'artisan' bingwa:heartbeat expression=*/15 * * * *  
[2026-06-23 17:43:53] production.INFO: SchedulerManifest: event command='php' 'artisan' bingwa:sync-transactions expression=*/5 * * * *  
[2026-06-23 17:43:53] production.INFO: SchedulerManifest: event command='php' 'artisan' bingwa:process-auto-renewals expression=*/5 * * * *  
[2026-06-23 17:43:53] production.INFO: SchedulerManifest: event command='php' 'artisan' bingwa:fetch-airtime-balance expression=*/15 * * * *  
[2026-06-23 17:43:53] production.DEBUG: Bingwa transaction sync job started. {"component":"transaction_sync","user_id":1,"push_data":[],"unique_id":"bingwa-sync-transactions:1"} 
[2026-06-23 17:43:53] production.DEBUG: Bingwa transaction sync started. {"component":"transaction_sync","user_id":1,"limit":10,"only_service":null,"registration_id":1,"backend_device_id":31} 
[2026-06-23 17:43:54] production.INFO: Bingwa transaction sync endpoint response received. {"component":"transaction_sync","user_id":1,"endpoint":"data_bundles","url":"https://backend.statum.co.ke/api/v1/jobs/next/data_bundles","status":204,"response_body":""} 
[2026-06-23 17:43:54] production.INFO: Bingwa transaction sync endpoint response received. {"component":"transaction_sync","user_id":1,"endpoint":"sms","url":"https://backend.statum.co.ke/api/v1/jobs/next/sms","status":204,"response_body":""} 
[2026-06-23 17:43:54] production.INFO: Bingwa transaction sync endpoint response received. {"component":"transaction_sync","user_id":1,"endpoint":"airtime","url":"https://backend.statum.co.ke/api/v1/jobs/next/airtime","status":204,"response_body":""} 
[2026-06-23 17:43:54] production.DEBUG: Bingwa transaction sync finished fetching jobs. {"component":"transaction_sync","user_id":1,"synced_so_far":0,"skipped_so_far":0,"failed_so_far":0,"push_data":[]} 
[2026-06-23 17:43:54] production.INFO: Bingwa transaction sync completed. {"component":"transaction_sync","user_id":1,"synced":0,"skipped":0,"failed":0} 
[2026-06-23 17:43:54] production.DEBUG: Bingwa transaction sync job finished fetching. {"component":"transaction_sync","user_id":1,"synced":0,"skipped":0,"failed":0,"push_data":[]} 
[2026-06-23 17:43:58] production.DEBUG: BackgroundTasks: found 4 schedule event(s)  
[2026-06-23 17:43:58] production.INFO: SchedulerManifest: event command='php' 'artisan' bingwa:heartbeat expression=*/15 * * * *  
[2026-06-23 17:43:58] production.INFO: SchedulerManifest: event command='php' 'artisan' bingwa:sync-transactions expression=*/5 * * * *  
[2026-06-23 17:43:58] production.INFO: SchedulerManifest: event command='php' 'artisan' bingwa:process-auto-renewals expression=*/5 * * * *  
[2026-06-23 17:43:58] production.INFO: SchedulerManifest: event command='php' 'artisan' bingwa:fetch-airtime-balance expression=*/15 * * * *  
[2026-06-23 17:44:50] production.DEBUG: Bingwa FCM sync job started. {"component":"fcm_sync","user_id":1,"flow_id":"339810a5-14cc-4d49-97a4-36a2f9d7e735","attempt":1,"tries":0} 
[2026-06-23 17:44:50] production.DEBUG: Bingwa FCM permission status checked in backend job. {"component":"fcm_sync","user_id":1,"flow_id":"339810a5-14cc-4d49-97a4-36a2f9d7e735","permission_status":"granted"} 
[2026-06-23 17:44:50] production.DEBUG: Skipped PushNotifications::enroll() as RequestPermission is not available in this context (e.g. queue worker). {"component":"fcm_sync","user_id":1,"flow_id":"339810a5-14cc-4d49-97a4-36a2f9d7e735"} 
[2026-06-23 17:44:50] production.DEBUG: Bingwa FCM token resolved in backend job. {"component":"fcm_sync","user_id":1,"flow_id":"339810a5-14cc-4d49-97a4-36a2f9d7e735","token_hash":"4c79b2aace04d2145956a8fe45cb5229480abe9b30c1e09b3821ea760f674e99"} 
[2026-06-23 17:44:50] production.DEBUG: Bingwa FCM token sync skipped because this token pair was already processed. {"user_id":1,"flow_id":"339810a5-14cc-4d49-97a4-36a2f9d7e735","device_token_hash":"464ec13405960eb0","fcm_token_hash":"4c79b2aace04d214"} 
[2026-06-23 17:44:50] production.DEBUG: Bingwa FCM sync job completed successfully. {"component":"fcm_sync","user_id":1,"flow_id":"339810a5-14cc-4d49-97a4-36a2f9d7e735"} 
[2026-06-23 17:44:51] production.DEBUG: BackgroundTasks: found 4 schedule event(s)  
[2026-06-23 17:44:51] production.INFO: SchedulerManifest: event command='php' 'artisan' bingwa:heartbeat expression=*/15 * * * *  
[2026-06-23 17:44:51] production.INFO: SchedulerManifest: event command='php' 'artisan' bingwa:sync-transactions expression=*/5 * * * *  
[2026-06-23 17:44:51] production.INFO: SchedulerManifest: event command='php' 'artisan' bingwa:process-auto-renewals expression=*/5 * * * *  
[2026-06-23 17:44:51] production.INFO: SchedulerManifest: event command='php' 'artisan' bingwa:fetch-airtime-balance expression=*/15 * * * *  
[2026-06-23 17:44:51] production.DEBUG: Bingwa heartbeat job started. {"component":"heartbeat","user_id":1} 
[2026-06-23 17:44:51] production.INFO: Bingwa heartbeat request starting. {"component":"heartbeat","user_id":1,"registration_id":1,"backend_device_id":31,"base_url":"https://backend.statum.co.ke"} 
[2026-06-23 17:44:52] production.INFO: Bingwa heartbeat accepted by backend. {"component":"heartbeat","user_id":1,"registration_id":1,"backend_device_id":31,"status":200,"response_body":"{\"status\":\"ok\",\"heartbeat_interval_seconds\":300,\"server_time\":\"2026-06-23T17:44:52+03:00\"}","recorded_at":"2026-06-23T14:44:52.929338Z"} 
[2026-06-23 17:44:52] production.DEBUG: Bingwa heartbeat job finished. {"component":"heartbeat","user_id":1,"sent":true} 
[2026-06-23 17:45:19] production.DEBUG: BackgroundTasks: found 4 schedule event(s)  
[2026-06-23 17:45:19] production.INFO: SchedulerManifest: event command='php' 'artisan' bingwa:heartbeat expression=*/15 * * * *  
[2026-06-23 17:45:19] production.INFO: SchedulerManifest: event command='php' 'artisan' bingwa:sync-transactions expression=*/5 * * * *  
[2026-06-23 17:45:19] production.INFO: SchedulerManifest: event command='php' 'artisan' bingwa:process-auto-renewals expression=*/5 * * * *  
[2026-06-23 17:45:19] production.INFO: SchedulerManifest: event command='php' 'artisan' bingwa:fetch-airtime-balance expression=*/15 * * * *  
[2026-06-23 17:49:45] production.DEBUG: Bingwa USSD processor job started. {"user_id":1,"flow_id":"1a082fce-49b1-41ad-9996-c7b2ba417c3c","attempt":1,"tries":3} 
[2026-06-23 17:49:45] production.DEBUG: Bingwa USSD processor found no queued transaction. {"user_id":1,"flow_id":"1a082fce-49b1-41ad-9996-c7b2ba417c3c"} 
[2026-06-23 17:49:45] production.DEBUG: Bingwa USSD processor job finished. {"user_id":1,"flow_id":"1a082fce-49b1-41ad-9996-c7b2ba417c3c","processed":0} 
[2026-06-23 17:49:46] production.DEBUG: BackgroundTasks: found 4 schedule event(s)  
[2026-06-23 17:49:46] production.INFO: SchedulerManifest: event command='php' 'artisan' bingwa:heartbeat expression=*/15 * * * *  
[2026-06-23 17:49:46] production.INFO: SchedulerManifest: event command='php' 'artisan' bingwa:sync-transactions expression=*/5 * * * *  
[2026-06-23 17:49:46] production.INFO: SchedulerManifest: event command='php' 'artisan' bingwa:process-auto-renewals expression=*/5 * * * *  
[2026-06-23 17:49:46] production.INFO: SchedulerManifest: event command='php' 'artisan' bingwa:fetch-airtime-balance expression=*/15 * * * *  
[2026-06-23 17:50:22] production.DEBUG: Airtime balance refresh job started. {"component":"airtime_balance","user_id":1} 
[2026-06-23 17:50:22] production.INFO: Bingwa airtime balance refresh started. {"component":"airtime_balance","user_id":1} 
[2026-06-23 17:50:22] production.DEBUG: Bingwa airtime USSD probe. {"component":"airtime_balance","sim_slot":1,"mode":"express","nativephp_call_available":true} 
[2026-06-23 17:50:22] production.DEBUG: USSD modem lock acquired. {"component":"ussd_modem","sim_slot":1,"operation":"airtime-refresh","wait_seconds":2,"lease_seconds":105} 
[2026-06-23 17:50:24] production.DEBUG: USSD modem lock released. {"component":"ussd_modem","sim_slot":1,"operation":"airtime-refresh"} 
[2026-06-23 17:50:24] production.DEBUG: Bingwa airtime USSD raw response. {"component":"airtime_balance","sim_slot":1,"response":"{\"success\":false,\"message\":\"Airtime Bal: 483.52KSH.Expire date:21-09-2026. Tariff:Uwezo . A SPECIAL NEW offer Awaits you! Dial *131# today and stay connected.\"}"} 
[2026-06-23 17:50:24] production.DEBUG: Bingwa airtime USSD message extracted. {"component":"airtime_balance","sim_slot":1,"message":"Airtime Bal: 483.52KSH.Expire date:21-09-2026. Tariff:Uwezo . A SPECIAL NEW offer Awaits you! Dial *131# today and stay connected."} 
[2026-06-23 17:50:24] production.DEBUG: Bingwa airtime balance parsed via Airtime Bal pattern. {"component":"airtime_balance","raw":"Airtime Bal: 483.52KSH.Expire date:21-09-2026. Tariff:Uwezo . A SPECIAL NEW offer Awaits you! Dial *131# today and stay connected.","parsed":"483.52"} 
[2026-06-23 17:50:24] production.DEBUG: Bingwa airtime balance refreshed. {"component":"airtime_balance","user_id":1,"sim_slot":1,"balance":483.52} 
[2026-06-23 17:50:24] production.DEBUG: Airtime balance refresh job finished. {"component":"airtime_balance","user_id":1} 
[2026-06-23 17:50:25] production.DEBUG: BackgroundTasks: found 4 schedule event(s)  
[2026-06-23 17:50:25] production.INFO: SchedulerManifest: event command='php' 'artisan' bingwa:heartbeat expression=*/15 * * * *  
[2026-06-23 17:50:25] production.INFO: SchedulerManifest: event command='php' 'artisan' bingwa:sync-transactions expression=*/5 * * * *  
[2026-06-23 17:50:25] production.INFO: SchedulerManifest: event command='php' 'artisan' bingwa:process-auto-renewals expression=*/5 * * * *  
[2026-06-23 17:50:25] production.INFO: SchedulerManifest: event command='php' 'artisan' bingwa:fetch-airtime-balance expression=*/15 * * * *  
[2026-06-23 17:50:50] production.DEBUG: Bingwa dashboard airtime cache hydrated. {"user_id":1,"has_balance":true,"checked_at":"2026-06-23T17:50:24+03:00"} 
[2026-06-23 17:50:50] production.DEBUG: Bingwa dashboard airtime cache hydrated. {"user_id":1,"has_balance":true,"checked_at":"2026-06-23T17:50:24+03:00"} 
[2026-06-23 17:50:50] production.DEBUG: Bingwa dashboard airtime cache hydrated. {"user_id":1,"has_balance":true,"checked_at":"2026-06-23T17:50:24+03:00"} 
[2026-06-23 17:50:50] production.DEBUG: Bingwa dashboard airtime refresh requested synchronously. {"user_id":1} 
[2026-06-23 17:50:50] production.INFO: Bingwa airtime balance refresh started. {"component":"airtime_balance","user_id":1} 
[2026-06-23 17:50:50] production.DEBUG: Bingwa airtime USSD probe. {"component":"airtime_balance","sim_slot":1,"mode":"express","nativephp_call_available":true} 
[2026-06-23 17:50:50] production.DEBUG: USSD modem lock acquired. {"component":"ussd_modem","sim_slot":1,"operation":"airtime-refresh","wait_seconds":2,"lease_seconds":105} 
[2026-06-23 17:50:53] production.DEBUG: USSD modem lock released. {"component":"ussd_modem","sim_slot":1,"operation":"airtime-refresh"} 
[2026-06-23 17:50:53] production.DEBUG: Bingwa airtime USSD raw response. {"component":"airtime_balance","sim_slot":1,"response":"{\"success\":false,\"message\":\"Airtime Bal: 483.52KSH.Expire date:21-09-2026. Tariff:Uwezo . A SPECIAL NEW offer Awaits you! Dial *131# today and stay connected.\"}"} 
[2026-06-23 17:50:53] production.DEBUG: Bingwa airtime USSD message extracted. {"component":"airtime_balance","sim_slot":1,"message":"Airtime Bal: 483.52KSH.Expire date:21-09-2026. Tariff:Uwezo . A SPECIAL NEW offer Awaits you! Dial *131# today and stay connected."} 
[2026-06-23 17:50:53] production.DEBUG: Bingwa airtime balance parsed via Airtime Bal pattern. {"component":"airtime_balance","raw":"Airtime Bal: 483.52KSH.Expire date:21-09-2026. Tariff:Uwezo . A SPECIAL NEW offer Awaits you! Dial *131# today and stay connected.","parsed":"483.52"} 
[2026-06-23 17:50:53] production.DEBUG: Bingwa airtime balance refreshed. {"component":"airtime_balance","user_id":1,"sim_slot":1,"balance":483.52} 
[2026-06-23 17:50:53] production.DEBUG: Bingwa dashboard airtime cache hydrated. {"user_id":1,"has_balance":true,"checked_at":"2026-06-23T17:50:53+03:00"} 
[2026-06-23 17:50:54] production.DEBUG: Bingwa dashboard mount started. {"user_id":1} 
[2026-06-23 17:50:54] production.DEBUG: Bingwa dashboard airtime cache hydrated. {"user_id":1,"has_balance":true,"checked_at":"2026-06-23T17:50:53+03:00"} 
[2026-06-23 17:50:54] production.DEBUG: Bingwa dashboard airtime response ready. {"user_id":1,"balance":483.52,"checked_at":"23 Jun, 17:50"} 
[2026-06-23 17:50:55] production.DEBUG: BackgroundTasks: found 4 schedule event(s)  
[2026-06-23 17:50:55] production.INFO: SchedulerManifest: event command='php' 'artisan' bingwa:heartbeat expression=*/15 * * * *  
[2026-06-23 17:50:55] production.INFO: SchedulerManifest: event command='php' 'artisan' bingwa:sync-transactions expression=*/5 * * * *  
[2026-06-23 17:50:55] production.INFO: SchedulerManifest: event command='php' 'artisan' bingwa:process-auto-renewals expression=*/5 * * * *  
[2026-06-23 17:50:55] production.INFO: SchedulerManifest: event command='php' 'artisan' bingwa:fetch-airtime-balance expression=*/15 * * * *  
[2026-06-23 17:50:56] production.DEBUG: Subscription plans prefetch job started. {"component":"plans_prefetch","user_id":1} 
[2026-06-23 17:50:56] production.DEBUG: 🌐 Fetching plans from: https://backend.statum.co.ke/api/v1/subscription/plans/hybrid  
[2026-06-23 17:50:57] production.DEBUG: 📦 Plans response received {"plans_count":5} 
[2026-06-23 17:50:57] production.DEBUG: Subscription plans prefetch job completed successfully. {"component":"plans_prefetch","user_id":1} 
[2026-06-23 17:50:58] production.DEBUG: BackgroundTasks: found 4 schedule event(s)  
[2026-06-23 17:50:58] production.INFO: SchedulerManifest: event command='php' 'artisan' bingwa:heartbeat expression=*/15 * * * *  
[2026-06-23 17:50:58] production.INFO: SchedulerManifest: event command='php' 'artisan' bingwa:sync-transactions expression=*/5 * * * *  
[2026-06-23 17:50:58] production.INFO: SchedulerManifest: event command='php' 'artisan' bingwa:process-auto-renewals expression=*/5 * * * *  
[2026-06-23 17:50:58] production.INFO: SchedulerManifest: event command='php' 'artisan' bingwa:fetch-airtime-balance expression=*/15 * * * *  
[2026-06-23 17:51:06] production.DEBUG: Bingwa dashboard airtime cache hydrated. {"user_id":1,"has_balance":true,"checked_at":"2026-06-23T17:50:53+03:00"} 
[2026-06-23 17:51:32] production.DEBUG: BackgroundTasks: found 4 schedule event(s)  
[2026-06-23 17:51:32] production.INFO: SchedulerManifest: event command='php' 'artisan' bingwa:heartbeat expression=*/15 * * * *  
[2026-06-23 17:51:32] production.INFO: SchedulerManifest: event command='php' 'artisan' bingwa:sync-transactions expression=*/5 * * * *  
[2026-06-23 17:51:32] production.INFO: SchedulerManifest: event command='php' 'artisan' bingwa:process-auto-renewals expression=*/5 * * * *  
[2026-06-23 17:51:32] production.INFO: SchedulerManifest: event command='php' 'artisan' bingwa:fetch-airtime-balance expression=*/15 * * * *  
[2026-06-23 17:52:07] production.DEBUG: BackgroundTasks: found 4 schedule event(s)  
[2026-06-23 17:52:07] production.INFO: SchedulerManifest: event command='php' 'artisan' bingwa:heartbeat expression=*/15 * * * *  
[2026-06-23 17:52:07] production.INFO: SchedulerManifest: event command='php' 'artisan' bingwa:sync-transactions expression=*/5 * * * *  
[2026-06-23 17:52:07] production.INFO: SchedulerManifest: event command='php' 'artisan' bingwa:process-auto-renewals expression=*/5 * * * *  
[2026-06-23 17:52:07] production.INFO: SchedulerManifest: event command='php' 'artisan' bingwa:fetch-airtime-balance expression=*/15 * * * *  
[2026-06-23 17:52:42] production.DEBUG: BackgroundTasks: found 4 schedule event(s)  
[2026-06-23 17:52:42] production.INFO: SchedulerManifest: event command='php' 'artisan' bingwa:heartbeat expression=*/15 * * * *  
[2026-06-23 17:52:42] production.INFO: SchedulerManifest: event command='php' 'artisan' bingwa:sync-transactions expression=*/5 * * * *  
[2026-06-23 17:52:42] production.INFO: SchedulerManifest: event command='php' 'artisan' bingwa:process-auto-renewals expression=*/5 * * * *  
[2026-06-23 17:52:42] production.INFO: SchedulerManifest: event command='php' 'artisan' bingwa:fetch-airtime-balance expression=*/15 * * * *  
[2026-06-23 17:53:16] production.DEBUG: BackgroundTasks: found 4 schedule event(s)  
[2026-06-23 17:53:16] production.INFO: SchedulerManifest: event command='php' 'artisan' bingwa:heartbeat expression=*/15 * * * *  
[2026-06-23 17:53:16] production.INFO: SchedulerManifest: event command='php' 'artisan' bingwa:sync-transactions expression=*/5 * * * *  
[2026-06-23 17:53:16] production.INFO: SchedulerManifest: event command='php' 'artisan' bingwa:process-auto-renewals expression=*/5 * * * *  
[2026-06-23 17:53:16] production.INFO: SchedulerManifest: event command='php' 'artisan' bingwa:fetch-airtime-balance expression=*/15 * * * *  
[2026-06-23 17:53:51] production.DEBUG: BackgroundTasks: found 4 schedule event(s)  
[2026-06-23 17:53:51] production.INFO: SchedulerManifest: event command='php' 'artisan' bingwa:heartbeat expression=*/15 * * * *  
[2026-06-23 17:53:51] production.INFO: SchedulerManifest: event command='php' 'artisan' bingwa:sync-transactions expression=*/5 * * * *  
[2026-06-23 17:53:51] production.INFO: SchedulerManifest: event command='php' 'artisan' bingwa:process-auto-renewals expression=*/5 * * * *  
[2026-06-23 17:53:51] production.INFO: SchedulerManifest: event command='php' 'artisan' bingwa:fetch-airtime-balance expression=*/15 * * * *  
[2026-06-23 17:54:25] production.DEBUG: BackgroundTasks: found 4 schedule event(s)  
[2026-06-23 17:54:25] production.INFO: SchedulerManifest: event command='php' 'artisan' bingwa:heartbeat expression=*/15 * * * *  
[2026-06-23 17:54:25] production.INFO: SchedulerManifest: event command='php' 'artisan' bingwa:sync-transactions expression=*/5 * * * *  
[2026-06-23 17:54:25] production.INFO: SchedulerManifest: event command='php' 'artisan' bingwa:process-auto-renewals expression=*/5 * * * *  
[2026-06-23 17:54:25] production.INFO: SchedulerManifest: event command='php' 'artisan' bingwa:fetch-airtime-balance expression=*/15 * * * *  
[2026-06-23 17:55:00] production.DEBUG: BackgroundTasks: found 4 schedule event(s)  
[2026-06-23 17:55:00] production.INFO: SchedulerManifest: event command='php' 'artisan' bingwa:heartbeat expression=*/15 * * * *  
[2026-06-23 17:55:00] production.INFO: SchedulerManifest: event command='php' 'artisan' bingwa:sync-transactions expression=*/5 * * * *  
[2026-06-23 17:55:00] production.INFO: SchedulerManifest: event command='php' 'artisan' bingwa:process-auto-renewals expression=*/5 * * * *  
[2026-06-23 17:55:00] production.INFO: SchedulerManifest: event command='php' 'artisan' bingwa:fetch-airtime-balance expression=*/15 * * * *  
[2026-06-23 17:55:35] production.DEBUG: BackgroundTasks: found 4 schedule event(s)  
[2026-06-23 17:55:35] production.INFO: SchedulerManifest: event command='php' 'artisan' bingwa:heartbeat expression=*/15 * * * *  
[2026-06-23 17:55:35] production.INFO: SchedulerManifest: event command='php' 'artisan' bingwa:sync-transactions expression=*/5 * * * *  
[2026-06-23 17:55:35] production.INFO: SchedulerManifest: event command='php' 'artisan' bingwa:process-auto-renewals expression=*/5 * * * *  
[2026-06-23 17:55:35] production.INFO: SchedulerManifest: event command='php' 'artisan' bingwa:fetch-airtime-balance expression=*/15 * * * *  
[2026-06-23 17:56:09] production.DEBUG: BackgroundTasks: found 4 schedule event(s)  
[2026-06-23 17:56:09] production.INFO: SchedulerManifest: event command='php' 'artisan' bingwa:heartbeat expression=*/15 * * * *  
[2026-06-23 17:56:09] production.INFO: SchedulerManifest: event command='php' 'artisan' bingwa:sync-transactions expression=*/5 * * * *  
[2026-06-23 17:56:09] production.INFO: SchedulerManifest: event command='php' 'artisan' bingwa:process-auto-renewals expression=*/5 * * * *  
[2026-06-23 17:56:09] production.INFO: SchedulerManifest: event command='php' 'artisan' bingwa:fetch-airtime-balance expression=*/15 * * * *  
[2026-06-23 17:56:44] production.DEBUG: BackgroundTasks: found 4 schedule event(s)  
[2026-06-23 17:56:44] production.INFO: SchedulerManifest: event command='php' 'artisan' bingwa:heartbeat expression=*/15 * * * *  
[2026-06-23 17:56:44] production.INFO: SchedulerManifest: event command='php' 'artisan' bingwa:sync-transactions expression=*/5 * * * *  
[2026-06-23 17:56:44] production.INFO: SchedulerManifest: event command='php' 'artisan' bingwa:process-auto-renewals expression=*/5 * * * *  
[2026-06-23 17:56:44] production.INFO: SchedulerManifest: event command='php' 'artisan' bingwa:fetch-airtime-balance expression=*/15 * * * *  
[2026-06-23 17:57:18] production.DEBUG: BackgroundTasks: found 4 schedule event(s)  
[2026-06-23 17:57:18] production.INFO: SchedulerManifest: event command='php' 'artisan' bingwa:heartbeat expression=*/15 * * * *  
[2026-06-23 17:57:18] production.INFO: SchedulerManifest: event command='php' 'artisan' bingwa:sync-transactions expression=*/5 * * * *  
[2026-06-23 17:57:18] production.INFO: SchedulerManifest: event command='php' 'artisan' bingwa:process-auto-renewals expression=*/5 * * * *  
[2026-06-23 17:57:18] production.INFO: SchedulerManifest: event command='php' 'artisan' bingwa:fetch-airtime-balance expression=*/15 * * * *  
[2026-06-23 17:57:53] production.DEBUG: BackgroundTasks: found 4 schedule event(s)  
[2026-06-23 17:57:53] production.INFO: SchedulerManifest: event command='php' 'artisan' bingwa:heartbeat expression=*/15 * * * *  
[2026-06-23 17:57:53] production.INFO: SchedulerManifest: event command='php' 'artisan' bingwa:sync-transactions expression=*/5 * * * *  
[2026-06-23 17:57:53] production.INFO: SchedulerManifest: event command='php' 'artisan' bingwa:process-auto-renewals expression=*/5 * * * *  
[2026-06-23 17:57:53] production.INFO: SchedulerManifest: event command='php' 'artisan' bingwa:fetch-airtime-balance expression=*/15 * * * *  
[2026-06-23 17:58:27] production.DEBUG: BackgroundTasks: found 4 schedule event(s)  
[2026-06-23 17:58:27] production.INFO: SchedulerManifest: event command='php' 'artisan' bingwa:heartbeat expression=*/15 * * * *  
[2026-06-23 17:58:27] production.INFO: SchedulerManifest: event command='php' 'artisan' bingwa:sync-transactions expression=*/5 * * * *  
[2026-06-23 17:58:27] production.INFO: SchedulerManifest: event command='php' 'artisan' bingwa:process-auto-renewals expression=*/5 * * * *  
[2026-06-23 17:58:27] production.INFO: SchedulerManifest: event command='php' 'artisan' bingwa:fetch-airtime-balance expression=*/15 * * * *  
[2026-06-23 17:59:02] production.DEBUG: BackgroundTasks: found 4 schedule event(s)  
[2026-06-23 17:59:02] production.INFO: SchedulerManifest: event command='php' 'artisan' bingwa:heartbeat expression=*/15 * * * *  
[2026-06-23 17:59:02] production.INFO: SchedulerManifest: event command='php' 'artisan' bingwa:sync-transactions expression=*/5 * * * *  
[2026-06-23 17:59:02] production.INFO: SchedulerManifest: event command='php' 'artisan' bingwa:process-auto-renewals expression=*/5 * * * *  
[2026-06-23 17:59:02] production.INFO: SchedulerManifest: event command='php' 'artisan' bingwa:fetch-airtime-balance expression=*/15 * * * *  
[2026-06-23 17:59:31] production.DEBUG: BackgroundTasks: found 4 schedule event(s)  
[2026-06-23 17:59:31] production.INFO: SchedulerManifest: event command='php' 'artisan' bingwa:heartbeat expression=*/15 * * * *  
[2026-06-23 17:59:31] production.INFO: SchedulerManifest: event command='php' 'artisan' bingwa:sync-transactions expression=*/5 * * * *  
[2026-06-23 17:59:31] production.INFO: SchedulerManifest: event command='php' 'artisan' bingwa:process-auto-renewals expression=*/5 * * * *  
[2026-06-23 17:59:31] production.INFO: SchedulerManifest: event command='php' 'artisan' bingwa:fetch-airtime-balance expression=*/15 * * * *  
[2026-06-23 17:59:31] production.DEBUG: Bingwa heartbeat command dispatching job. {"user_id":1,"registration_id":1} 
[2026-06-23 17:59:31] production.INFO: Bingwa heartbeat job queued. {"user_id":1,"registration_id":1} 
[2026-06-23 17:59:32] production.DEBUG: BackgroundTasks: found 4 schedule event(s)  
[2026-06-23 17:59:32] production.INFO: SchedulerManifest: event command='php' 'artisan' bingwa:heartbeat expression=*/15 * * * *  
[2026-06-23 17:59:32] production.INFO: SchedulerManifest: event command='php' 'artisan' bingwa:sync-transactions expression=*/5 * * * *  
[2026-06-23 17:59:32] production.INFO: SchedulerManifest: event command='php' 'artisan' bingwa:process-auto-renewals expression=*/5 * * * *  
[2026-06-23 17:59:32] production.INFO: SchedulerManifest: event command='php' 'artisan' bingwa:fetch-airtime-balance expression=*/15 * * * *  
[2026-06-23 17:59:33] production.DEBUG: Auto-renewal processing command started. {"component":"auto_renewal"} 
[2026-06-23 17:59:33] production.DEBUG: Auto-renewal processing command dispatching jobs. {"component":"auto_renewal","user_id":1} 
[2026-06-23 17:59:33] production.DEBUG: Auto-renewal processing started. {"component":"auto_renewal","user_id":1} 
[2026-06-23 17:59:33] production.DEBUG: Bingwa transaction processing job dispatched. {"user_id":1} 
[2026-06-23 17:59:33] production.INFO: Auto-renewal processing command finished. {"queued":0,"rescheduled":0,"failed":0,"users":[],"component":"auto_renewal","user_id":1} 
[2026-06-23 17:59:34] production.DEBUG: BackgroundTasks: found 4 schedule event(s)  
[2026-06-23 17:59:34] production.INFO: SchedulerManifest: event command='php' 'artisan' bingwa:heartbeat expression=*/15 * * * *  
[2026-06-23 17:59:34] production.INFO: SchedulerManifest: event command='php' 'artisan' bingwa:sync-transactions expression=*/5 * * * *  
[2026-06-23 17:59:34] production.INFO: SchedulerManifest: event command='php' 'artisan' bingwa:process-auto-renewals expression=*/5 * * * *  
[2026-06-23 17:59:34] production.INFO: SchedulerManifest: event command='php' 'artisan' bingwa:fetch-airtime-balance expression=*/15 * * * *  
[2026-06-23 17:59:34] production.INFO: 🔄 Starting Bingwa transactions sync... {"command":"bingwa:sync-transactions"} 
[2026-06-23 17:59:34] production.DEBUG: Bingwa transactions sync dispatching background job.  
[2026-06-23 17:59:34] production.INFO: ✅ Sync job queued successfully. {"queued":true,"user_id":1} 
[2026-06-23 17:59:36] production.DEBUG: BackgroundTasks: found 4 schedule event(s)  
[2026-06-23 17:59:36] production.INFO: SchedulerManifest: event command='php' 'artisan' bingwa:heartbeat expression=*/15 * * * *  
[2026-06-23 17:59:36] production.INFO: SchedulerManifest: event command='php' 'artisan' bingwa:sync-transactions expression=*/5 * * * *  
[2026-06-23 17:59:36] production.INFO: SchedulerManifest: event command='php' 'artisan' bingwa:process-auto-renewals expression=*/5 * * * *  
[2026-06-23 17:59:36] production.INFO: SchedulerManifest: event command='php' 'artisan' bingwa:fetch-airtime-balance expression=*/15 * * * *  
[2026-06-23 17:59:37] production.INFO: Starting automated airtime balance refresh command... {"component":"airtime_balance","command":"bingwa:fetch-airtime-balance"} 
[2026-06-23 17:59:37] production.INFO: Dispatching RefreshAirtimeBalanceJob. {"component":"airtime_balance","user_id":1} 
[2026-06-23 17:59:38] production.DEBUG: BackgroundTasks: found 4 schedule event(s)  
[2026-06-23 17:59:38] production.INFO: SchedulerManifest: event command='php' 'artisan' bingwa:heartbeat expression=*/15 * * * *  
[2026-06-23 17:59:38] production.INFO: SchedulerManifest: event command='php' 'artisan' bingwa:sync-transactions expression=*/5 * * * *  
[2026-06-23 17:59:38] production.INFO: SchedulerManifest: event command='php' 'artisan' bingwa:process-auto-renewals expression=*/5 * * * *  
[2026-06-23 17:59:38] production.INFO: SchedulerManifest: event command='php' 'artisan' bingwa:fetch-airtime-balance expression=*/15 * * * *  
[2026-06-23 17:59:39] production.DEBUG: Bingwa FCM sync job started. {"component":"fcm_sync","user_id":1,"flow_id":"2801213c-5f27-4c4d-bba9-126c0626acfb","attempt":1,"tries":0} 
[2026-06-23 17:59:39] production.DEBUG: Bingwa FCM permission status checked in backend job. {"component":"fcm_sync","user_id":1,"flow_id":"2801213c-5f27-4c4d-bba9-126c0626acfb","permission_status":"granted"} 
[2026-06-23 17:59:39] production.DEBUG: Skipped PushNotifications::enroll() as RequestPermission is not available in this context (e.g. queue worker). {"component":"fcm_sync","user_id":1,"flow_id":"2801213c-5f27-4c4d-bba9-126c0626acfb"} 
[2026-06-23 17:59:39] production.DEBUG: Bingwa FCM token resolved in backend job. {"component":"fcm_sync","user_id":1,"flow_id":"2801213c-5f27-4c4d-bba9-126c0626acfb","token_hash":"4c79b2aace04d2145956a8fe45cb5229480abe9b30c1e09b3821ea760f674e99"} 
[2026-06-23 17:59:39] production.DEBUG: Bingwa FCM token sync skipped because this token pair was already processed. {"user_id":1,"flow_id":"2801213c-5f27-4c4d-bba9-126c0626acfb","device_token_hash":"464ec13405960eb0","fcm_token_hash":"4c79b2aace04d214"} 
[2026-06-23 17:59:39] production.DEBUG: Bingwa FCM sync job completed successfully. {"component":"fcm_sync","user_id":1,"flow_id":"2801213c-5f27-4c4d-bba9-126c0626acfb"} 
[2026-06-23 17:59:39] production.DEBUG: BackgroundTasks: found 4 schedule event(s)  
[2026-06-23 17:59:39] production.INFO: SchedulerManifest: event command='php' 'artisan' bingwa:heartbeat expression=*/15 * * * *  
[2026-06-23 17:59:39] production.INFO: SchedulerManifest: event command='php' 'artisan' bingwa:sync-transactions expression=*/5 * * * *  
[2026-06-23 17:59:39] production.INFO: SchedulerManifest: event command='php' 'artisan' bingwa:process-auto-renewals expression=*/5 * * * *  
[2026-06-23 17:59:39] production.INFO: SchedulerManifest: event command='php' 'artisan' bingwa:fetch-airtime-balance expression=*/15 * * * *  
[2026-06-23 17:59:40] production.DEBUG: Bingwa heartbeat job started. {"component":"heartbeat","user_id":1} 
[2026-06-23 17:59:40] production.INFO: Bingwa heartbeat request starting. {"component":"heartbeat","user_id":1,"registration_id":1,"backend_device_id":31,"base_url":"https://backend.statum.co.ke"} 
[2026-06-23 17:59:41] production.INFO: Bingwa heartbeat accepted by backend. {"component":"heartbeat","user_id":1,"registration_id":1,"backend_device_id":31,"status":200,"response_body":"{\"status\":\"ok\",\"heartbeat_interval_seconds\":300,\"server_time\":\"2026-06-23T17:59:40+03:00\"}","recorded_at":"2026-06-23T14:59:41.680215Z"} 
[2026-06-23 17:59:41] production.DEBUG: Bingwa heartbeat job finished. {"component":"heartbeat","user_id":1,"sent":true} 
[2026-06-23 17:59:42] production.DEBUG: BackgroundTasks: found 4 schedule event(s)  
[2026-06-23 17:59:42] production.INFO: SchedulerManifest: event command='php' 'artisan' bingwa:heartbeat expression=*/15 * * * *  
[2026-06-23 17:59:42] production.INFO: SchedulerManifest: event command='php' 'artisan' bingwa:sync-transactions expression=*/5 * * * *  
[2026-06-23 17:59:42] production.INFO: SchedulerManifest: event command='php' 'artisan' bingwa:process-auto-renewals expression=*/5 * * * *  
[2026-06-23 17:59:42] production.INFO: SchedulerManifest: event command='php' 'artisan' bingwa:fetch-airtime-balance expression=*/15 * * * *  
[2026-06-23 17:59:43] production.DEBUG: Bingwa USSD processor job started. {"user_id":1,"flow_id":"b824e601-c144-4303-ac13-1c4b46de7f47","attempt":1,"tries":3} 
[2026-06-23 17:59:43] production.DEBUG: Bingwa USSD processor found no queued transaction. {"user_id":1,"flow_id":"b824e601-c144-4303-ac13-1c4b46de7f47"} 
[2026-06-23 17:59:43] production.DEBUG: Bingwa USSD processor job finished. {"user_id":1,"flow_id":"b824e601-c144-4303-ac13-1c4b46de7f47","processed":0} 
[2026-06-23 17:59:44] production.DEBUG: BackgroundTasks: found 4 schedule event(s)  
[2026-06-23 17:59:44] production.INFO: SchedulerManifest: event command='php' 'artisan' bingwa:heartbeat expression=*/15 * * * *  
[2026-06-23 17:59:44] production.INFO: SchedulerManifest: event command='php' 'artisan' bingwa:sync-transactions expression=*/5 * * * *  
[2026-06-23 17:59:44] production.INFO: SchedulerManifest: event command='php' 'artisan' bingwa:process-auto-renewals expression=*/5 * * * *  
[2026-06-23 17:59:44] production.INFO: SchedulerManifest: event command='php' 'artisan' bingwa:fetch-airtime-balance expression=*/15 * * * *  
[2026-06-23 17:59:44] production.DEBUG: Bingwa transaction sync job started. {"component":"transaction_sync","user_id":1,"push_data":[],"unique_id":"bingwa-sync-transactions:1"} 
[2026-06-23 17:59:44] production.DEBUG: Bingwa transaction sync started. {"component":"transaction_sync","user_id":1,"limit":10,"only_service":null,"registration_id":1,"backend_device_id":31} 
[2026-06-23 17:59:46] production.INFO: Bingwa transaction sync endpoint response received. {"component":"transaction_sync","user_id":1,"endpoint":"data_bundles","url":"https://backend.statum.co.ke/api/v1/jobs/next/data_bundles","status":204,"response_body":""} 
[2026-06-23 17:59:46] production.INFO: Bingwa transaction sync endpoint response received. {"component":"transaction_sync","user_id":1,"endpoint":"sms","url":"https://backend.statum.co.ke/api/v1/jobs/next/sms","status":204,"response_body":""} 
[2026-06-23 17:59:46] production.INFO: Bingwa transaction sync endpoint response received. {"component":"transaction_sync","user_id":1,"endpoint":"airtime","url":"https://backend.statum.co.ke/api/v1/jobs/next/airtime","status":204,"response_body":""} 
[2026-06-23 17:59:46] production.DEBUG: Bingwa transaction sync finished fetching jobs. {"component":"transaction_sync","user_id":1,"synced_so_far":0,"skipped_so_far":0,"failed_so_far":0,"push_data":[]} 
[2026-06-23 17:59:46] production.INFO: Bingwa transaction sync completed. {"component":"transaction_sync","user_id":1,"synced":0,"skipped":0,"failed":0} 
[2026-06-23 17:59:46] production.DEBUG: Bingwa transaction sync job finished fetching. {"component":"transaction_sync","user_id":1,"synced":0,"skipped":0,"failed":0,"push_data":[]} 
[2026-06-23 17:59:47] production.DEBUG: BackgroundTasks: found 4 schedule event(s)  
[2026-06-23 17:59:47] production.INFO: SchedulerManifest: event command='php' 'artisan' bingwa:heartbeat expression=*/15 * * * *  
[2026-06-23 17:59:47] production.INFO: SchedulerManifest: event command='php' 'artisan' bingwa:sync-transactions expression=*/5 * * * *  
[2026-06-23 17:59:47] production.INFO: SchedulerManifest: event command='php' 'artisan' bingwa:process-auto-renewals expression=*/5 * * * *  
[2026-06-23 17:59:47] production.INFO: SchedulerManifest: event command='php' 'artisan' bingwa:fetch-airtime-balance expression=*/15 * * * *  
[2026-06-23 17:59:47] production.DEBUG: Airtime balance refresh job started. {"component":"airtime_balance","user_id":1} 
[2026-06-23 17:59:47] production.INFO: Bingwa airtime balance refresh started. {"component":"airtime_balance","user_id":1} 
[2026-06-23 17:59:47] production.DEBUG: Bingwa airtime USSD probe. {"component":"airtime_balance","sim_slot":1,"mode":"express","nativephp_call_available":true} 
[2026-06-23 17:59:47] production.DEBUG: USSD modem lock acquired. {"component":"ussd_modem","sim_slot":1,"operation":"airtime-refresh","wait_seconds":2,"lease_seconds":105} 
[2026-06-23 17:59:50] production.DEBUG: USSD modem lock released. {"component":"ussd_modem","sim_slot":1,"operation":"airtime-refresh"} 
[2026-06-23 17:59:50] production.DEBUG: Bingwa airtime USSD raw response. {"component":"airtime_balance","sim_slot":1,"response":"{\"success\":false,\"message\":\"Airtime Bal: 483.52KSH.Expire date:21-09-2026. Tariff:Uwezo . A SPECIAL NEW offer Awaits you! Dial *131# today and stay connected.\"}"} 
[2026-06-23 17:59:50] production.DEBUG: Bingwa airtime USSD message extracted. {"component":"airtime_balance","sim_slot":1,"message":"Airtime Bal: 483.52KSH.Expire date:21-09-2026. Tariff:Uwezo . A SPECIAL NEW offer Awaits you! Dial *131# today and stay connected."} 
[2026-06-23 17:59:50] production.DEBUG: Bingwa airtime balance parsed via Airtime Bal pattern. {"component":"airtime_balance","raw":"Airtime Bal: 483.52KSH.Expire date:21-09-2026. Tariff:Uwezo . A SPECIAL NEW offer Awaits you! Dial *131# today and stay connected.","parsed":"483.52"} 
[2026-06-23 17:59:50] production.DEBUG: Bingwa airtime balance refreshed. {"component":"airtime_balance","user_id":1,"sim_slot":1,"balance":483.52} 
[2026-06-23 17:59:50] production.DEBUG: Airtime balance refresh job finished. {"component":"airtime_balance","user_id":1} 
[2026-06-23 17:59:51] production.DEBUG: BackgroundTasks: found 4 schedule event(s)  
[2026-06-23 17:59:51] production.INFO: SchedulerManifest: event command='php' 'artisan' bingwa:heartbeat expression=*/15 * * * *  
[2026-06-23 17:59:51] production.INFO: SchedulerManifest: event command='php' 'artisan' bingwa:sync-transactions expression=*/5 * * * *  
[2026-06-23 17:59:51] production.INFO: SchedulerManifest: event command='php' 'artisan' bingwa:process-auto-renewals expression=*/5 * * * *  
[2026-06-23 17:59:51] production.INFO: SchedulerManifest: event command='php' 'artisan' bingwa:fetch-airtime-balance expression=*/15 * * * *  
[2026-06-23 18:00:25] production.DEBUG: BackgroundTasks: found 4 schedule event(s)  
[2026-06-23 18:00:25] production.INFO: SchedulerManifest: event command='php' 'artisan' bingwa:heartbeat expression=*/15 * * * *  
[2026-06-23 18:00:25] production.INFO: SchedulerManifest: event command='php' 'artisan' bingwa:sync-transactions expression=*/5 * * * *  
[2026-06-23 18:00:25] production.INFO: SchedulerManifest: event command='php' 'artisan' bingwa:process-auto-renewals expression=*/5 * * * *  
[2026-06-23 18:00:25] production.INFO: SchedulerManifest: event command='php' 'artisan' bingwa:fetch-airtime-balance expression=*/15 * * * *  
[2026-06-23 18:01:00] production.DEBUG: BackgroundTasks: found 4 schedule event(s)  
[2026-06-23 18:01:00] production.INFO: SchedulerManifest: event command='php' 'artisan' bingwa:heartbeat expression=*/15 * * * *  
[2026-06-23 18:01:00] production.INFO: SchedulerManifest: event command='php' 'artisan' bingwa:sync-transactions expression=*/5 * * * *  
[2026-06-23 18:01:00] production.INFO: SchedulerManifest: event command='php' 'artisan' bingwa:process-auto-renewals expression=*/5 * * * *  
[2026-06-23 18:01:00] production.INFO: SchedulerManifest: event command='php' 'artisan' bingwa:fetch-airtime-balance expression=*/15 * * * *  
[2026-06-23 18:01:34] production.DEBUG: BackgroundTasks: found 4 schedule event(s)  
[2026-06-23 18:01:34] production.INFO: SchedulerManifest: event command='php' 'artisan' bingwa:heartbeat expression=*/15 * * * *  
[2026-06-23 18:01:34] production.INFO: SchedulerManifest: event command='php' 'artisan' bingwa:sync-transactions expression=*/5 * * * *  
[2026-06-23 18:01:34] production.INFO: SchedulerManifest: event command='php' 'artisan' bingwa:process-auto-renewals expression=*/5 * * * *  
[2026-06-23 18:01:34] production.INFO: SchedulerManifest: event command='php' 'artisan' bingwa:fetch-airtime-balance expression=*/15 * * * *  
[2026-06-23 18:02:09] production.DEBUG: BackgroundTasks: found 4 schedule event(s)  
[2026-06-23 18:02:09] production.INFO: SchedulerManifest: event command='php' 'artisan' bingwa:heartbeat expression=*/15 * * * *  
[2026-06-23 18:02:09] production.INFO: SchedulerManifest: event command='php' 'artisan' bingwa:sync-transactions expression=*/5 * * * *  
[2026-06-23 18:02:09] production.INFO: SchedulerManifest: event command='php' 'artisan' bingwa:process-auto-renewals expression=*/5 * * * *  
[2026-06-23 18:02:09] production.INFO: SchedulerManifest: event command='php' 'artisan' bingwa:fetch-airtime-balance expression=*/15 * * * *  
[2026-06-23 18:02:43] production.DEBUG: BackgroundTasks: found 4 schedule event(s)  
[2026-06-23 18:02:43] production.INFO: SchedulerManifest: event command='php' 'artisan' bingwa:heartbeat expression=*/15 * * * *  
[2026-06-23 18:02:43] production.INFO: SchedulerManifest: event command='php' 'artisan' bingwa:sync-transactions expression=*/5 * * * *  
[2026-06-23 18:02:43] production.INFO: SchedulerManifest: event command='php' 'artisan' bingwa:process-auto-renewals expression=*/5 * * * *  
[2026-06-23 18:02:43] production.INFO: SchedulerManifest: event command='php' 'artisan' bingwa:fetch-airtime-balance expression=*/15 * * * *  
[2026-06-23 18:03:18] production.DEBUG: BackgroundTasks: found 4 schedule event(s)  
[2026-06-23 18:03:18] production.INFO: SchedulerManifest: event command='php' 'artisan' bingwa:heartbeat expression=*/15 * * * *  
[2026-06-23 18:03:18] production.INFO: SchedulerManifest: event command='php' 'artisan' bingwa:sync-transactions expression=*/5 * * * *  
[2026-06-23 18:03:18] production.INFO: SchedulerManifest: event command='php' 'artisan' bingwa:process-auto-renewals expression=*/5 * * * *  
[2026-06-23 18:03:18] production.INFO: SchedulerManifest: event command='php' 'artisan' bingwa:fetch-airtime-balance expression=*/15 * * * *  
[2026-06-23 18:03:52] production.DEBUG: BackgroundTasks: found 4 schedule event(s)  
[2026-06-23 18:03:52] production.INFO: SchedulerManifest: event command='php' 'artisan' bingwa:heartbeat expression=*/15 * * * *  
[2026-06-23 18:03:52] production.INFO: SchedulerManifest: event command='php' 'artisan' bingwa:sync-transactions expression=*/5 * * * *  
[2026-06-23 18:03:52] production.INFO: SchedulerManifest: event command='php' 'artisan' bingwa:process-auto-renewals expression=*/5 * * * *  
[2026-06-23 18:03:52] production.INFO: SchedulerManifest: event command='php' 'artisan' bingwa:fetch-airtime-balance expression=*/15 * * * *  
[2026-06-23 18:04:27] production.DEBUG: BackgroundTasks: found 4 schedule event(s)  
[2026-06-23 18:04:27] production.INFO: SchedulerManifest: event command='php' 'artisan' bingwa:heartbeat expression=*/15 * * * *  
[2026-06-23 18:04:27] production.INFO: SchedulerManifest: event command='php' 'artisan' bingwa:sync-transactions expression=*/5 * * * *  
[2026-06-23 18:04:27] production.INFO: SchedulerManifest: event command='php' 'artisan' bingwa:process-auto-renewals expression=*/5 * * * *  
[2026-06-23 18:04:27] production.INFO: SchedulerManifest: event command='php' 'artisan' bingwa:fetch-airtime-balance expression=*/15 * * * *  
[2026-06-23 18:05:02] production.DEBUG: BackgroundTasks: found 4 schedule event(s)  
[2026-06-23 18:05:02] production.INFO: SchedulerManifest: event command='php' 'artisan' bingwa:heartbeat expression=*/15 * * * *  
[2026-06-23 18:05:02] production.INFO: SchedulerManifest: event command='php' 'artisan' bingwa:sync-transactions expression=*/5 * * * *  
[2026-06-23 18:05:02] production.INFO: SchedulerManifest: event command='php' 'artisan' bingwa:process-auto-renewals expression=*/5 * * * *  
[2026-06-23 18:05:02] production.INFO: SchedulerManifest: event command='php' 'artisan' bingwa:fetch-airtime-balance expression=*/15 * * * *  
[2026-06-23 18:05:36] production.DEBUG: BackgroundTasks: found 4 schedule event(s)  
[2026-06-23 18:05:36] production.INFO: SchedulerManifest: event command='php' 'artisan' bingwa:heartbeat expression=*/15 * * * *  
[2026-06-23 18:05:36] production.INFO: SchedulerManifest: event command='php' 'artisan' bingwa:sync-transactions expression=*/5 * * * *  
[2026-06-23 18:05:36] production.INFO: SchedulerManifest: event command='php' 'artisan' bingwa:process-auto-renewals expression=*/5 * * * *  
[2026-06-23 18:05:36] production.INFO: SchedulerManifest: event command='php' 'artisan' bingwa:fetch-airtime-balance expression=*/15 * * * *  
[2026-06-23 18:06:11] production.DEBUG: BackgroundTasks: found 4 schedule event(s)  
[2026-06-23 18:06:11] production.INFO: SchedulerManifest: event command='php' 'artisan' bingwa:heartbeat expression=*/15 * * * *  
[2026-06-23 18:06:11] production.INFO: SchedulerManifest: event command='php' 'artisan' bingwa:sync-transactions expression=*/5 * * * *  
[2026-06-23 18:06:11] production.INFO: SchedulerManifest: event command='php' 'artisan' bingwa:process-auto-renewals expression=*/5 * * * *  
[2026-06-23 18:06:11] production.INFO: SchedulerManifest: event command='php' 'artisan' bingwa:fetch-airtime-balance expression=*/15 * * * *  
[2026-06-23 18:06:45] production.DEBUG: BackgroundTasks: found 4 schedule event(s)  
[2026-06-23 18:06:45] production.INFO: SchedulerManifest: event command='php' 'artisan' bingwa:heartbeat expression=*/15 * * * *  
[2026-06-23 18:06:45] production.INFO: SchedulerManifest: event command='php' 'artisan' bingwa:sync-transactions expression=*/5 * * * *  
[2026-06-23 18:06:45] production.INFO: SchedulerManifest: event command='php' 'artisan' bingwa:process-auto-renewals expression=*/5 * * * *  
[2026-06-23 18:06:45] production.INFO: SchedulerManifest: event command='php' 'artisan' bingwa:fetch-airtime-balance expression=*/15 * * * *  
[2026-06-23 18:07:20] production.DEBUG: BackgroundTasks: found 4 schedule event(s)  
[2026-06-23 18:07:20] production.INFO: SchedulerManifest: event command='php' 'artisan' bingwa:heartbeat expression=*/15 * * * *  
[2026-06-23 18:07:20] production.INFO: SchedulerManifest: event command='php' 'artisan' bingwa:sync-transactions expression=*/5 * * * *  
[2026-06-23 18:07:20] production.INFO: SchedulerManifest: event command='php' 'artisan' bingwa:process-auto-renewals expression=*/5 * * * *  
[2026-06-23 18:07:20] production.INFO: SchedulerManifest: event command='php' 'artisan' bingwa:fetch-airtime-balance expression=*/15 * * * *  
[2026-06-23 18:07:54] production.DEBUG: BackgroundTasks: found 4 schedule event(s)  
[2026-06-23 18:07:54] production.INFO: SchedulerManifest: event command='php' 'artisan' bingwa:heartbeat expression=*/15 * * * *  
[2026-06-23 18:07:54] production.INFO: SchedulerManifest: event command='php' 'artisan' bingwa:sync-transactions expression=*/5 * * * *  
[2026-06-23 18:07:54] production.INFO: SchedulerManifest: event command='php' 'artisan' bingwa:process-auto-renewals expression=*/5 * * * *  
[2026-06-23 18:07:54] production.INFO: SchedulerManifest: event command='php' 'artisan' bingwa:fetch-airtime-balance expression=*/15 * * * *  
[2026-06-23 18:08:29] production.DEBUG: BackgroundTasks: found 4 schedule event(s)  
[2026-06-23 18:08:29] production.INFO: SchedulerManifest: event command='php' 'artisan' bingwa:heartbeat expression=*/15 * * * *  
[2026-06-23 18:08:29] production.INFO: SchedulerManifest: event command='php' 'artisan' bingwa:sync-transactions expression=*/5 * * * *  
[2026-06-23 18:08:29] production.INFO: SchedulerManifest: event command='php' 'artisan' bingwa:process-auto-renewals expression=*/5 * * * *  
[2026-06-23 18:08:29] production.INFO: SchedulerManifest: event command='php' 'artisan' bingwa:fetch-airtime-balance expression=*/15 * * * *  
[2026-06-23 18:09:03] production.DEBUG: BackgroundTasks: found 4 schedule event(s)  
[2026-06-23 18:09:04] production.INFO: SchedulerManifest: event command='php' 'artisan' bingwa:heartbeat expression=*/15 * * * *  
[2026-06-23 18:09:04] production.INFO: SchedulerManifest: event command='php' 'artisan' bingwa:sync-transactions expression=*/5 * * * *  
[2026-06-23 18:09:04] production.INFO: SchedulerManifest: event command='php' 'artisan' bingwa:process-auto-renewals expression=*/5 * * * *  
[2026-06-23 18:09:04] production.INFO: SchedulerManifest: event command='php' 'artisan' bingwa:fetch-airtime-balance expression=*/15 * * * *  
[2026-06-23 18:09:38] production.DEBUG: BackgroundTasks: found 4 schedule event(s)  
[2026-06-23 18:09:38] production.INFO: SchedulerManifest: event command='php' 'artisan' bingwa:heartbeat expression=*/15 * * * *  
[2026-06-23 18:09:38] production.INFO: SchedulerManifest: event command='php' 'artisan' bingwa:sync-transactions expression=*/5 * * * *  
[2026-06-23 18:09:38] production.INFO: SchedulerManifest: event command='php' 'artisan' bingwa:process-auto-renewals expression=*/5 * * * *  
[2026-06-23 18:09:38] production.INFO: SchedulerManifest: event command='php' 'artisan' bingwa:fetch-airtime-balance expression=*/15 * * * *  
[2026-06-23 18:10:13] production.DEBUG: BackgroundTasks: found 4 schedule event(s)  
[2026-06-23 18:10:13] production.INFO: SchedulerManifest: event command='php' 'artisan' bingwa:heartbeat expression=*/15 * * * *  
[2026-06-23 18:10:13] production.INFO: SchedulerManifest: event command='php' 'artisan' bingwa:sync-transactions expression=*/5 * * * *  
[2026-06-23 18:10:13] production.INFO: SchedulerManifest: event command='php' 'artisan' bingwa:process-auto-renewals expression=*/5 * * * *  
[2026-06-23 18:10:13] production.INFO: SchedulerManifest: event command='php' 'artisan' bingwa:fetch-airtime-balance expression=*/15 * * * *  
[2026-06-23 18:10:47] production.DEBUG: BackgroundTasks: found 4 schedule event(s)  
[2026-06-23 18:10:47] production.INFO: SchedulerManifest: event command='php' 'artisan' bingwa:heartbeat expression=*/15 * * * *  
[2026-06-23 18:10:47] production.INFO: SchedulerManifest: event command='php' 'artisan' bingwa:sync-transactions expression=*/5 * * * *  
[2026-06-23 18:10:47] production.INFO: SchedulerManifest: event command='php' 'artisan' bingwa:process-auto-renewals expression=*/5 * * * *  
[2026-06-23 18:10:47] production.INFO: SchedulerManifest: event command='php' 'artisan' bingwa:fetch-airtime-balance expression=*/15 * * * *  
[2026-06-23 18:11:22] production.DEBUG: BackgroundTasks: found 4 schedule event(s)  
[2026-06-23 18:11:22] production.INFO: SchedulerManifest: event command='php' 'artisan' bingwa:heartbeat expression=*/15 * * * *  
[2026-06-23 18:11:22] production.INFO: SchedulerManifest: event command='php' 'artisan' bingwa:sync-transactions expression=*/5 * * * *  
[2026-06-23 18:11:22] production.INFO: SchedulerManifest: event command='php' 'artisan' bingwa:process-auto-renewals expression=*/5 * * * *  
[2026-06-23 18:11:22] production.INFO: SchedulerManifest: event command='php' 'artisan' bingwa:fetch-airtime-balance expression=*/15 * * * *  
[2026-06-23 18:11:56] production.DEBUG: BackgroundTasks: found 4 schedule event(s)  
[2026-06-23 18:11:56] production.INFO: SchedulerManifest: event command='php' 'artisan' bingwa:heartbeat expression=*/15 * * * *  
[2026-06-23 18:11:56] production.INFO: SchedulerManifest: event command='php' 'artisan' bingwa:sync-transactions expression=*/5 * * * *  
[2026-06-23 18:11:56] production.INFO: SchedulerManifest: event command='php' 'artisan' bingwa:process-auto-renewals expression=*/5 * * * *  
[2026-06-23 18:11:56] production.INFO: SchedulerManifest: event command='php' 'artisan' bingwa:fetch-airtime-balance expression=*/15 * * * *  
[2026-06-23 18:12:31] production.DEBUG: BackgroundTasks: found 4 schedule event(s)  
[2026-06-23 18:12:31] production.INFO: SchedulerManifest: event command='php' 'artisan' bingwa:heartbeat expression=*/15 * * * *  
[2026-06-23 18:12:31] production.INFO: SchedulerManifest: event command='php' 'artisan' bingwa:sync-transactions expression=*/5 * * * *  
[2026-06-23 18:12:31] production.INFO: SchedulerManifest: event command='php' 'artisan' bingwa:process-auto-renewals expression=*/5 * * * *  
[2026-06-23 18:12:31] production.INFO: SchedulerManifest: event command='php' 'artisan' bingwa:fetch-airtime-balance expression=*/15 * * * *  
[2026-06-23 18:13:05] production.DEBUG: BackgroundTasks: found 4 schedule event(s)  
[2026-06-23 18:13:05] production.INFO: SchedulerManifest: event command='php' 'artisan' bingwa:heartbeat expression=*/15 * * * *  
[2026-06-23 18:13:05] production.INFO: SchedulerManifest: event command='php' 'artisan' bingwa:sync-transactions expression=*/5 * * * *  
[2026-06-23 18:13:05] production.INFO: SchedulerManifest: event command='php' 'artisan' bingwa:process-auto-renewals expression=*/5 * * * *  
[2026-06-23 18:13:05] production.INFO: SchedulerManifest: event command='php' 'artisan' bingwa:fetch-airtime-balance expression=*/15 * * * *  
[2026-06-23 18:13:40] production.DEBUG: BackgroundTasks: found 4 schedule event(s)  
[2026-06-23 18:13:40] production.INFO: SchedulerManifest: event command='php' 'artisan' bingwa:heartbeat expression=*/15 * * * *  
[2026-06-23 18:13:40] production.INFO: SchedulerManifest: event command='php' 'artisan' bingwa:sync-transactions expression=*/5 * * * *  
[2026-06-23 18:13:40] production.INFO: SchedulerManifest: event command='php' 'artisan' bingwa:process-auto-renewals expression=*/5 * * * *  
[2026-06-23 18:13:40] production.INFO: SchedulerManifest: event command='php' 'artisan' bingwa:fetch-airtime-balance expression=*/15 * * * *  
[2026-06-23 18:14:14] production.DEBUG: BackgroundTasks: found 4 schedule event(s)  
[2026-06-23 18:14:14] production.INFO: SchedulerManifest: event command='php' 'artisan' bingwa:heartbeat expression=*/15 * * * *  
[2026-06-23 18:14:14] production.INFO: SchedulerManifest: event command='php' 'artisan' bingwa:sync-transactions expression=*/5 * * * *  
[2026-06-23 18:14:14] production.INFO: SchedulerManifest: event command='php' 'artisan' bingwa:process-auto-renewals expression=*/5 * * * *  
[2026-06-23 18:14:14] production.INFO: SchedulerManifest: event command='php' 'artisan' bingwa:fetch-airtime-balance expression=*/15 * * * *  
[2026-06-23 18:14:30] production.DEBUG: Bingwa dashboard mount started. {"user_id":1} 
[2026-06-23 18:14:30] production.DEBUG: Bingwa dashboard airtime cache hydrated. {"user_id":1,"has_balance":true,"checked_at":"2026-06-23T17:59:50+03:00"} 
[2026-06-23 18:14:30] production.DEBUG: Bingwa dashboard airtime response ready. {"user_id":1,"balance":483.52,"checked_at":"23 Jun, 17:59"} 
[2026-06-23 18:14:31] production.DEBUG: BackgroundTasks: found 4 schedule event(s)  
[2026-06-23 18:14:31] production.INFO: SchedulerManifest: event command='php' 'artisan' bingwa:heartbeat expression=*/15 * * * *  
[2026-06-23 18:14:31] production.INFO: SchedulerManifest: event command='php' 'artisan' bingwa:sync-transactions expression=*/5 * * * *  
[2026-06-23 18:14:31] production.INFO: SchedulerManifest: event command='php' 'artisan' bingwa:process-auto-renewals expression=*/5 * * * *  
[2026-06-23 18:14:31] production.INFO: SchedulerManifest: event command='php' 'artisan' bingwa:fetch-airtime-balance expression=*/15 * * * *  
[2026-06-23 18:14:31] production.INFO: 🔄 Starting Bingwa transactions sync... {"command":"bingwa:sync-transactions"} 
[2026-06-23 18:14:31] production.DEBUG: Bingwa transactions sync dispatching background job.  
[2026-06-23 18:14:31] production.INFO: ✅ Sync job queued successfully. {"queued":true,"user_id":1} 
[2026-06-23 18:14:32] production.DEBUG: BackgroundTasks: found 4 schedule event(s)  
[2026-06-23 18:14:32] production.INFO: SchedulerManifest: event command='php' 'artisan' bingwa:heartbeat expression=*/15 * * * *  
[2026-06-23 18:14:32] production.INFO: SchedulerManifest: event command='php' 'artisan' bingwa:sync-transactions expression=*/5 * * * *  
[2026-06-23 18:14:32] production.INFO: SchedulerManifest: event command='php' 'artisan' bingwa:process-auto-renewals expression=*/5 * * * *  
[2026-06-23 18:14:32] production.INFO: SchedulerManifest: event command='php' 'artisan' bingwa:fetch-airtime-balance expression=*/15 * * * *  
[2026-06-23 18:14:33] production.INFO: Starting automated airtime balance refresh command... {"component":"airtime_balance","command":"bingwa:fetch-airtime-balance"} 
[2026-06-23 18:14:33] production.INFO: Dispatching RefreshAirtimeBalanceJob. {"component":"airtime_balance","user_id":1} 
[2026-06-23 18:14:34] production.DEBUG: BackgroundTasks: found 4 schedule event(s)  
[2026-06-23 18:14:34] production.INFO: SchedulerManifest: event command='php' 'artisan' bingwa:heartbeat expression=*/15 * * * *  
[2026-06-23 18:14:34] production.INFO: SchedulerManifest: event command='php' 'artisan' bingwa:sync-transactions expression=*/5 * * * *  
[2026-06-23 18:14:34] production.INFO: SchedulerManifest: event command='php' 'artisan' bingwa:process-auto-renewals expression=*/5 * * * *  
[2026-06-23 18:14:34] production.INFO: SchedulerManifest: event command='php' 'artisan' bingwa:fetch-airtime-balance expression=*/15 * * * *  
[2026-06-23 18:14:34] production.DEBUG: Bingwa heartbeat command dispatching job. {"user_id":1,"registration_id":1} 
[2026-06-23 18:14:34] production.INFO: Bingwa heartbeat job queued. {"user_id":1,"registration_id":1} 
[2026-06-23 18:14:35] production.DEBUG: BackgroundTasks: found 4 schedule event(s)  
[2026-06-23 18:14:35] production.INFO: SchedulerManifest: event command='php' 'artisan' bingwa:heartbeat expression=*/15 * * * *  
[2026-06-23 18:14:35] production.INFO: SchedulerManifest: event command='php' 'artisan' bingwa:sync-transactions expression=*/5 * * * *  
[2026-06-23 18:14:35] production.INFO: SchedulerManifest: event command='php' 'artisan' bingwa:process-auto-renewals expression=*/5 * * * *  
[2026-06-23 18:14:35] production.INFO: SchedulerManifest: event command='php' 'artisan' bingwa:fetch-airtime-balance expression=*/15 * * * *  
[2026-06-23 18:14:35] production.DEBUG: Bingwa dashboard airtime cache hydrated. {"user_id":1,"has_balance":true,"checked_at":"2026-06-23T17:59:50+03:00"} 
[2026-06-23 18:14:35] production.DEBUG: Bingwa dashboard airtime cache hydrated. {"user_id":1,"has_balance":true,"checked_at":"2026-06-23T17:59:50+03:00"} 
[2026-06-23 18:14:36] production.DEBUG: Auto-renewal processing command started. {"component":"auto_renewal"} 
[2026-06-23 18:14:36] production.DEBUG: Auto-renewal processing command dispatching jobs. {"component":"auto_renewal","user_id":1} 
[2026-06-23 18:14:36] production.DEBUG: Auto-renewal processing started. {"component":"auto_renewal","user_id":1} 
[2026-06-23 18:14:36] production.DEBUG: Bingwa transaction processing job dispatched. {"user_id":1} 
[2026-06-23 18:14:36] production.INFO: Auto-renewal processing command finished. {"queued":0,"rescheduled":0,"failed":0,"users":[],"component":"auto_renewal","user_id":1} 
[2026-06-23 18:14:37] production.DEBUG: BackgroundTasks: found 4 schedule event(s)  
[2026-06-23 18:14:37] production.INFO: SchedulerManifest: event command='php' 'artisan' bingwa:heartbeat expression=*/15 * * * *  
[2026-06-23 18:14:37] production.INFO: SchedulerManifest: event command='php' 'artisan' bingwa:sync-transactions expression=*/5 * * * *  
[2026-06-23 18:14:37] production.INFO: SchedulerManifest: event command='php' 'artisan' bingwa:process-auto-renewals expression=*/5 * * * *  
[2026-06-23 18:14:37] production.INFO: SchedulerManifest: event command='php' 'artisan' bingwa:fetch-airtime-balance expression=*/15 * * * *  
[2026-06-23 18:14:37] production.DEBUG: Subscription plans prefetch job started. {"component":"plans_prefetch","user_id":1} 
[2026-06-23 18:14:37] production.DEBUG: Subscription plans prefetch job completed successfully. {"component":"plans_prefetch","user_id":1} 
[2026-06-23 18:14:38] production.DEBUG: BackgroundTasks: found 4 schedule event(s)  
[2026-06-23 18:14:38] production.INFO: SchedulerManifest: event command='php' 'artisan' bingwa:heartbeat expression=*/15 * * * *  
[2026-06-23 18:14:38] production.INFO: SchedulerManifest: event command='php' 'artisan' bingwa:sync-transactions expression=*/5 * * * *  
[2026-06-23 18:14:38] production.INFO: SchedulerManifest: event command='php' 'artisan' bingwa:process-auto-renewals expression=*/5 * * * *  
[2026-06-23 18:14:38] production.INFO: SchedulerManifest: event command='php' 'artisan' bingwa:fetch-airtime-balance expression=*/15 * * * *  
[2026-06-23 18:14:39] production.DEBUG: Bingwa transaction sync job started. {"component":"transaction_sync","user_id":1,"push_data":[],"unique_id":"bingwa-sync-transactions:1"} 
[2026-06-23 18:14:39] production.DEBUG: Bingwa transaction sync started. {"component":"transaction_sync","user_id":1,"limit":10,"only_service":null,"registration_id":1,"backend_device_id":31} 
[2026-06-23 18:14:40] production.INFO: Bingwa transaction sync endpoint response received. {"component":"transaction_sync","user_id":1,"endpoint":"data_bundles","url":"https://backend.statum.co.ke/api/v1/jobs/next/data_bundles","status":204,"response_body":""} 
[2026-06-23 18:14:40] production.INFO: Bingwa transaction sync endpoint response received. {"component":"transaction_sync","user_id":1,"endpoint":"sms","url":"https://backend.statum.co.ke/api/v1/jobs/next/sms","status":204,"response_body":""} 
[2026-06-23 18:14:40] production.INFO: Bingwa transaction sync endpoint response received. {"component":"transaction_sync","user_id":1,"endpoint":"airtime","url":"https://backend.statum.co.ke/api/v1/jobs/next/airtime","status":204,"response_body":""} 
[2026-06-23 18:14:40] production.DEBUG: Bingwa transaction sync finished fetching jobs. {"component":"transaction_sync","user_id":1,"synced_so_far":0,"skipped_so_far":0,"failed_so_far":0,"push_data":[]} 
[2026-06-23 18:14:40] production.INFO: Bingwa transaction sync completed. {"component":"transaction_sync","user_id":1,"synced":0,"skipped":0,"failed":0} 
[2026-06-23 18:14:40] production.DEBUG: Bingwa transaction sync job finished fetching. {"component":"transaction_sync","user_id":1,"synced":0,"skipped":0,"failed":0,"push_data":[]} 
[2026-06-23 18:14:40] production.DEBUG: Bingwa dashboard airtime cache hydrated. {"user_id":1,"has_balance":true,"checked_at":"2026-06-23T17:59:50+03:00"} 
[2026-06-23 18:14:40] production.DEBUG: Bingwa dashboard airtime cache hydrated. {"user_id":1,"has_balance":true,"checked_at":"2026-06-23T17:59:50+03:00"} 
[2026-06-23 18:14:41] production.DEBUG: BackgroundTasks: found 4 schedule event(s)  
[2026-06-23 18:14:41] production.INFO: SchedulerManifest: event command='php' 'artisan' bingwa:heartbeat expression=*/15 * * * *  
[2026-06-23 18:14:41] production.INFO: SchedulerManifest: event command='php' 'artisan' bingwa:sync-transactions expression=*/5 * * * *  
[2026-06-23 18:14:41] production.INFO: SchedulerManifest: event command='php' 'artisan' bingwa:process-auto-renewals expression=*/5 * * * *  
[2026-06-23 18:14:41] production.INFO: SchedulerManifest: event command='php' 'artisan' bingwa:fetch-airtime-balance expression=*/15 * * * *  
[2026-06-23 18:14:41] production.DEBUG: Airtime balance refresh job started. {"component":"airtime_balance","user_id":1} 
[2026-06-23 18:14:41] production.INFO: Bingwa airtime balance refresh started. {"component":"airtime_balance","user_id":1} 
[2026-06-23 18:14:41] production.DEBUG: Bingwa airtime USSD probe. {"component":"airtime_balance","sim_slot":1,"mode":"express","nativephp_call_available":true} 
[2026-06-23 18:14:41] production.DEBUG: USSD modem lock acquired. {"component":"ussd_modem","sim_slot":1,"operation":"airtime-refresh","wait_seconds":2,"lease_seconds":105} 
[2026-06-23 18:14:44] production.DEBUG: USSD modem lock released. {"component":"ussd_modem","sim_slot":1,"operation":"airtime-refresh"} 
[2026-06-23 18:14:44] production.DEBUG: Bingwa airtime USSD raw response. {"component":"airtime_balance","sim_slot":1,"response":"{\"success\":false,\"message\":\"Airtime Bal: 483.52KSH.Expire date:21-09-2026. Tariff:Uwezo . A SPECIAL NEW offer Awaits you! Dial *131# today and stay connected.\"}"} 
[2026-06-23 18:14:44] production.DEBUG: Bingwa airtime USSD message extracted. {"component":"airtime_balance","sim_slot":1,"message":"Airtime Bal: 483.52KSH.Expire date:21-09-2026. Tariff:Uwezo . A SPECIAL NEW offer Awaits you! Dial *131# today and stay connected."} 
[2026-06-23 18:14:44] production.DEBUG: Bingwa airtime balance parsed via Airtime Bal pattern. {"component":"airtime_balance","raw":"Airtime Bal: 483.52KSH.Expire date:21-09-2026. Tariff:Uwezo . A SPECIAL NEW offer Awaits you! Dial *131# today and stay connected.","parsed":"483.52"} 
[2026-06-23 18:14:44] production.DEBUG: Bingwa airtime balance refreshed. {"component":"airtime_balance","user_id":1,"sim_slot":1,"balance":483.52} 
[2026-06-23 18:14:44] production.DEBUG: Airtime balance refresh job finished. {"component":"airtime_balance","user_id":1} 
[2026-06-23 18:14:44] production.DEBUG: BackgroundTasks: found 4 schedule event(s)  
[2026-06-23 18:14:44] production.INFO: SchedulerManifest: event command='php' 'artisan' bingwa:heartbeat expression=*/15 * * * *  
[2026-06-23 18:14:44] production.INFO: SchedulerManifest: event command='php' 'artisan' bingwa:sync-transactions expression=*/5 * * * *  
[2026-06-23 18:14:44] production.INFO: SchedulerManifest: event command='php' 'artisan' bingwa:process-auto-renewals expression=*/5 * * * *  
[2026-06-23 18:14:44] production.INFO: SchedulerManifest: event command='php' 'artisan' bingwa:fetch-airtime-balance expression=*/15 * * * *  
[2026-06-23 18:14:45] production.DEBUG: Bingwa FCM sync job started. {"component":"fcm_sync","user_id":1,"flow_id":"9ca73df7-03f8-4f28-9c6c-770cdd7578b2","attempt":1,"tries":0} 
[2026-06-23 18:14:45] production.DEBUG: Bingwa FCM permission status checked in backend job. {"component":"fcm_sync","user_id":1,"flow_id":"9ca73df7-03f8-4f28-9c6c-770cdd7578b2","permission_status":"granted"} 
[2026-06-23 18:14:45] production.DEBUG: Skipped PushNotifications::enroll() as RequestPermission is not available in this context (e.g. queue worker). {"component":"fcm_sync","user_id":1,"flow_id":"9ca73df7-03f8-4f28-9c6c-770cdd7578b2"} 
[2026-06-23 18:14:45] production.DEBUG: Bingwa FCM token resolved in backend job. {"component":"fcm_sync","user_id":1,"flow_id":"9ca73df7-03f8-4f28-9c6c-770cdd7578b2","token_hash":"4c79b2aace04d2145956a8fe45cb5229480abe9b30c1e09b3821ea760f674e99"} 
[2026-06-23 18:14:45] production.DEBUG: Bingwa FCM token sync skipped because this token pair was already processed. {"user_id":1,"flow_id":"9ca73df7-03f8-4f28-9c6c-770cdd7578b2","device_token_hash":"464ec13405960eb0","fcm_token_hash":"4c79b2aace04d214"} 
[2026-06-23 18:14:45] production.DEBUG: Bingwa FCM sync job completed successfully. {"component":"fcm_sync","user_id":1,"flow_id":"9ca73df7-03f8-4f28-9c6c-770cdd7578b2"} 
[2026-06-23 18:14:46] production.DEBUG: BackgroundTasks: found 4 schedule event(s)  
[2026-06-23 18:14:46] production.INFO: SchedulerManifest: event command='php' 'artisan' bingwa:heartbeat expression=*/15 * * * *  
[2026-06-23 18:14:46] production.INFO: SchedulerManifest: event command='php' 'artisan' bingwa:sync-transactions expression=*/5 * * * *  
[2026-06-23 18:14:46] production.INFO: SchedulerManifest: event command='php' 'artisan' bingwa:process-auto-renewals expression=*/5 * * * *  
[2026-06-23 18:14:46] production.INFO: SchedulerManifest: event command='php' 'artisan' bingwa:fetch-airtime-balance expression=*/15 * * * *  
[2026-06-23 18:14:46] production.DEBUG: Bingwa dashboard mount started. {"user_id":1} 
[2026-06-23 18:14:46] production.DEBUG: Bingwa dashboard airtime cache hydrated. {"user_id":1,"has_balance":true,"checked_at":"2026-06-23T18:14:44+03:00"} 
[2026-06-23 18:14:46] production.DEBUG: Bingwa dashboard airtime response ready. {"user_id":1,"balance":483.52,"checked_at":"23 Jun, 18:14"} 
[2026-06-23 18:14:47] production.DEBUG: Bingwa heartbeat job started. {"component":"heartbeat","user_id":1} 
[2026-06-23 18:14:47] production.INFO: Bingwa heartbeat request starting. {"component":"heartbeat","user_id":1,"registration_id":1,"backend_device_id":31,"base_url":"https://backend.statum.co.ke"} 
[2026-06-23 18:14:48] production.INFO: Bingwa heartbeat accepted by backend. {"component":"heartbeat","user_id":1,"registration_id":1,"backend_device_id":31,"status":200,"response_body":"{\"status\":\"ok\",\"heartbeat_interval_seconds\":300,\"server_time\":\"2026-06-23T18:14:47+03:00\"}","recorded_at":"2026-06-23T15:14:48.326602Z"} 
[2026-06-23 18:14:48] production.DEBUG: Bingwa heartbeat job finished. {"component":"heartbeat","user_id":1,"sent":true} 
[2026-06-23 18:14:49] production.DEBUG: BackgroundTasks: found 4 schedule event(s)  
[2026-06-23 18:14:49] production.INFO: SchedulerManifest: event command='php' 'artisan' bingwa:heartbeat expression=*/15 * * * *  
[2026-06-23 18:14:49] production.INFO: SchedulerManifest: event command='php' 'artisan' bingwa:sync-transactions expression=*/5 * * * *  
[2026-06-23 18:14:49] production.INFO: SchedulerManifest: event command='php' 'artisan' bingwa:process-auto-renewals expression=*/5 * * * *  
[2026-06-23 18:14:49] production.INFO: SchedulerManifest: event command='php' 'artisan' bingwa:fetch-airtime-balance expression=*/15 * * * *  
[2026-06-23 18:14:49] production.DEBUG: Bingwa USSD processor job started. {"user_id":1,"flow_id":"2e7304c1-66ed-4713-b82a-a26f15eec9e6","attempt":1,"tries":3} 
[2026-06-23 18:14:50] production.DEBUG: Bingwa USSD processor found no queued transaction. {"user_id":1,"flow_id":"2e7304c1-66ed-4713-b82a-a26f15eec9e6"} 
[2026-06-23 18:14:50] production.DEBUG: Bingwa USSD processor job finished. {"user_id":1,"flow_id":"2e7304c1-66ed-4713-b82a-a26f15eec9e6","processed":0} 
[2026-06-23 18:14:50] production.DEBUG: BackgroundTasks: found 4 schedule event(s)  
[2026-06-23 18:14:50] production.INFO: SchedulerManifest: event command='php' 'artisan' bingwa:heartbeat expression=*/15 * * * *  
[2026-06-23 18:14:50] production.INFO: SchedulerManifest: event command='php' 'artisan' bingwa:sync-transactions expression=*/5 * * * *  
[2026-06-23 18:14:50] production.INFO: SchedulerManifest: event command='php' 'artisan' bingwa:process-auto-renewals expression=*/5 * * * *  
[2026-06-23 18:14:50] production.INFO: SchedulerManifest: event command='php' 'artisan' bingwa:fetch-airtime-balance expression=*/15 * * * *  
[2026-06-23 18:14:51] production.DEBUG: Subscription plans prefetch job started. {"component":"plans_prefetch","user_id":1} 
[2026-06-23 18:14:51] production.DEBUG: Subscription plans prefetch job completed successfully. {"component":"plans_prefetch","user_id":1} 
[2026-06-23 18:14:51] production.DEBUG: Bingwa dashboard airtime cache hydrated. {"user_id":1,"has_balance":true,"checked_at":"2026-06-23T18:14:44+03:00"} 
[2026-06-23 18:14:51] production.DEBUG: Bingwa dashboard airtime cache hydrated. {"user_id":1,"has_balance":true,"checked_at":"2026-06-23T18:14:44+03:00"} 
[2026-06-23 18:14:52] production.DEBUG: BackgroundTasks: found 4 schedule event(s)  
[2026-06-23 18:14:52] production.INFO: SchedulerManifest: event command='php' 'artisan' bingwa:heartbeat expression=*/15 * * * *  
[2026-06-23 18:14:52] production.INFO: SchedulerManifest: event command='php' 'artisan' bingwa:sync-transactions expression=*/5 * * * *  
[2026-06-23 18:14:52] production.INFO: SchedulerManifest: event command='php' 'artisan' bingwa:process-auto-renewals expression=*/5 * * * *  
[2026-06-23 18:14:52] production.INFO: SchedulerManifest: event command='php' 'artisan' bingwa:fetch-airtime-balance expression=*/15 * * * *  
[2026-06-23 18:14:59] production.DEBUG: BackgroundTasks: found 4 schedule event(s)  
[2026-06-23 18:14:59] production.INFO: SchedulerManifest: event command='php' 'artisan' bingwa:heartbeat expression=*/15 * * * *  
[2026-06-23 18:14:59] production.INFO: SchedulerManifest: event command='php' 'artisan' bingwa:sync-transactions expression=*/5 * * * *  
[2026-06-23 18:14:59] production.INFO: SchedulerManifest: event command='php' 'artisan' bingwa:process-auto-renewals expression=*/5 * * * *  
[2026-06-23 18:14:59] production.INFO: SchedulerManifest: event command='php' 'artisan' bingwa:fetch-airtime-balance expression=*/15 * * * *  
[2026-06-23 18:14:59] production.DEBUG: ProcessIncomingSmsCommand started. {"component":"incoming_sms","payload_length":322} 
[2026-06-23 18:14:59] production.DEBUG: Bingwa transaction processing job dispatched. {"user_id":1} 
[2026-06-23 18:14:59] production.DEBUG: ProcessIncomingSmsCommand completed. {"component":"incoming_sms","result":{"status":"queued","mpesa_code":"32TRES23AC1WA","transaction_id":5}} 
[2026-06-23 18:15:00] production.DEBUG: BackgroundTasks: found 4 schedule event(s)  
[2026-06-23 18:15:00] production.INFO: SchedulerManifest: event command='php' 'artisan' bingwa:heartbeat expression=*/15 * * * *  
[2026-06-23 18:15:00] production.INFO: SchedulerManifest: event command='php' 'artisan' bingwa:sync-transactions expression=*/5 * * * *  
[2026-06-23 18:15:00] production.INFO: SchedulerManifest: event command='php' 'artisan' bingwa:process-auto-renewals expression=*/5 * * * *  
[2026-06-23 18:15:00] production.INFO: SchedulerManifest: event command='php' 'artisan' bingwa:fetch-airtime-balance expression=*/15 * * * *  
[2026-06-23 18:15:01] production.DEBUG: Bingwa USSD processor job started. {"user_id":1,"flow_id":"d83e6a6e-a6a3-4057-aca5-a08d4b389d7d","attempt":1,"tries":3} 
[2026-06-23 18:15:01] production.INFO: 📤 USSD payload ready for job #5 {"code":"*180*5*2*0721553678*5*1#","mode":"advanced","sim_slot":1} 
[2026-06-23 18:15:01] production.DEBUG: Bingwa USSD processor claim result. {"user_id":1,"flow_id":"d83e6a6e-a6a3-4057-aca5-a08d4b389d7d","transaction_id":5,"claimed":true} 
[2026-06-23 18:15:01] production.INFO: 📡 [BRIDGE DISPATCH] Sending USSD to Android Hardware (Async) {"transaction_id":5,"code":"*180*5*2*0721553678*5*1#","sim_slot":1,"mode":"advanced","timeout_seconds":90} 
[2026-06-23 18:15:01] production.DEBUG: Bingwa USSD dispatch response received. {"flow_id":"d83e6a6e-a6a3-4057-aca5-a08d4b389d7d","transaction_id":"SMS-32TRES23AC1WA","id":5,"response":"{\"success\":true,\"message\":\"Dispatched to hardware\"}"} 
[2026-06-23 18:15:01] production.DEBUG: Bingwa USSD bridge response decoded. {"flow_id":"d83e6a6e-a6a3-4057-aca5-a08d4b389d7d","transaction_id":"SMS-32TRES23AC1WA","id":5,"success":true,"message":"Dispatched to hardware"} 
[2026-06-23 18:15:01] production.INFO: Bingwa USSD bridge accepted the dispatch. {"flow_id":"d83e6a6e-a6a3-4057-aca5-a08d4b389d7d","transaction_id":"SMS-32TRES23AC1WA","id":5} 
[2026-06-23 18:15:01] production.DEBUG: Bingwa USSD processor dispatched transaction asynchronously. {"user_id":1,"flow_id":"d83e6a6e-a6a3-4057-aca5-a08d4b389d7d","transaction_id":5} 
[2026-06-23 18:15:01] production.DEBUG: Bingwa USSD processor job finished. {"user_id":1,"flow_id":"d83e6a6e-a6a3-4057-aca5-a08d4b389d7d","processed":1} 
[2026-06-23 18:15:02] production.DEBUG: BackgroundTasks: found 4 schedule event(s)  
[2026-06-23 18:15:02] production.INFO: SchedulerManifest: event command='php' 'artisan' bingwa:heartbeat expression=*/15 * * * *  
[2026-06-23 18:15:02] production.INFO: SchedulerManifest: event command='php' 'artisan' bingwa:sync-transactions expression=*/5 * * * *  
[2026-06-23 18:15:02] production.INFO: SchedulerManifest: event command='php' 'artisan' bingwa:process-auto-renewals expression=*/5 * * * *  
[2026-06-23 18:15:02] production.INFO: SchedulerManifest: event command='php' 'artisan' bingwa:fetch-airtime-balance expression=*/15 * * * *  
[2026-06-23 18:15:06] production.DEBUG: BackgroundTasks: found 4 schedule event(s)  
[2026-06-23 18:15:06] production.INFO: SchedulerManifest: event command='php' 'artisan' bingwa:heartbeat expression=*/15 * * * *  
[2026-06-23 18:15:06] production.INFO: SchedulerManifest: event command='php' 'artisan' bingwa:sync-transactions expression=*/5 * * * *  
[2026-06-23 18:15:06] production.INFO: SchedulerManifest: event command='php' 'artisan' bingwa:process-auto-renewals expression=*/5 * * * *  
[2026-06-23 18:15:06] production.INFO: SchedulerManifest: event command='php' 'artisan' bingwa:fetch-airtime-balance expression=*/15 * * * *  
[2026-06-23 18:15:07] production.DEBUG: Bingwa dashboard airtime cache hydrated. {"user_id":1,"has_balance":true,"checked_at":"2026-06-23T18:14:44+03:00"} 
[2026-06-23 18:15:07] production.DEBUG: Bingwa dashboard airtime cache hydrated. {"user_id":1,"has_balance":true,"checked_at":"2026-06-23T18:14:44+03:00"} 
[2026-06-23 18:15:07] production.DEBUG: ProcessIncomingSmsCommand started. {"component":"incoming_sms","payload_length":322} 
[2026-06-23 18:15:07] production.DEBUG: Bingwa transaction processing job dispatched. {"user_id":1} 
[2026-06-23 18:15:07] production.DEBUG: ProcessIncomingSmsCommand completed. {"component":"incoming_sms","result":{"status":"queued","mpesa_code":"33TRES23AC1WA","transaction_id":6}} 
[2026-06-23 18:15:08] production.DEBUG: BackgroundTasks: found 4 schedule event(s)  
[2026-06-23 18:15:08] production.INFO: SchedulerManifest: event command='php' 'artisan' bingwa:heartbeat expression=*/15 * * * *  
[2026-06-23 18:15:08] production.INFO: SchedulerManifest: event command='php' 'artisan' bingwa:sync-transactions expression=*/5 * * * *  
[2026-06-23 18:15:08] production.INFO: SchedulerManifest: event command='php' 'artisan' bingwa:process-auto-renewals expression=*/5 * * * *  
[2026-06-23 18:15:08] production.INFO: SchedulerManifest: event command='php' 'artisan' bingwa:fetch-airtime-balance expression=*/15 * * * *  
[2026-06-23 18:15:09] production.DEBUG: Bingwa USSD processor job started. {"user_id":1,"flow_id":"eebb23de-cf60-401d-91c9-226a16efaa48","attempt":1,"tries":3} 
[2026-06-23 18:15:09] production.INFO: 📤 USSD payload ready for job #6 {"code":"*180*5*2*0721553678*5*1#","mode":"advanced","sim_slot":1} 
[2026-06-23 18:15:09] production.DEBUG: Bingwa USSD processor claim result. {"user_id":1,"flow_id":"eebb23de-cf60-401d-91c9-226a16efaa48","transaction_id":6,"claimed":true} 
[2026-06-23 18:15:09] production.INFO: 📡 [BRIDGE DISPATCH] Sending USSD to Android Hardware (Async) {"transaction_id":6,"code":"*180*5*2*0721553678*5*1#","sim_slot":1,"mode":"advanced","timeout_seconds":90} 
[2026-06-23 18:15:09] production.DEBUG: Bingwa USSD dispatch response received. {"flow_id":"eebb23de-cf60-401d-91c9-226a16efaa48","transaction_id":"SMS-33TRES23AC1WA","id":6,"response":"{\"success\":true,\"message\":\"Dispatched to hardware\"}"} 
[2026-06-23 18:15:09] production.DEBUG: Bingwa USSD bridge response decoded. {"flow_id":"eebb23de-cf60-401d-91c9-226a16efaa48","transaction_id":"SMS-33TRES23AC1WA","id":6,"success":true,"message":"Dispatched to hardware"} 
[2026-06-23 18:15:09] production.INFO: Bingwa USSD bridge accepted the dispatch. {"flow_id":"eebb23de-cf60-401d-91c9-226a16efaa48","transaction_id":"SMS-33TRES23AC1WA","id":6} 
[2026-06-23 18:15:09] production.DEBUG: Bingwa USSD processor dispatched transaction asynchronously. {"user_id":1,"flow_id":"eebb23de-cf60-401d-91c9-226a16efaa48","transaction_id":6} 
[2026-06-23 18:15:09] production.DEBUG: Bingwa USSD processor job finished. {"user_id":1,"flow_id":"eebb23de-cf60-401d-91c9-226a16efaa48","processed":1} 
[2026-06-23 18:15:10] production.DEBUG: BackgroundTasks: found 4 schedule event(s)  
[2026-06-23 18:15:10] production.INFO: SchedulerManifest: event command='php' 'artisan' bingwa:heartbeat expression=*/15 * * * *  
[2026-06-23 18:15:10] production.INFO: SchedulerManifest: event command='php' 'artisan' bingwa:sync-transactions expression=*/5 * * * *  
[2026-06-23 18:15:10] production.INFO: SchedulerManifest: event command='php' 'artisan' bingwa:process-auto-renewals expression=*/5 * * * *  
[2026-06-23 18:15:10] production.INFO: SchedulerManifest: event command='php' 'artisan' bingwa:fetch-airtime-balance expression=*/15 * * * *  
[2026-06-23 18:15:11] production.DEBUG: Bingwa dashboard airtime cache hydrated. {"user_id":1,"has_balance":true,"checked_at":"2026-06-23T18:14:44+03:00"} 
[2026-06-23 18:15:11] production.DEBUG: Bingwa dashboard airtime cache hydrated. {"user_id":1,"has_balance":true,"checked_at":"2026-06-23T18:14:44+03:00"} 
[2026-06-23 18:15:16] production.DEBUG: Bingwa dashboard airtime cache hydrated. {"user_id":1,"has_balance":true,"checked_at":"2026-06-23T18:14:44+03:00"} 
[2026-06-23 18:15:16] production.DEBUG: Bingwa dashboard airtime cache hydrated. {"user_id":1,"has_balance":true,"checked_at":"2026-06-23T18:14:44+03:00"} 
[2026-06-23 18:15:21] production.DEBUG: Bingwa dashboard airtime cache hydrated. {"user_id":1,"has_balance":true,"checked_at":"2026-06-23T18:14:44+03:00"} 
[2026-06-23 18:15:21] production.DEBUG: Bingwa dashboard airtime cache hydrated. {"user_id":1,"has_balance":true,"checked_at":"2026-06-23T18:14:44+03:00"} 
[2026-06-23 18:15:26] production.DEBUG: Bingwa dashboard airtime cache hydrated. {"user_id":1,"has_balance":true,"checked_at":"2026-06-23T18:14:44+03:00"} 
[2026-06-23 18:15:26] production.DEBUG: Bingwa dashboard airtime cache hydrated. {"user_id":1,"has_balance":true,"checked_at":"2026-06-23T18:14:44+03:00"} 
[2026-06-23 18:15:31] production.DEBUG: Bingwa dashboard airtime cache hydrated. {"user_id":1,"has_balance":true,"checked_at":"2026-06-23T18:14:44+03:00"} 
[2026-06-23 18:15:31] production.DEBUG: Bingwa dashboard airtime cache hydrated. {"user_id":1,"has_balance":true,"checked_at":"2026-06-23T18:14:44+03:00"} 
[2026-06-23 18:15:36] production.DEBUG: Bingwa dashboard airtime cache hydrated. {"user_id":1,"has_balance":true,"checked_at":"2026-06-23T18:14:44+03:00"} 
[2026-06-23 18:15:36] production.DEBUG: Bingwa dashboard airtime cache hydrated. {"user_id":1,"has_balance":true,"checked_at":"2026-06-23T18:14:44+03:00"} 
[2026-06-23 18:15:41] production.DEBUG: Bingwa dashboard airtime cache hydrated. {"user_id":1,"has_balance":true,"checked_at":"2026-06-23T18:14:44+03:00"} 
[2026-06-23 18:15:41] production.DEBUG: Bingwa dashboard airtime cache hydrated. {"user_id":1,"has_balance":true,"checked_at":"2026-06-23T18:14:44+03:00"} 
[2026-06-23 18:15:44] production.DEBUG: BackgroundTasks: found 4 schedule event(s)  
[2026-06-23 18:15:44] production.INFO: SchedulerManifest: event command='php' 'artisan' bingwa:heartbeat expression=*/15 * * * *  
[2026-06-23 18:15:44] production.INFO: SchedulerManifest: event command='php' 'artisan' bingwa:sync-transactions expression=*/5 * * * *  
[2026-06-23 18:15:44] production.INFO: SchedulerManifest: event command='php' 'artisan' bingwa:process-auto-renewals expression=*/5 * * * *  
[2026-06-23 18:15:44] production.INFO: SchedulerManifest: event command='php' 'artisan' bingwa:fetch-airtime-balance expression=*/15 * * * *  
[2026-06-23 18:15:46] production.DEBUG: Bingwa dashboard airtime cache hydrated. {"user_id":1,"has_balance":true,"checked_at":"2026-06-23T18:14:44+03:00"} 
[2026-06-23 18:15:46] production.DEBUG: Bingwa dashboard airtime cache hydrated. {"user_id":1,"has_balance":true,"checked_at":"2026-06-23T18:14:44+03:00"} 
[2026-06-23 18:15:48] production.DEBUG: CompleteTransactionCommand started. {"component":"transaction_completion","transaction_id":5,"status":"failed","callback_token":"15a3b53f-7da6-478b-bf8f-8327b64548fe"} 
[2026-06-23 18:15:48] production.DEBUG: Bingwa transaction completion started. {"transaction_id":5,"transaction_key":"SMS-32TRES23AC1WA","status":"failed","callback_token":"15a3b53f-7da6-478b-bf8f-8327b64548fe"} 
[2026-06-23 18:15:48] production.INFO: Auto-reply skipped because no active rule matched the transaction outcome. {"transaction_id":5,"status":"failed","trigger_condition":"failed_transaction"} 
[2026-06-23 18:15:48] production.DEBUG: Skipping remote status update queue. {"transaction_id":5,"remote_transaction_id":"SMS-32TRES23AC1WA","status":"failed","is_local_only":true,"has_device_token":true} 
[2026-06-23 18:15:48] production.DEBUG: Bingwa callback delivery recorded. {"transaction_id":5,"transaction_key":"SMS-32TRES23AC1WA","callback_token":"15a3b53f-7da6-478b-bf8f-8327b64548fe","status":"failed","message":"No device recommendations found within the requested period."} 
[2026-06-23 18:15:48] production.DEBUG: Bingwa transaction processing job dispatched. {"user_id":1} 
[2026-06-23 18:15:48] production.INFO: Bingwa transaction completion finished. {"transaction_id":5,"transaction_key":"SMS-32TRES23AC1WA","status":"failed","callback_token":"15a3b53f-7da6-478b-bf8f-8327b64548fe","message":"No device recommendations found within the requested period."} 
[2026-06-23 18:15:48] production.DEBUG: CompleteTransactionCommand finished. {"component":"transaction_completion","transaction_id":5,"status":"failed","completed":true} 
[2026-06-23 18:15:49] production.DEBUG: BackgroundTasks: found 4 schedule event(s)  
[2026-06-23 18:15:49] production.INFO: SchedulerManifest: event command='php' 'artisan' bingwa:heartbeat expression=*/15 * * * *  
[2026-06-23 18:15:49] production.INFO: SchedulerManifest: event command='php' 'artisan' bingwa:sync-transactions expression=*/5 * * * *  
[2026-06-23 18:15:49] production.INFO: SchedulerManifest: event command='php' 'artisan' bingwa:process-auto-renewals expression=*/5 * * * *  
[2026-06-23 18:15:49] production.INFO: SchedulerManifest: event command='php' 'artisan' bingwa:fetch-airtime-balance expression=*/15 * * * *  
[2026-06-23 18:15:50] production.DEBUG: Bingwa USSD processor job started. {"user_id":1,"flow_id":"a79649d1-6d75-4dec-a4cd-9c87466a1c31","attempt":1,"tries":3} 
[2026-06-23 18:15:50] production.DEBUG: Bingwa USSD processor found no queued transaction. {"user_id":1,"flow_id":"a79649d1-6d75-4dec-a4cd-9c87466a1c31"} 
[2026-06-23 18:15:50] production.DEBUG: Bingwa USSD processor job finished. {"user_id":1,"flow_id":"a79649d1-6d75-4dec-a4cd-9c87466a1c31","processed":0} 
[2026-06-23 18:15:50] production.DEBUG: BackgroundTasks: found 4 schedule event(s)  
[2026-06-23 18:15:50] production.INFO: SchedulerManifest: event command='php' 'artisan' bingwa:heartbeat expression=*/15 * * * *  
[2026-06-23 18:15:50] production.INFO: SchedulerManifest: event command='php' 'artisan' bingwa:sync-transactions expression=*/5 * * * *  
[2026-06-23 18:15:50] production.INFO: SchedulerManifest: event command='php' 'artisan' bingwa:process-auto-renewals expression=*/5 * * * *  
[2026-06-23 18:15:50] production.INFO: SchedulerManifest: event command='php' 'artisan' bingwa:fetch-airtime-balance expression=*/15 * * * *  
[2026-06-23 18:15:51] production.DEBUG: CompleteTransactionCommand started. {"component":"transaction_completion","transaction_id":6,"status":"failed","callback_token":"4811db4c-5908-4180-9c7d-591816687019"} 
[2026-06-23 18:15:51] production.DEBUG: Bingwa transaction completion started. {"transaction_id":6,"transaction_key":"SMS-33TRES23AC1WA","status":"failed","callback_token":"4811db4c-5908-4180-9c7d-591816687019"} 
[2026-06-23 18:15:51] production.INFO: Auto-reply skipped because no active rule matched the transaction outcome. {"transaction_id":6,"status":"failed","trigger_condition":"already_recommended"} 
[2026-06-23 18:15:51] production.DEBUG: Skipping remote status update queue. {"transaction_id":6,"remote_transaction_id":"SMS-33TRES23AC1WA","status":"failed","is_local_only":true,"has_device_token":true} 
[2026-06-23 18:15:51] production.DEBUG: Bingwa callback delivery recorded. {"transaction_id":6,"transaction_key":"SMS-33TRES23AC1WA","callback_token":"4811db4c-5908-4180-9c7d-591816687019","status":"failed","message":"Recommendation failed. The customer 0721553678 has already been recommended. Kindly recommend to another customer. Thank you"} 
[2026-06-23 18:15:51] production.DEBUG: Bingwa transaction processing job dispatched. {"user_id":1} 
[2026-06-23 18:15:51] production.INFO: Bingwa transaction completion finished. {"transaction_id":6,"transaction_key":"SMS-33TRES23AC1WA","status":"failed","callback_token":"4811db4c-5908-4180-9c7d-591816687019","message":"Recommendation failed. The customer 0721553678 has already been recommended. Kindly recommend to another customer. Thank you"} 
[2026-06-23 18:15:51] production.DEBUG: CompleteTransactionCommand finished. {"component":"transaction_completion","transaction_id":6,"status":"failed","completed":true} 
[2026-06-23 18:15:54] production.DEBUG: Bingwa dashboard mount started. {"user_id":1} 
[2026-06-23 18:15:54] production.DEBUG: Bingwa dashboard airtime cache hydrated. {"user_id":1,"has_balance":true,"checked_at":"2026-06-23T18:14:44+03:00"} 
[2026-06-23 18:15:54] production.DEBUG: Bingwa dashboard airtime response ready. {"user_id":1,"balance":483.52,"checked_at":"23 Jun, 18:14"} 
[2026-06-23 18:15:55] production.DEBUG: BackgroundTasks: found 4 schedule event(s)  
[2026-06-23 18:15:55] production.INFO: SchedulerManifest: event command='php' 'artisan' bingwa:heartbeat expression=*/15 * * * *  
[2026-06-23 18:15:55] production.INFO: SchedulerManifest: event command='php' 'artisan' bingwa:sync-transactions expression=*/5 * * * *  
[2026-06-23 18:15:55] production.INFO: SchedulerManifest: event command='php' 'artisan' bingwa:process-auto-renewals expression=*/5 * * * *  
[2026-06-23 18:15:55] production.INFO: SchedulerManifest: event command='php' 'artisan' bingwa:fetch-airtime-balance expression=*/15 * * * *  
[2026-06-23 18:15:56] production.DEBUG: Bingwa USSD processor job started. {"user_id":1,"flow_id":"45d0453f-0b0e-4102-b727-372a2f784600","attempt":1,"tries":3} 
[2026-06-23 18:15:56] production.DEBUG: Bingwa USSD processor found no queued transaction. {"user_id":1,"flow_id":"45d0453f-0b0e-4102-b727-372a2f784600"} 
[2026-06-23 18:15:56] production.DEBUG: Bingwa USSD processor job finished. {"user_id":1,"flow_id":"45d0453f-0b0e-4102-b727-372a2f784600","processed":0} 
[2026-06-23 18:15:57] production.DEBUG: BackgroundTasks: found 4 schedule event(s)  
[2026-06-23 18:15:57] production.INFO: SchedulerManifest: event command='php' 'artisan' bingwa:heartbeat expression=*/15 * * * *  
[2026-06-23 18:15:57] production.INFO: SchedulerManifest: event command='php' 'artisan' bingwa:sync-transactions expression=*/5 * * * *  
[2026-06-23 18:15:57] production.INFO: SchedulerManifest: event command='php' 'artisan' bingwa:process-auto-renewals expression=*/5 * * * *  
[2026-06-23 18:15:57] production.INFO: SchedulerManifest: event command='php' 'artisan' bingwa:fetch-airtime-balance expression=*/15 * * * *  
[2026-06-23 18:15:57] production.DEBUG: ProcessIncomingSmsCommand started. {"component":"incoming_sms","payload_length":322} 
[2026-06-23 18:15:57] production.DEBUG: Bingwa transaction processing job dispatched. {"user_id":1} 
[2026-06-23 18:15:57] production.DEBUG: ProcessIncomingSmsCommand completed. {"component":"incoming_sms","result":{"status":"queued","mpesa_code":"35TRES23AC1WA","transaction_id":7}} 
[2026-06-23 18:15:58] production.DEBUG: BackgroundTasks: found 4 schedule event(s)  
[2026-06-23 18:15:58] production.INFO: SchedulerManifest: event command='php' 'artisan' bingwa:heartbeat expression=*/15 * * * *  
[2026-06-23 18:15:58] production.INFO: SchedulerManifest: event command='php' 'artisan' bingwa:sync-transactions expression=*/5 * * * *  
[2026-06-23 18:15:58] production.INFO: SchedulerManifest: event command='php' 'artisan' bingwa:process-auto-renewals expression=*/5 * * * *  
[2026-06-23 18:15:58] production.INFO: SchedulerManifest: event command='php' 'artisan' bingwa:fetch-airtime-balance expression=*/15 * * * *  
[2026-06-23 18:15:59] production.DEBUG: Subscription plans prefetch job started. {"component":"plans_prefetch","user_id":1} 
[2026-06-23 18:15:59] production.DEBUG: Subscription plans prefetch job completed successfully. {"component":"plans_prefetch","user_id":1} 
[2026-06-23 18:15:59] production.DEBUG: Bingwa dashboard airtime cache hydrated. {"user_id":1,"has_balance":true,"checked_at":"2026-06-23T18:14:44+03:00"} 
[2026-06-23 18:15:59] production.DEBUG: Bingwa dashboard airtime cache hydrated. {"user_id":1,"has_balance":true,"checked_at":"2026-06-23T18:14:44+03:00"} 
[2026-06-23 18:16:00] production.DEBUG: BackgroundTasks: found 4 schedule event(s)  
[2026-06-23 18:16:00] production.INFO: SchedulerManifest: event command='php' 'artisan' bingwa:heartbeat expression=*/15 * * * *  
[2026-06-23 18:16:00] production.INFO: SchedulerManifest: event command='php' 'artisan' bingwa:sync-transactions expression=*/5 * * * *  
[2026-06-23 18:16:00] production.INFO: SchedulerManifest: event command='php' 'artisan' bingwa:process-auto-renewals expression=*/5 * * * *  
[2026-06-23 18:16:00] production.INFO: SchedulerManifest: event command='php' 'artisan' bingwa:fetch-airtime-balance expression=*/15 * * * *  
[2026-06-23 18:16:00] production.DEBUG: Bingwa USSD processor job started. {"user_id":1,"flow_id":"8e5c4e1c-aee0-46fe-a32b-f35e4e550ec2","attempt":1,"tries":3} 
[2026-06-23 18:16:00] production.INFO: 📤 USSD payload ready for job #7 {"code":"*180*5*2*0721553678*5*1#","mode":"advanced","sim_slot":1} 
[2026-06-23 18:16:00] production.DEBUG: Bingwa USSD processor claim result. {"user_id":1,"flow_id":"8e5c4e1c-aee0-46fe-a32b-f35e4e550ec2","transaction_id":7,"claimed":true} 
[2026-06-23 18:16:00] production.INFO: 📡 [BRIDGE DISPATCH] Sending USSD to Android Hardware (Async) {"transaction_id":7,"code":"*180*5*2*0721553678*5*1#","sim_slot":1,"mode":"advanced","timeout_seconds":90} 
[2026-06-23 18:16:00] production.DEBUG: Bingwa USSD dispatch response received. {"flow_id":"8e5c4e1c-aee0-46fe-a32b-f35e4e550ec2","transaction_id":"SMS-35TRES23AC1WA","id":7,"response":"{\"success\":true,\"message\":\"Dispatched to hardware\"}"} 
[2026-06-23 18:16:00] production.DEBUG: Bingwa USSD bridge response decoded. {"flow_id":"8e5c4e1c-aee0-46fe-a32b-f35e4e550ec2","transaction_id":"SMS-35TRES23AC1WA","id":7,"success":true,"message":"Dispatched to hardware"} 
[2026-06-23 18:16:00] production.INFO: Bingwa USSD bridge accepted the dispatch. {"flow_id":"8e5c4e1c-aee0-46fe-a32b-f35e4e550ec2","transaction_id":"SMS-35TRES23AC1WA","id":7} 
[2026-06-23 18:16:00] production.DEBUG: Bingwa USSD processor dispatched transaction asynchronously. {"user_id":1,"flow_id":"8e5c4e1c-aee0-46fe-a32b-f35e4e550ec2","transaction_id":7} 
[2026-06-23 18:16:00] production.DEBUG: Bingwa USSD processor job finished. {"user_id":1,"flow_id":"8e5c4e1c-aee0-46fe-a32b-f35e4e550ec2","processed":1} 
[2026-06-23 18:16:01] production.DEBUG: BackgroundTasks: found 4 schedule event(s)  
[2026-06-23 18:16:01] production.INFO: SchedulerManifest: event command='php' 'artisan' bingwa:heartbeat expression=*/15 * * * *  
[2026-06-23 18:16:01] production.INFO: SchedulerManifest: event command='php' 'artisan' bingwa:sync-transactions expression=*/5 * * * *  
[2026-06-23 18:16:01] production.INFO: SchedulerManifest: event command='php' 'artisan' bingwa:process-auto-renewals expression=*/5 * * * *  
[2026-06-23 18:16:01] production.INFO: SchedulerManifest: event command='php' 'artisan' bingwa:fetch-airtime-balance expression=*/15 * * * *  
[2026-06-23 18:16:04] production.DEBUG: Bingwa dashboard airtime cache hydrated. {"user_id":1,"has_balance":true,"checked_at":"2026-06-23T18:14:44+03:00"} 
[2026-06-23 18:16:04] production.DEBUG: Bingwa dashboard airtime cache hydrated. {"user_id":1,"has_balance":true,"checked_at":"2026-06-23T18:14:44+03:00"} 
[2026-06-23 18:16:04] production.DEBUG: CompleteTransactionCommand started. {"component":"transaction_completion","transaction_id":7,"status":"failed","callback_token":"8338534f-9c9b-4349-808d-5408c33d61ca"} 
[2026-06-23 18:16:04] production.DEBUG: Bingwa transaction completion started. {"transaction_id":7,"transaction_key":"SMS-35TRES23AC1WA","status":"failed","callback_token":"8338534f-9c9b-4349-808d-5408c33d61ca"} 
[2026-06-23 18:16:04] production.INFO: Auto-reply skipped because no active rule matched the transaction outcome. {"transaction_id":7,"status":"failed","trigger_condition":"already_recommended"} 
[2026-06-23 18:16:04] production.DEBUG: Skipping remote status update queue. {"transaction_id":7,"remote_transaction_id":"SMS-35TRES23AC1WA","status":"failed","is_local_only":true,"has_device_token":true} 
[2026-06-23 18:16:04] production.DEBUG: Bingwa callback delivery recorded. {"transaction_id":7,"transaction_key":"SMS-35TRES23AC1WA","callback_token":"8338534f-9c9b-4349-808d-5408c33d61ca","status":"failed","message":"Recommendation failed. The customer 0721553678 has already been recommended. Kindly recommend to another customer. Thank you"} 
[2026-06-23 18:16:04] production.DEBUG: Bingwa transaction processing job dispatched. {"user_id":1} 
[2026-06-23 18:16:04] production.INFO: Bingwa transaction completion finished. {"transaction_id":7,"transaction_key":"SMS-35TRES23AC1WA","status":"failed","callback_token":"8338534f-9c9b-4349-808d-5408c33d61ca","message":"Recommendation failed. The customer 0721553678 has already been recommended. Kindly recommend to another customer. Thank you"} 
[2026-06-23 18:16:04] production.DEBUG: CompleteTransactionCommand finished. {"component":"transaction_completion","transaction_id":7,"status":"failed","completed":true} 
[2026-06-23 18:16:06] production.DEBUG: BackgroundTasks: found 4 schedule event(s)  
[2026-06-23 18:16:06] production.INFO: SchedulerManifest: event command='php' 'artisan' bingwa:heartbeat expression=*/15 * * * *  
[2026-06-23 18:16:06] production.INFO: SchedulerManifest: event command='php' 'artisan' bingwa:sync-transactions expression=*/5 * * * *  
[2026-06-23 18:16:06] production.INFO: SchedulerManifest: event command='php' 'artisan' bingwa:process-auto-renewals expression=*/5 * * * *  
[2026-06-23 18:16:06] production.INFO: SchedulerManifest: event command='php' 'artisan' bingwa:fetch-airtime-balance expression=*/15 * * * *  
[2026-06-23 18:16:06] production.DEBUG: Bingwa USSD processor job started. {"user_id":1,"flow_id":"761a568b-810b-44c7-ab59-622a3da6c79a","attempt":1,"tries":3} 
[2026-06-23 18:16:06] production.DEBUG: Bingwa USSD processor found no queued transaction. {"user_id":1,"flow_id":"761a568b-810b-44c7-ab59-622a3da6c79a"} 
[2026-06-23 18:16:06] production.DEBUG: Bingwa USSD processor job finished. {"user_id":1,"flow_id":"761a568b-810b-44c7-ab59-622a3da6c79a","processed":0} 
[2026-06-23 18:16:07] production.DEBUG: BackgroundTasks: found 4 schedule event(s)  
[2026-06-23 18:16:07] production.INFO: SchedulerManifest: event command='php' 'artisan' bingwa:heartbeat expression=*/15 * * * *  
[2026-06-23 18:16:07] production.INFO: SchedulerManifest: event command='php' 'artisan' bingwa:sync-transactions expression=*/5 * * * *  
[2026-06-23 18:16:07] production.INFO: SchedulerManifest: event command='php' 'artisan' bingwa:process-auto-renewals expression=*/5 * * * *  
[2026-06-23 18:16:07] production.INFO: SchedulerManifest: event command='php' 'artisan' bingwa:fetch-airtime-balance expression=*/15 * * * *  
[2026-06-23 18:16:09] production.DEBUG: Bingwa dashboard airtime cache hydrated. {"user_id":1,"has_balance":true,"checked_at":"2026-06-23T18:14:44+03:00"} 
[2026-06-23 18:16:09] production.DEBUG: Bingwa dashboard airtime cache hydrated. {"user_id":1,"has_balance":true,"checked_at":"2026-06-23T18:14:44+03:00"} 
[2026-06-23 18:16:14] production.DEBUG: Bingwa dashboard airtime cache hydrated. {"user_id":1,"has_balance":true,"checked_at":"2026-06-23T18:14:44+03:00"} 
[2026-06-23 18:16:14] production.DEBUG: Bingwa dashboard airtime cache hydrated. {"user_id":1,"has_balance":true,"checked_at":"2026-06-23T18:14:44+03:00"} 
[2026-06-23 18:16:19] production.DEBUG: Bingwa dashboard airtime cache hydrated. {"user_id":1,"has_balance":true,"checked_at":"2026-06-23T18:14:44+03:00"} 
[2026-06-23 18:16:19] production.DEBUG: Bingwa dashboard airtime cache hydrated. {"user_id":1,"has_balance":true,"checked_at":"2026-06-23T18:14:44+03:00"} 
[2026-06-23 18:16:24] production.DEBUG: Bingwa dashboard airtime cache hydrated. {"user_id":1,"has_balance":true,"checked_at":"2026-06-23T18:14:44+03:00"} 
[2026-06-23 18:16:24] production.DEBUG: Bingwa dashboard airtime cache hydrated. {"user_id":1,"has_balance":true,"checked_at":"2026-06-23T18:14:44+03:00"} 
[2026-06-23 18:16:29] production.DEBUG: Bingwa dashboard airtime cache hydrated. {"user_id":1,"has_balance":true,"checked_at":"2026-06-23T18:14:44+03:00"} 
[2026-06-23 18:16:29] production.DEBUG: Bingwa dashboard airtime cache hydrated. {"user_id":1,"has_balance":true,"checked_at":"2026-06-23T18:14:44+03:00"} 
[2026-06-23 18:16:34] production.DEBUG: Bingwa dashboard airtime cache hydrated. {"user_id":1,"has_balance":true,"checked_at":"2026-06-23T18:14:44+03:00"} 
[2026-06-23 18:16:34] production.DEBUG: Bingwa dashboard airtime cache hydrated. {"user_id":1,"has_balance":true,"checked_at":"2026-06-23T18:14:44+03:00"} 
[2026-06-23 18:16:39] production.DEBUG: Bingwa dashboard airtime cache hydrated. {"user_id":1,"has_balance":true,"checked_at":"2026-06-23T18:14:44+03:00"} 
[2026-06-23 18:16:39] production.DEBUG: Bingwa dashboard airtime cache hydrated. {"user_id":1,"has_balance":true,"checked_at":"2026-06-23T18:14:44+03:00"} 
[2026-06-23 18:16:41] production.DEBUG: BackgroundTasks: found 4 schedule event(s)  
[2026-06-23 18:16:41] production.INFO: SchedulerManifest: event command='php' 'artisan' bingwa:heartbeat expression=*/15 * * * *  
[2026-06-23 18:16:41] production.INFO: SchedulerManifest: event command='php' 'artisan' bingwa:sync-transactions expression=*/5 * * * *  
[2026-06-23 18:16:41] production.INFO: SchedulerManifest: event command='php' 'artisan' bingwa:process-auto-renewals expression=*/5 * * * *  
[2026-06-23 18:16:41] production.INFO: SchedulerManifest: event command='php' 'artisan' bingwa:fetch-airtime-balance expression=*/15 * * * *  
[2026-06-23 18:16:41] production.DEBUG: ProcessIncomingSmsCommand started. {"component":"incoming_sms","payload_length":322} 
[2026-06-23 18:16:41] production.DEBUG: Bingwa transaction processing job dispatched. {"user_id":1} 
[2026-06-23 18:16:41] production.DEBUG: ProcessIncomingSmsCommand completed. {"component":"incoming_sms","result":{"status":"queued","mpesa_code":"36TRES23AC1WA","transaction_id":8}} 
[2026-06-23 18:16:42] production.DEBUG: BackgroundTasks: found 4 schedule event(s)  
[2026-06-23 18:16:42] production.INFO: SchedulerManifest: event command='php' 'artisan' bingwa:heartbeat expression=*/15 * * * *  
[2026-06-23 18:16:42] production.INFO: SchedulerManifest: event command='php' 'artisan' bingwa:sync-transactions expression=*/5 * * * *  
[2026-06-23 18:16:42] production.INFO: SchedulerManifest: event command='php' 'artisan' bingwa:process-auto-renewals expression=*/5 * * * *  
[2026-06-23 18:16:42] production.INFO: SchedulerManifest: event command='php' 'artisan' bingwa:fetch-airtime-balance expression=*/15 * * * *  
[2026-06-23 18:16:43] production.DEBUG: Bingwa USSD processor job started. {"user_id":1,"flow_id":"7440951f-7c88-4f9f-920e-2eebc0940edb","attempt":1,"tries":3} 
[2026-06-23 18:16:43] production.INFO: 📤 USSD payload ready for job #8 {"code":"*180*5*2*0721553678*5*1#","mode":"advanced","sim_slot":1} 
[2026-06-23 18:16:43] production.DEBUG: Bingwa USSD processor claim result. {"user_id":1,"flow_id":"7440951f-7c88-4f9f-920e-2eebc0940edb","transaction_id":8,"claimed":true} 
[2026-06-23 18:16:43] production.INFO: 📡 [BRIDGE DISPATCH] Sending USSD to Android Hardware (Async) {"transaction_id":8,"code":"*180*5*2*0721553678*5*1#","sim_slot":1,"mode":"advanced","timeout_seconds":90} 
[2026-06-23 18:16:43] production.DEBUG: Bingwa USSD dispatch response received. {"flow_id":"7440951f-7c88-4f9f-920e-2eebc0940edb","transaction_id":"SMS-36TRES23AC1WA","id":8,"response":"{\"success\":true,\"message\":\"Dispatched to hardware\"}"} 
[2026-06-23 18:16:43] production.DEBUG: Bingwa USSD bridge response decoded. {"flow_id":"7440951f-7c88-4f9f-920e-2eebc0940edb","transaction_id":"SMS-36TRES23AC1WA","id":8,"success":true,"message":"Dispatched to hardware"} 
[2026-06-23 18:16:43] production.INFO: Bingwa USSD bridge accepted the dispatch. {"flow_id":"7440951f-7c88-4f9f-920e-2eebc0940edb","transaction_id":"SMS-36TRES23AC1WA","id":8} 
[2026-06-23 18:16:43] production.DEBUG: Bingwa USSD processor dispatched transaction asynchronously. {"user_id":1,"flow_id":"7440951f-7c88-4f9f-920e-2eebc0940edb","transaction_id":8} 
[2026-06-23 18:16:43] production.DEBUG: Bingwa USSD processor job finished. {"user_id":1,"flow_id":"7440951f-7c88-4f9f-920e-2eebc0940edb","processed":1} 
[2026-06-23 18:16:44] production.DEBUG: BackgroundTasks: found 4 schedule event(s)  
[2026-06-23 18:16:44] production.INFO: SchedulerManifest: event command='php' 'artisan' bingwa:heartbeat expression=*/15 * * * *  
[2026-06-23 18:16:44] production.INFO: SchedulerManifest: event command='php' 'artisan' bingwa:sync-transactions expression=*/5 * * * *  
[2026-06-23 18:16:44] production.INFO: SchedulerManifest: event command='php' 'artisan' bingwa:process-auto-renewals expression=*/5 * * * *  
[2026-06-23 18:16:44] production.INFO: SchedulerManifest: event command='php' 'artisan' bingwa:fetch-airtime-balance expression=*/15 * * * *  
[2026-06-23 18:16:44] production.DEBUG: Bingwa dashboard airtime cache hydrated. {"user_id":1,"has_balance":true,"checked_at":"2026-06-23T18:14:44+03:00"} 
[2026-06-23 18:16:44] production.DEBUG: Bingwa dashboard airtime cache hydrated. {"user_id":1,"has_balance":true,"checked_at":"2026-06-23T18:14:44+03:00"} 
[2026-06-23 18:16:46] production.DEBUG: CompleteTransactionCommand started. {"component":"transaction_completion","transaction_id":8,"status":"failed","callback_token":"f7ae741e-7ba0-47b0-a103-72ad0a2b2484"} 
[2026-06-23 18:16:46] production.DEBUG: Bingwa transaction completion started. {"transaction_id":8,"transaction_key":"SMS-36TRES23AC1WA","status":"failed","callback_token":"f7ae741e-7ba0-47b0-a103-72ad0a2b2484"} 
[2026-06-23 18:16:46] production.INFO: Auto-reply skipped because no active rule matched the transaction outcome. {"transaction_id":8,"status":"failed","trigger_condition":"already_recommended"} 
[2026-06-23 18:16:46] production.DEBUG: Skipping remote status update queue. {"transaction_id":8,"remote_transaction_id":"SMS-36TRES23AC1WA","status":"failed","is_local_only":true,"has_device_token":true} 
[2026-06-23 18:16:46] production.DEBUG: Bingwa callback delivery recorded. {"transaction_id":8,"transaction_key":"SMS-36TRES23AC1WA","callback_token":"f7ae741e-7ba0-47b0-a103-72ad0a2b2484","status":"failed","message":"Recommendation failed. The customer 0721553678 has already been recommended. Kindly recommend to another customer. Thank you"} 
[2026-06-23 18:16:46] production.DEBUG: Bingwa transaction processing job dispatched. {"user_id":1} 
[2026-06-23 18:16:46] production.INFO: Bingwa transaction completion finished. {"transaction_id":8,"transaction_key":"SMS-36TRES23AC1WA","status":"failed","callback_token":"f7ae741e-7ba0-47b0-a103-72ad0a2b2484","message":"Recommendation failed. The customer 0721553678 has already been recommended. Kindly recommend to another customer. Thank you"} 
[2026-06-23 18:16:46] production.DEBUG: CompleteTransactionCommand finished. {"component":"transaction_completion","transaction_id":8,"status":"failed","completed":true} 
[2026-06-23 18:16:48] production.DEBUG: BackgroundTasks: found 4 schedule event(s)  
[2026-06-23 18:16:48] production.INFO: SchedulerManifest: event command='php' 'artisan' bingwa:heartbeat expression=*/15 * * * *  
[2026-06-23 18:16:48] production.INFO: SchedulerManifest: event command='php' 'artisan' bingwa:sync-transactions expression=*/5 * * * *  
[2026-06-23 18:16:48] production.INFO: SchedulerManifest: event command='php' 'artisan' bingwa:process-auto-renewals expression=*/5 * * * *  
[2026-06-23 18:16:48] production.INFO: SchedulerManifest: event command='php' 'artisan' bingwa:fetch-airtime-balance expression=*/15 * * * *  
[2026-06-23 18:16:49] production.DEBUG: Bingwa USSD processor job started. {"user_id":1,"flow_id":"b33f9409-c792-436f-97f3-149d16c176a0","attempt":1,"tries":3} 
[2026-06-23 18:16:49] production.DEBUG: Bingwa USSD processor found no queued transaction. {"user_id":1,"flow_id":"b33f9409-c792-436f-97f3-149d16c176a0"} 
[2026-06-23 18:16:49] production.DEBUG: Bingwa USSD processor job finished. {"user_id":1,"flow_id":"b33f9409-c792-436f-97f3-149d16c176a0","processed":0} 
[2026-06-23 18:16:49] production.DEBUG: Bingwa dashboard airtime cache hydrated. {"user_id":1,"has_balance":true,"checked_at":"2026-06-23T18:14:44+03:00"} 
[2026-06-23 18:16:49] production.DEBUG: Bingwa dashboard airtime cache hydrated. {"user_id":1,"has_balance":true,"checked_at":"2026-06-23T18:14:44+03:00"} 
[2026-06-23 18:16:50] production.DEBUG: BackgroundTasks: found 4 schedule event(s)  
[2026-06-23 18:16:50] production.INFO: SchedulerManifest: event command='php' 'artisan' bingwa:heartbeat expression=*/15 * * * *  
[2026-06-23 18:16:50] production.INFO: SchedulerManifest: event command='php' 'artisan' bingwa:sync-transactions expression=*/5 * * * *  
[2026-06-23 18:16:50] production.INFO: SchedulerManifest: event command='php' 'artisan' bingwa:process-auto-renewals expression=*/5 * * * *  
[2026-06-23 18:16:50] production.INFO: SchedulerManifest: event command='php' 'artisan' bingwa:fetch-airtime-balance expression=*/15 * * * *  
[2026-06-23 18:16:54] production.DEBUG: Bingwa dashboard airtime cache hydrated. {"user_id":1,"has_balance":true,"checked_at":"2026-06-23T18:14:44+03:00"} 
[2026-06-23 18:16:54] production.DEBUG: Bingwa dashboard airtime cache hydrated. {"user_id":1,"has_balance":true,"checked_at":"2026-06-23T18:14:44+03:00"} 
[2026-06-23 18:16:59] production.DEBUG: Bingwa dashboard airtime cache hydrated. {"user_id":1,"has_balance":true,"checked_at":"2026-06-23T18:14:44+03:00"} 
[2026-06-23 18:16:59] production.DEBUG: Bingwa dashboard airtime cache hydrated. {"user_id":1,"has_balance":true,"checked_at":"2026-06-23T18:14:44+03:00"} 
[2026-06-23 18:17:04] production.DEBUG: Bingwa dashboard airtime cache hydrated. {"user_id":1,"has_balance":true,"checked_at":"2026-06-23T18:14:44+03:00"} 
[2026-06-23 18:17:04] production.DEBUG: Bingwa dashboard airtime cache hydrated. {"user_id":1,"has_balance":true,"checked_at":"2026-06-23T18:14:44+03:00"} 
[2026-06-23 18:17:09] production.DEBUG: Bingwa dashboard airtime cache hydrated. {"user_id":1,"has_balance":true,"checked_at":"2026-06-23T18:14:44+03:00"} 
[2026-06-23 18:17:09] production.DEBUG: Bingwa dashboard airtime cache hydrated. {"user_id":1,"has_balance":true,"checked_at":"2026-06-23T18:14:44+03:00"} 
[2026-06-23 18:17:14] production.DEBUG: Bingwa dashboard airtime cache hydrated. {"user_id":1,"has_balance":true,"checked_at":"2026-06-23T18:14:44+03:00"} 
[2026-06-23 18:17:14] production.DEBUG: Bingwa dashboard airtime cache hydrated. {"user_id":1,"has_balance":true,"checked_at":"2026-06-23T18:14:44+03:00"} 
[2026-06-23 18:17:19] production.DEBUG: Bingwa dashboard airtime cache hydrated. {"user_id":1,"has_balance":true,"checked_at":"2026-06-23T18:14:44+03:00"} 
[2026-06-23 18:17:19] production.DEBUG: Bingwa dashboard airtime cache hydrated. {"user_id":1,"has_balance":true,"checked_at":"2026-06-23T18:14:44+03:00"} 
[2026-06-23 18:17:24] production.DEBUG: Bingwa dashboard airtime cache hydrated. {"user_id":1,"has_balance":true,"checked_at":"2026-06-23T18:14:44+03:00"} 
[2026-06-23 18:17:24] production.DEBUG: Bingwa dashboard airtime cache hydrated. {"user_id":1,"has_balance":true,"checked_at":"2026-06-23T18:14:44+03:00"} 
[2026-06-23 18:17:24] production.DEBUG: BackgroundTasks: found 4 schedule event(s)  
[2026-06-23 18:17:24] production.INFO: SchedulerManifest: event command='php' 'artisan' bingwa:heartbeat expression=*/15 * * * *  
[2026-06-23 18:17:24] production.INFO: SchedulerManifest: event command='php' 'artisan' bingwa:sync-transactions expression=*/5 * * * *  
[2026-06-23 18:17:24] production.INFO: SchedulerManifest: event command='php' 'artisan' bingwa:process-auto-renewals expression=*/5 * * * *  
[2026-06-23 18:17:24] production.INFO: SchedulerManifest: event command='php' 'artisan' bingwa:fetch-airtime-balance expression=*/15 * * * *  
[2026-06-23 18:17:29] production.DEBUG: BackgroundTasks: found 4 schedule event(s)  
[2026-06-23 18:17:29] production.INFO: SchedulerManifest: event command='php' 'artisan' bingwa:heartbeat expression=*/15 * * * *  
[2026-06-23 18:17:29] production.INFO: SchedulerManifest: event command='php' 'artisan' bingwa:sync-transactions expression=*/5 * * * *  
[2026-06-23 18:17:29] production.INFO: SchedulerManifest: event command='php' 'artisan' bingwa:process-auto-renewals expression=*/5 * * * *  
[2026-06-23 18:17:29] production.INFO: SchedulerManifest: event command='php' 'artisan' bingwa:fetch-airtime-balance expression=*/15 * * * *  
[2026-06-23 18:17:29] production.DEBUG: Bingwa dashboard airtime cache hydrated. {"user_id":1,"has_balance":true,"checked_at":"2026-06-23T18:14:44+03:00"} 
[2026-06-23 18:17:29] production.DEBUG: Bingwa dashboard airtime cache hydrated. {"user_id":1,"has_balance":true,"checked_at":"2026-06-23T18:14:44+03:00"} 
[2026-06-23 18:17:29] production.DEBUG: ProcessIncomingSmsCommand started. {"component":"incoming_sms","payload_length":322} 
[2026-06-23 18:17:30] production.DEBUG: Bingwa transaction processing job dispatched. {"user_id":1} 
[2026-06-23 18:17:30] production.DEBUG: ProcessIncomingSmsCommand completed. {"component":"incoming_sms","result":{"status":"queued","mpesa_code":"37TRES23AC1WA","transaction_id":9}} 
[2026-06-23 18:17:30] production.DEBUG: BackgroundTasks: found 4 schedule event(s)  
[2026-06-23 18:17:30] production.INFO: SchedulerManifest: event command='php' 'artisan' bingwa:heartbeat expression=*/15 * * * *  
[2026-06-23 18:17:30] production.INFO: SchedulerManifest: event command='php' 'artisan' bingwa:sync-transactions expression=*/5 * * * *  
[2026-06-23 18:17:30] production.INFO: SchedulerManifest: event command='php' 'artisan' bingwa:process-auto-renewals expression=*/5 * * * *  
[2026-06-23 18:17:30] production.INFO: SchedulerManifest: event command='php' 'artisan' bingwa:fetch-airtime-balance expression=*/15 * * * *  
[2026-06-23 18:17:31] production.DEBUG: Bingwa USSD processor job started. {"user_id":1,"flow_id":"bd184522-4722-4694-93a4-b48dab89036b","attempt":1,"tries":3} 
[2026-06-23 18:17:31] production.INFO: 📤 USSD payload ready for job #9 {"code":"*180*5*2*0721553678*5*1#","mode":"advanced","sim_slot":1} 
[2026-06-23 18:17:31] production.DEBUG: Bingwa USSD processor claim result. {"user_id":1,"flow_id":"bd184522-4722-4694-93a4-b48dab89036b","transaction_id":9,"claimed":true} 
[2026-06-23 18:17:31] production.INFO: 📡 [BRIDGE DISPATCH] Sending USSD to Android Hardware (Async) {"transaction_id":9,"code":"*180*5*2*0721553678*5*1#","sim_slot":1,"mode":"advanced","timeout_seconds":90} 
[2026-06-23 18:17:31] production.DEBUG: Bingwa USSD dispatch response received. {"flow_id":"bd184522-4722-4694-93a4-b48dab89036b","transaction_id":"SMS-37TRES23AC1WA","id":9,"response":"{\"success\":true,\"message\":\"Dispatched to hardware\"}"} 
[2026-06-23 18:17:31] production.DEBUG: Bingwa USSD bridge response decoded. {"flow_id":"bd184522-4722-4694-93a4-b48dab89036b","transaction_id":"SMS-37TRES23AC1WA","id":9,"success":true,"message":"Dispatched to hardware"} 
[2026-06-23 18:17:31] production.INFO: Bingwa USSD bridge accepted the dispatch. {"flow_id":"bd184522-4722-4694-93a4-b48dab89036b","transaction_id":"SMS-37TRES23AC1WA","id":9} 
[2026-06-23 18:17:31] production.DEBUG: Bingwa USSD processor dispatched transaction asynchronously. {"user_id":1,"flow_id":"bd184522-4722-4694-93a4-b48dab89036b","transaction_id":9} 
[2026-06-23 18:17:31] production.DEBUG: Bingwa USSD processor job finished. {"user_id":1,"flow_id":"bd184522-4722-4694-93a4-b48dab89036b","processed":1} 
[2026-06-23 18:17:32] production.DEBUG: BackgroundTasks: found 4 schedule event(s)  
[2026-06-23 18:17:32] production.INFO: SchedulerManifest: event command='php' 'artisan' bingwa:heartbeat expression=*/15 * * * *  
[2026-06-23 18:17:32] production.INFO: SchedulerManifest: event command='php' 'artisan' bingwa:sync-transactions expression=*/5 * * * *  
[2026-06-23 18:17:32] production.INFO: SchedulerManifest: event command='php' 'artisan' bingwa:process-auto-renewals expression=*/5 * * * *  
[2026-06-23 18:17:32] production.INFO: SchedulerManifest: event command='php' 'artisan' bingwa:fetch-airtime-balance expression=*/15 * * * *  
[2026-06-23 18:17:34] production.DEBUG: CompleteTransactionCommand started. {"component":"transaction_completion","transaction_id":9,"status":"failed","callback_token":"1881c409-d193-4e88-87dc-235aef25758a"} 
[2026-06-23 18:17:34] production.DEBUG: Bingwa transaction completion started. {"transaction_id":9,"transaction_key":"SMS-37TRES23AC1WA","status":"failed","callback_token":"1881c409-d193-4e88-87dc-235aef25758a"} 
[2026-06-23 18:17:34] production.INFO: Auto-reply skipped because no active rule matched the transaction outcome. {"transaction_id":9,"status":"failed","trigger_condition":"already_recommended"} 
[2026-06-23 18:17:34] production.DEBUG: Skipping remote status update queue. {"transaction_id":9,"remote_transaction_id":"SMS-37TRES23AC1WA","status":"failed","is_local_only":true,"has_device_token":true} 
[2026-06-23 18:17:34] production.DEBUG: Bingwa callback delivery recorded. {"transaction_id":9,"transaction_key":"SMS-37TRES23AC1WA","callback_token":"1881c409-d193-4e88-87dc-235aef25758a","status":"failed","message":"Recommendation failed. The customer 0721553678 has already been recommended. Kindly recommend to another customer. Thank you"} 
[2026-06-23 18:17:34] production.DEBUG: Bingwa transaction processing job dispatched. {"user_id":1} 
[2026-06-23 18:17:34] production.INFO: Bingwa transaction completion finished. {"transaction_id":9,"transaction_key":"SMS-37TRES23AC1WA","status":"failed","callback_token":"1881c409-d193-4e88-87dc-235aef25758a","message":"Recommendation failed. The customer 0721553678 has already been recommended. Kindly recommend to another customer. Thank you"} 
[2026-06-23 18:17:34] production.DEBUG: CompleteTransactionCommand finished. {"component":"transaction_completion","transaction_id":9,"status":"failed","completed":true} 
[2026-06-23 18:17:34] production.DEBUG: Bingwa dashboard airtime cache hydrated. {"user_id":1,"has_balance":true,"checked_at":"2026-06-23T18:14:44+03:00"} 
[2026-06-23 18:17:34] production.DEBUG: Bingwa dashboard airtime cache hydrated. {"user_id":1,"has_balance":true,"checked_at":"2026-06-23T18:14:44+03:00"} 
[2026-06-23 18:17:36] production.DEBUG: BackgroundTasks: found 4 schedule event(s)  
[2026-06-23 18:17:36] production.INFO: SchedulerManifest: event command='php' 'artisan' bingwa:heartbeat expression=*/15 * * * *  
[2026-06-23 18:17:36] production.INFO: SchedulerManifest: event command='php' 'artisan' bingwa:sync-transactions expression=*/5 * * * *  
[2026-06-23 18:17:36] production.INFO: SchedulerManifest: event command='php' 'artisan' bingwa:process-auto-renewals expression=*/5 * * * *  
[2026-06-23 18:17:36] production.INFO: SchedulerManifest: event command='php' 'artisan' bingwa:fetch-airtime-balance expression=*/15 * * * *  
[2026-06-23 18:17:37] production.DEBUG: Bingwa USSD processor job started. {"user_id":1,"flow_id":"4fe711fc-5c3b-4e99-88f5-6dba66823808","attempt":1,"tries":3} 
[2026-06-23 18:17:37] production.DEBUG: Bingwa USSD processor found no queued transaction. {"user_id":1,"flow_id":"4fe711fc-5c3b-4e99-88f5-6dba66823808"} 
[2026-06-23 18:17:37] production.DEBUG: Bingwa USSD processor job finished. {"user_id":1,"flow_id":"4fe711fc-5c3b-4e99-88f5-6dba66823808","processed":0} 
[2026-06-23 18:17:38] production.DEBUG: BackgroundTasks: found 4 schedule event(s)  
[2026-06-23 18:17:38] production.INFO: SchedulerManifest: event command='php' 'artisan' bingwa:heartbeat expression=*/15 * * * *  
[2026-06-23 18:17:38] production.INFO: SchedulerManifest: event command='php' 'artisan' bingwa:sync-transactions expression=*/5 * * * *  
[2026-06-23 18:17:38] production.INFO: SchedulerManifest: event command='php' 'artisan' bingwa:process-auto-renewals expression=*/5 * * * *  
[2026-06-23 18:17:38] production.INFO: SchedulerManifest: event command='php' 'artisan' bingwa:fetch-airtime-balance expression=*/15 * * * *  
[2026-06-23 18:17:39] production.DEBUG: Bingwa dashboard airtime cache hydrated. {"user_id":1,"has_balance":true,"checked_at":"2026-06-23T18:14:44+03:00"} 
[2026-06-23 18:17:39] production.DEBUG: Bingwa dashboard airtime cache hydrated. {"user_id":1,"has_balance":true,"checked_at":"2026-06-23T18:14:44+03:00"} 
[2026-06-23 18:17:44] production.DEBUG: Bingwa dashboard airtime cache hydrated. {"user_id":1,"has_balance":true,"checked_at":"2026-06-23T18:14:44+03:00"} 
[2026-06-23 18:17:44] production.DEBUG: Bingwa dashboard airtime cache hydrated. {"user_id":1,"has_balance":true,"checked_at":"2026-06-23T18:14:44+03:00"} 
[2026-06-23 18:17:49] production.DEBUG: Bingwa dashboard airtime cache hydrated. {"user_id":1,"has_balance":true,"checked_at":"2026-06-23T18:14:44+03:00"} 
[2026-06-23 18:17:49] production.DEBUG: Bingwa dashboard airtime cache hydrated. {"user_id":1,"has_balance":true,"checked_at":"2026-06-23T18:14:44+03:00"} 
[2026-06-23 18:17:54] production.DEBUG: Bingwa dashboard airtime cache hydrated. {"user_id":1,"has_balance":true,"checked_at":"2026-06-23T18:14:44+03:00"} 
[2026-06-23 18:17:54] production.DEBUG: Bingwa dashboard airtime cache hydrated. {"user_id":1,"has_balance":true,"checked_at":"2026-06-23T18:14:44+03:00"} 
[2026-06-23 18:17:59] production.DEBUG: Bingwa dashboard airtime cache hydrated. {"user_id":1,"has_balance":true,"checked_at":"2026-06-23T18:14:44+03:00"} 
[2026-06-23 18:17:59] production.DEBUG: Bingwa dashboard airtime cache hydrated. {"user_id":1,"has_balance":true,"checked_at":"2026-06-23T18:14:44+03:00"} 
[2026-06-23 18:18:04] production.DEBUG: Bingwa dashboard airtime cache hydrated. {"user_id":1,"has_balance":true,"checked_at":"2026-06-23T18:14:44+03:00"} 
[2026-06-23 18:18:04] production.DEBUG: Bingwa dashboard airtime cache hydrated. {"user_id":1,"has_balance":true,"checked_at":"2026-06-23T18:14:44+03:00"} 
[2026-06-23 18:18:09] production.DEBUG: Bingwa dashboard airtime cache hydrated. {"user_id":1,"has_balance":true,"checked_at":"2026-06-23T18:14:44+03:00"} 
[2026-06-23 18:18:09] production.DEBUG: Bingwa dashboard airtime cache hydrated. {"user_id":1,"has_balance":true,"checked_at":"2026-06-23T18:14:44+03:00"} 
[2026-06-23 18:18:13] production.DEBUG: BackgroundTasks: found 4 schedule event(s)  
[2026-06-23 18:18:13] production.INFO: SchedulerManifest: event command='php' 'artisan' bingwa:heartbeat expression=*/15 * * * *  
[2026-06-23 18:18:13] production.INFO: SchedulerManifest: event command='php' 'artisan' bingwa:sync-transactions expression=*/5 * * * *  
[2026-06-23 18:18:13] production.INFO: SchedulerManifest: event command='php' 'artisan' bingwa:process-auto-renewals expression=*/5 * * * *  
[2026-06-23 18:18:13] production.INFO: SchedulerManifest: event command='php' 'artisan' bingwa:fetch-airtime-balance expression=*/15 * * * *  
[2026-06-23 18:18:14] production.DEBUG: Bingwa dashboard airtime cache hydrated. {"user_id":1,"has_balance":true,"checked_at":"2026-06-23T18:14:44+03:00"} 
[2026-06-23 18:18:14] production.DEBUG: Bingwa dashboard airtime cache hydrated. {"user_id":1,"has_balance":true,"checked_at":"2026-06-23T18:14:44+03:00"} 
[2026-06-23 18:18:19] production.DEBUG: Bingwa dashboard airtime cache hydrated. {"user_id":1,"has_balance":true,"checked_at":"2026-06-23T18:14:44+03:00"} 
[2026-06-23 18:18:19] production.DEBUG: Bingwa dashboard airtime cache hydrated. {"user_id":1,"has_balance":true,"checked_at":"2026-06-23T18:14:44+03:00"} 
[2026-06-23 18:18:24] production.DEBUG: Bingwa dashboard airtime cache hydrated. {"user_id":1,"has_balance":true,"checked_at":"2026-06-23T18:14:44+03:00"} 
[2026-06-23 18:18:24] production.DEBUG: Bingwa dashboard airtime cache hydrated. {"user_id":1,"has_balance":true,"checked_at":"2026-06-23T18:14:44+03:00"} 
[2026-06-23 18:18:29] production.DEBUG: Bingwa dashboard airtime cache hydrated. {"user_id":1,"has_balance":true,"checked_at":"2026-06-23T18:14:44+03:00"} 
[2026-06-23 18:18:29] production.DEBUG: Bingwa dashboard airtime cache hydrated. {"user_id":1,"has_balance":true,"checked_at":"2026-06-23T18:14:44+03:00"} 
[2026-06-23 18:18:34] production.DEBUG: Bingwa dashboard airtime cache hydrated. {"user_id":1,"has_balance":true,"checked_at":"2026-06-23T18:14:44+03:00"} 
[2026-06-23 18:18:34] production.DEBUG: Bingwa dashboard airtime cache hydrated. {"user_id":1,"has_balance":true,"checked_at":"2026-06-23T18:14:44+03:00"} 
[2026-06-23 18:18:39] production.DEBUG: Bingwa dashboard airtime cache hydrated. {"user_id":1,"has_balance":true,"checked_at":"2026-06-23T18:14:44+03:00"} 
[2026-06-23 18:18:39] production.DEBUG: Bingwa dashboard airtime cache hydrated. {"user_id":1,"has_balance":true,"checked_at":"2026-06-23T18:14:44+03:00"} 
[2026-06-23 18:18:44] production.DEBUG: Bingwa dashboard airtime cache hydrated. {"user_id":1,"has_balance":true,"checked_at":"2026-06-23T18:14:44+03:00"} 
[2026-06-23 18:18:44] production.DEBUG: Bingwa dashboard airtime cache hydrated. {"user_id":1,"has_balance":true,"checked_at":"2026-06-23T18:14:44+03:00"} 
[2026-06-23 18:18:47] production.DEBUG: BackgroundTasks: found 4 schedule event(s)  
[2026-06-23 18:18:47] production.INFO: SchedulerManifest: event command='php' 'artisan' bingwa:heartbeat expression=*/15 * * * *  
[2026-06-23 18:18:47] production.INFO: SchedulerManifest: event command='php' 'artisan' bingwa:sync-transactions expression=*/5 * * * *  
[2026-06-23 18:18:47] production.INFO: SchedulerManifest: event command='php' 'artisan' bingwa:process-auto-renewals expression=*/5 * * * *  
[2026-06-23 18:18:47] production.INFO: SchedulerManifest: event command='php' 'artisan' bingwa:fetch-airtime-balance expression=*/15 * * * *  
[2026-06-23 18:18:49] production.DEBUG: Bingwa dashboard airtime cache hydrated. {"user_id":1,"has_balance":true,"checked_at":"2026-06-23T18:14:44+03:00"} 
[2026-06-23 18:18:49] production.DEBUG: Bingwa dashboard airtime cache hydrated. {"user_id":1,"has_balance":true,"checked_at":"2026-06-23T18:14:44+03:00"} 
[2026-06-23 18:18:54] production.DEBUG: Bingwa dashboard airtime cache hydrated. {"user_id":1,"has_balance":true,"checked_at":"2026-06-23T18:14:44+03:00"} 
[2026-06-23 18:18:54] production.DEBUG: Bingwa dashboard airtime cache hydrated. {"user_id":1,"has_balance":true,"checked_at":"2026-06-23T18:14:44+03:00"} 
[2026-06-23 18:18:59] production.DEBUG: Bingwa dashboard airtime cache hydrated. {"user_id":1,"has_balance":true,"checked_at":"2026-06-23T18:14:44+03:00"} 
[2026-06-23 18:18:59] production.DEBUG: Bingwa dashboard airtime cache hydrated. {"user_id":1,"has_balance":true,"checked_at":"2026-06-23T18:14:44+03:00"} 
[2026-06-23 18:19:04] production.DEBUG: Bingwa dashboard airtime cache hydrated. {"user_id":1,"has_balance":true,"checked_at":"2026-06-23T18:14:44+03:00"} 
[2026-06-23 18:19:04] production.DEBUG: Bingwa dashboard airtime cache hydrated. {"user_id":1,"has_balance":true,"checked_at":"2026-06-23T18:14:44+03:00"} 
[2026-06-23 18:19:09] production.DEBUG: Bingwa dashboard airtime cache hydrated. {"user_id":1,"has_balance":true,"checked_at":"2026-06-23T18:14:44+03:00"} 
[2026-06-23 18:19:09] production.DEBUG: Bingwa dashboard airtime cache hydrated. {"user_id":1,"has_balance":true,"checked_at":"2026-06-23T18:14:44+03:00"} 
[2026-06-23 18:19:14] production.DEBUG: Bingwa dashboard airtime cache hydrated. {"user_id":1,"has_balance":true,"checked_at":"2026-06-23T18:14:44+03:00"} 
[2026-06-23 18:19:14] production.DEBUG: Bingwa dashboard airtime cache hydrated. {"user_id":1,"has_balance":true,"checked_at":"2026-06-23T18:14:44+03:00"} 
[2026-06-23 18:19:19] production.DEBUG: Bingwa dashboard airtime cache hydrated. {"user_id":1,"has_balance":true,"checked_at":"2026-06-23T18:14:44+03:00"} 
[2026-06-23 18:19:19] production.DEBUG: Bingwa dashboard airtime cache hydrated. {"user_id":1,"has_balance":true,"checked_at":"2026-06-23T18:14:44+03:00"} 
[2026-06-23 18:19:22] production.DEBUG: BackgroundTasks: found 4 schedule event(s)  
[2026-06-23 18:19:22] production.INFO: SchedulerManifest: event command='php' 'artisan' bingwa:heartbeat expression=*/15 * * * *  
[2026-06-23 18:19:22] production.INFO: SchedulerManifest: event command='php' 'artisan' bingwa:sync-transactions expression=*/5 * * * *  
[2026-06-23 18:19:22] production.INFO: SchedulerManifest: event command='php' 'artisan' bingwa:process-auto-renewals expression=*/5 * * * *  
[2026-06-23 18:19:22] production.INFO: SchedulerManifest: event command='php' 'artisan' bingwa:fetch-airtime-balance expression=*/15 * * * *  
[2026-06-23 18:19:24] production.DEBUG: Bingwa dashboard airtime cache hydrated. {"user_id":1,"has_balance":true,"checked_at":"2026-06-23T18:14:44+03:00"} 
[2026-06-23 18:19:24] production.DEBUG: Bingwa dashboard airtime cache hydrated. {"user_id":1,"has_balance":true,"checked_at":"2026-06-23T18:14:44+03:00"} 
[2026-06-23 18:19:29] production.DEBUG: Bingwa dashboard airtime cache hydrated. {"user_id":1,"has_balance":true,"checked_at":"2026-06-23T18:14:44+03:00"} 
[2026-06-23 18:19:29] production.DEBUG: Bingwa dashboard airtime cache hydrated. {"user_id":1,"has_balance":true,"checked_at":"2026-06-23T18:14:44+03:00"} 
[2026-06-23 18:19:30] production.DEBUG: Bingwa dashboard airtime cache hydrated. {"user_id":1,"has_balance":true,"checked_at":"2026-06-23T18:14:44+03:00"} 
[2026-06-23 18:19:30] production.DEBUG: Bingwa dashboard airtime refresh requested synchronously. {"user_id":1} 
[2026-06-23 18:19:30] production.INFO: Bingwa airtime balance refresh started. {"component":"airtime_balance","user_id":1} 
[2026-06-23 18:19:30] production.DEBUG: Bingwa airtime USSD probe. {"component":"airtime_balance","sim_slot":1,"mode":"express","nativephp_call_available":true} 
[2026-06-23 18:19:30] production.DEBUG: USSD modem lock acquired. {"component":"ussd_modem","sim_slot":1,"operation":"airtime-refresh","wait_seconds":2,"lease_seconds":105} 
[2026-06-23 18:19:33] production.DEBUG: USSD modem lock released. {"component":"ussd_modem","sim_slot":1,"operation":"airtime-refresh"} 
[2026-06-23 18:19:33] production.DEBUG: Bingwa airtime USSD raw response. {"component":"airtime_balance","sim_slot":1,"response":"{\"success\":false,\"message\":\"Airtime Bal: 483.52KSH.Expire date:21-09-2026. Tariff:Uwezo . A SPECIAL NEW offer Awaits you! Dial *131# today and stay connected.\"}"} 
[2026-06-23 18:19:33] production.DEBUG: Bingwa airtime USSD message extracted. {"component":"airtime_balance","sim_slot":1,"message":"Airtime Bal: 483.52KSH.Expire date:21-09-2026. Tariff:Uwezo . A SPECIAL NEW offer Awaits you! Dial *131# today and stay connected."} 
[2026-06-23 18:19:33] production.DEBUG: Bingwa airtime balance parsed via Airtime Bal pattern. {"component":"airtime_balance","raw":"Airtime Bal: 483.52KSH.Expire date:21-09-2026. Tariff:Uwezo . A SPECIAL NEW offer Awaits you! Dial *131# today and stay connected.","parsed":"483.52"} 
[2026-06-23 18:19:33] production.DEBUG: Bingwa airtime balance refreshed. {"component":"airtime_balance","user_id":1,"sim_slot":1,"balance":483.52} 
[2026-06-23 18:19:33] production.DEBUG: Bingwa dashboard airtime cache hydrated. {"user_id":1,"has_balance":true,"checked_at":"2026-06-23T18:19:33+03:00"} 
[2026-06-23 18:19:56] production.DEBUG: BackgroundTasks: found 4 schedule event(s)  
[2026-06-23 18:19:56] production.INFO: SchedulerManifest: event command='php' 'artisan' bingwa:heartbeat expression=*/15 * * * *  
[2026-06-23 18:19:56] production.INFO: SchedulerManifest: event command='php' 'artisan' bingwa:sync-transactions expression=*/5 * * * *  
[2026-06-23 18:19:56] production.INFO: SchedulerManifest: event command='php' 'artisan' bingwa:process-auto-renewals expression=*/5 * * * *  
[2026-06-23 18:19:56] production.INFO: SchedulerManifest: event command='php' 'artisan' bingwa:fetch-airtime-balance expression=*/15 * * * *  
[2026-06-23 18:20:31] production.DEBUG: BackgroundTasks: found 4 schedule event(s)  
[2026-06-23 18:20:31] production.INFO: SchedulerManifest: event command='php' 'artisan' bingwa:heartbeat expression=*/15 * * * *  
[2026-06-23 18:20:31] production.INFO: SchedulerManifest: event command='php' 'artisan' bingwa:sync-transactions expression=*/5 * * * *  
[2026-06-23 18:20:31] production.INFO: SchedulerManifest: event command='php' 'artisan' bingwa:process-auto-renewals expression=*/5 * * * *  
[2026-06-23 18:20:31] production.INFO: SchedulerManifest: event command='php' 'artisan' bingwa:fetch-airtime-balance expression=*/15 * * * *  
[2026-06-23 18:21:05] production.DEBUG: BackgroundTasks: found 4 schedule event(s)  
[2026-06-23 18:21:05] production.INFO: SchedulerManifest: event command='php' 'artisan' bingwa:heartbeat expression=*/15 * * * *  
[2026-06-23 18:21:05] production.INFO: SchedulerManifest: event command='php' 'artisan' bingwa:sync-transactions expression=*/5 * * * *  
[2026-06-23 18:21:05] production.INFO: SchedulerManifest: event command='php' 'artisan' bingwa:process-auto-renewals expression=*/5 * * * *  
[2026-06-23 18:21:05] production.INFO: SchedulerManifest: event command='php' 'artisan' bingwa:fetch-airtime-balance expression=*/15 * * * *  
[2026-06-23 18:21:40] production.DEBUG: BackgroundTasks: found 4 schedule event(s)  
[2026-06-23 18:21:40] production.INFO: SchedulerManifest: event command='php' 'artisan' bingwa:heartbeat expression=*/15 * * * *  
[2026-06-23 18:21:40] production.INFO: SchedulerManifest: event command='php' 'artisan' bingwa:sync-transactions expression=*/5 * * * *  
[2026-06-23 18:21:40] production.INFO: SchedulerManifest: event command='php' 'artisan' bingwa:process-auto-renewals expression=*/5 * * * *  
[2026-06-23 18:21:40] production.INFO: SchedulerManifest: event command='php' 'artisan' bingwa:fetch-airtime-balance expression=*/15 * * * *  
[2026-06-23 18:22:15] production.DEBUG: BackgroundTasks: found 4 schedule event(s)  
[2026-06-23 18:22:15] production.INFO: SchedulerManifest: event command='php' 'artisan' bingwa:heartbeat expression=*/15 * * * *  
[2026-06-23 18:22:15] production.INFO: SchedulerManifest: event command='php' 'artisan' bingwa:sync-transactions expression=*/5 * * * *  
[2026-06-23 18:22:15] production.INFO: SchedulerManifest: event command='php' 'artisan' bingwa:process-auto-renewals expression=*/5 * * * *  
[2026-06-23 18:22:15] production.INFO: SchedulerManifest: event command='php' 'artisan' bingwa:fetch-airtime-balance expression=*/15 * * * *  
[2026-06-23 18:22:49] production.DEBUG: BackgroundTasks: found 4 schedule event(s)  
[2026-06-23 18:22:49] production.INFO: SchedulerManifest: event command='php' 'artisan' bingwa:heartbeat expression=*/15 * * * *  
[2026-06-23 18:22:49] production.INFO: SchedulerManifest: event command='php' 'artisan' bingwa:sync-transactions expression=*/5 * * * *  
[2026-06-23 18:22:49] production.INFO: SchedulerManifest: event command='php' 'artisan' bingwa:process-auto-renewals expression=*/5 * * * *  
[2026-06-23 18:22:49] production.INFO: SchedulerManifest: event command='php' 'artisan' bingwa:fetch-airtime-balance expression=*/15 * * * *  
[2026-06-23 18:23:24] production.DEBUG: BackgroundTasks: found 4 schedule event(s)  
[2026-06-23 18:23:24] production.INFO: SchedulerManifest: event command='php' 'artisan' bingwa:heartbeat expression=*/15 * * * *  
[2026-06-23 18:23:24] production.INFO: SchedulerManifest: event command='php' 'artisan' bingwa:sync-transactions expression=*/5 * * * *  
[2026-06-23 18:23:24] production.INFO: SchedulerManifest: event command='php' 'artisan' bingwa:process-auto-renewals expression=*/5 * * * *  
[2026-06-23 18:23:24] production.INFO: SchedulerManifest: event command='php' 'artisan' bingwa:fetch-airtime-balance expression=*/15 * * * *  
[2026-06-23 18:23:58] production.DEBUG: BackgroundTasks: found 4 schedule event(s)  
[2026-06-23 18:23:58] production.INFO: SchedulerManifest: event command='php' 'artisan' bingwa:heartbeat expression=*/15 * * * *  
[2026-06-23 18:23:58] production.INFO: SchedulerManifest: event command='php' 'artisan' bingwa:sync-transactions expression=*/5 * * * *  
[2026-06-23 18:23:58] production.INFO: SchedulerManifest: event command='php' 'artisan' bingwa:process-auto-renewals expression=*/5 * * * *  
[2026-06-23 18:23:58] production.INFO: SchedulerManifest: event command='php' 'artisan' bingwa:fetch-airtime-balance expression=*/15 * * * *  
[2026-06-23 18:24:33] production.DEBUG: BackgroundTasks: found 4 schedule event(s)  
[2026-06-23 18:24:33] production.INFO: SchedulerManifest: event command='php' 'artisan' bingwa:heartbeat expression=*/15 * * * *  
[2026-06-23 18:24:33] production.INFO: SchedulerManifest: event command='php' 'artisan' bingwa:sync-transactions expression=*/5 * * * *  
[2026-06-23 18:24:33] production.INFO: SchedulerManifest: event command='php' 'artisan' bingwa:process-auto-renewals expression=*/5 * * * *  
[2026-06-23 18:24:33] production.INFO: SchedulerManifest: event command='php' 'artisan' bingwa:fetch-airtime-balance expression=*/15 * * * *  
